ano_eleicao,sg_uf,sg_partido,nr_candidato,nm_candidato,vr_receita_recursos_partidos,prop_vr_receita_candidato,prop_votos_nominais_lag,negra,mulher
2022,DF,AGIR,3600,RAFAEL LOBO DANTAS,204130.0,0.21415252221062642,0.0,1.0,0.0
2022,DF,AGIR,3622,EMY APARECIDA DA SILVA LEITÃO,224540.0,0.23556462713552176,0.0,1.0,1.0
2022,DF,AGIR,3633,HEWERT RITCHARD DE MELO,5862.07,0.006149890147823675,0.0,,0.0
2022,DF,AGIR,3636,ADELSON FELIZARDO DA SILVA,172000.0,0.1804449802587946,0.0,,0.0
2022,DF,AGIR,3669,RIVANE LUCENA MELO PEDRA,5862.07,0.006149890147823675,0.0,0.0,1.0
2022,DF,AGIR,3677,SELMA APARECIDA DA COSTA DOS SANTOS,180000.0,0.18883777003827343,0.0,1.0,1.0
2022,DF,AGIR,3688,ALEX ALVES NEVES,154455.0,0.1620385431736751,0.0,,0.0
2022,DF,AGIR,3699,ATILA MAIA DA ROCHA,6350.0,0.006661776887461312,0.0,0.0,0.0
2022,DF,NOVO,3000,PAULO ROBERTO ROQUE ANTONIO KHOURI,201241.53,0.904662943688981,,,
2022,DF,NOVO,3001,JOSÉ FERREIRA NETO,3041.53,0.013672920709350335,0.0,0.0,0.0
2022,DF,NOVO,3020,VALTER SOARES SABOIA,3041.53,0.013672920709350335,0.0,1.0,0.0
2022,DF,NOVO,3030,RITA DE CÁSSIA ANTUNES GOMES MASCARENHAS,9041.53,0.040645373473617664,0.0,1.0,1.0
2022,DF,NOVO,3033,ELAYNE CRISTINA CACHEN GUIMARAES PINHEIRO RATTES,3041.53,0.013672920709350335,0.0,0.0,1.0
2022,DF,NOVO,3066,JORGE ERNESTO SANCHEZ RUIZ,3041.53,0.013672920709350335,0.0,0.0,0.0
2022,GO,PMN,3300,DIONI JOSÉ CORREA,15000.0,0.02127659574468085,0.0,1.0,0.0
2022,GO,PMN,3303,JOSÉ INÁCIO RODRIGUES DA SILVA,15000.0,0.02127659574468085,0.0,1.0,0.0
2022,GO,PMN,3307,DALGER BATISTA JUNQUEIRA JUNIOR,15000.0,0.02127659574468085,0.0,1.0,0.0
2022,GO,PMN,3311,ANDRÉ LUIZ DE SOUZA,15000.0,0.02127659574468085,0.0,1.0,0.0
2022,GO,PMN,3320,ALEX ANTONIO DOS REIS,15000.0,0.02127659574468085,0.0,0.0,0.0
2022,GO,PMN,3322,MARUZAN MARQUES DE JESUS RIBEIRO,15000.0,0.02127659574468085,0.0,1.0,0.0
2022,GO,PMN,3325,MARIA JOSÉ COSTA DA SILVA,20000.0,0.028368794326241134,0.0,1.0,1.0
2022,GO,PMN,3330,CARLOS AUGUSTO DE BASTOS RIOS,15000.0,0.02127659574468085,0.0,0.0,0.0
2022,GO,PMN,3333,CEZAR GONÇALVES GOMES,150000.0,0.2127659574468085,0.0,0.0,0.0
2022,GO,PMN,3340,RENATO RODRIGUES DA MATA,70000.0,0.09929078014184398,0.0,0.0,0.0
2022,GO,PMN,3344,MARIA  ILCA DE ALMEIDA OLIVEIRA,20000.0,0.028368794326241134,0.0,,1.0
2022,GO,PMN,3351,CLARETE APARECIDA DE ASSIS,20000.0,0.028368794326241134,0.0,1.0,1.0
2022,GO,PMN,3370,MONICA SANTOS PENTEADO DAHER,300000.0,0.425531914893617,0.0,0.0,1.0
2022,GO,PMN,3377,THALITA CHRISTINA LOPES DE OLIVEIRA,20000.0,0.028368794326241134,0.0,0.0,1.0
2022,MG,PDT,1200,MILTON DE FREITAS CARVALHO JUNIOR,350000.0,0.06232029442315005,0.0,0.0,0.0
2022,MG,PDT,1202,WILLIAM DE SOUZA JACOB,201666.12,0.03590826278164088,0.0,0.0,0.0
2022,MG,PDT,1203,EVÂNIA DE ARAUJO LIMA,21000.0,0.003739217665389003,0.0,1.0,1.0
2022,MG,PDT,1204,EDILEUZA MARIA DA SILVA,33025.73,0.005880494906112741,0.0,1.0,1.0
2022,MG,PDT,1205,EDER JÚNIOR ALVES,32158.82,0.005726134659145961,0.0,0.0,0.0
2022,MG,PDT,1207,ELISETE INÁCIO DOS SANTOS,30025.730000000003,0.005346320953914312,0.004993416639753559,1.0,1.0
2022,MG,PDT,1210,IRANI DA CRUZ,50025.73,0.008907480635237172,0.0,1.0,1.0
2022,MG,PDT,1211,CARLA VANESSA SERRANO FERREIRA,34025.73,0.006058552890178884,0.0,1.0,1.0
2022,MG,PDT,1212,DUDA SALABERT ROSA,1253571.66,0.2232084426620484,0.0,0.0,1.0
2022,MG,PDT,1213,FRANCISCO PEREIRA BORGES,37989.74,0.006764376519596915,0.0,1.0,0.0
2022,MG,PDT,1214,MARIA NILZA RAMOS FERREIRA,89368.73,0.015912815902351433,0.0,1.0,1.0
2022,MG,PDT,1215,JOÃO EVANGELISTA DOS SANTOS NETO,20000.0,0.00356115968132286,0.0,1.0,0.0
2022,MG,PDT,1216,JOÃO ALVES PEREIRA,9301.4,0.0016561885329928225,0.0,1.0,0.0
2022,MG,PDT,1218,JULIO CESAR GAMA,20037.519999999997,0.003567840416885021,0.0,,0.0
2022,MG,PDT,1220,SILVAMAR FRANCO,21410.12,0.003812242805814209,0.0,1.0,0.0
2022,MG,PDT,1221,JOSÉ GABRIEL VILAS BOAS,30000.0,0.00534173952198429,0.010318071530900388,1.0,0.0
2022,MG,PDT,1222,BRUNO GATTI BAVUZO COELHO PEREIRA,123736.12,0.022032204083366355,0.0,0.0,0.0
2022,MG,PDT,1223,JACKSON INACIO DE OLIVEIRA,33025.52,0.005880457513936086,0.0,0.0,0.0
2022,MG,PDT,1230,MIRIAN CRISTINA CORREA ALVES,604000.0,0.10754702237595036,0.0,1.0,1.0
2022,MG,PDT,1231,JACQUELINE CALIXTO BARBOSA DE JESUS,32025.72,0.005702435141466757,0.0,1.0,1.0
2022,MG,PDT,1233,KÁTIA GERALDA SILVA GOYATA,280000.0,0.04985623553852004,0.049209582722612805,1.0,1.0
2022,MG,PDT,1234,MÁRIO LÚCIO HERINGER,1249575.16,0.22249683392872807,0.368693016669565,0.0,0.0
2022,MG,PDT,1235,JOÃO PAULO FERREIRA ALBANO,8724.119999999999,0.0015533992199511192,0.0,0.0,0.0
2022,MG,PDT,1236,ANDERSON BRITO PEREIRA,18025.52,0.003209587752943942,0.0,1.0,0.0
2022,MG,PDT,1240,NILVAN JUSTINO MOREIRA BAETA,121724.12,0.021673951419425276,0.0,1.0,0.0
2022,MG,PDT,1241,MAERCIO ANTONIO DE OLIVEIRA,33025.52,0.005880457513936086,0.0,0.0,0.0
2022,MG,PDT,1244,IVAN DE ASSIS SOARES,51301.4,0.009134623863770829,0.0,1.0,0.0
2022,MG,PDT,1245,NADIR GRACIANO BRANDÃO,11724.119999999999,0.002087573172149548,0.006835929413128628,1.0,0.0
2022,MG,PDT,1247,ÉDIO VIEIRA DE SOUZA,19000.0,0.0033831016972567167,0.0,1.0,0.0
2022,MG,PDT,1250,ALEXANDRE MAGNUS MELO MARTINS,39178.82,0.006976101707290285,0.0,0.0,0.0
2022,MG,PDT,1251,DEUSDETE ANTÔNIO DE CARVALHO,5000.0,0.000890289920330715,0.0,0.0,0.0
2022,MG,PDT,1255,NEUZA APARECIDA FERREIRA ALVES,243571.41999999998,0.043369836021327816,0.0,0.0,1.0
2022,MG,PDT,1256,WANDERLEI FERNANDES BATISTA,14724.119999999999,0.002621747124347977,0.0,0.0,0.0
2022,MG,PDT,1258,LUCIANA APARECIDA ROQUE DE SÁ,8000.0,0.001424463872529144,0.001527836434551462,0.0,1.0
2022,MG,PDT,1260,LUIZ ALBERTO PIMENTA FELICIO DOS SANTOS,5000.0,0.000890289920330715,0.0,0.0,0.0
2022,MG,PDT,1262,MÁRCIA NONATO SILVEIRA,9000.0,0.0016025218565952869,0.0,1.0,1.0
2022,MG,PDT,1264,WALTER HERNAN PHILIPPSON GUZMAN,21025.519999999997,0.0037437617051423702,0.0,0.0,0.0
2022,MG,PDT,1265,ROSANE ALVES DA SILVA,22025.73,0.003921857081385168,0.0,0.0,1.0
2022,MG,PDT,1266,FERNANDO DE JESUS PEREIRA CAMPOS,0.0,0.0,0.0,0.0,0.0
2022,MG,PDT,1269,SIMONE DOS SANTOS PEREIRA,64368.729999999996,0.01146136630069786,0.0,1.0,1.0
2022,MG,PDT,1278,JOSIMAR JOSE ROCHA,20000.0,0.00356115968132286,0.0026374845767189194,0.0,0.0
2022,MG,PDT,1280,DELIO PINHEIRO NETO,281799.12,0.05017658321881312,0.0,0.0,0.0
2022,MG,PDT,1288,MACIEL MOREIRA DA SILVA,21724.12,0.003868153012810978,0.0,0.0,0.0
2022,MG,PDT,1290,ARLAN DIAS MARTINS,21236.12,0.0037812607165867004,0.0,0.0,0.0
2022,MG,PDT,1299,RAIMUNDO DE SOUZA ESTEVES,20000.0,0.00356115968132286,0.0,1.0,0.0
2022,MG,PROS,9000,ARNALDO GONTIJO DE FREITAS,700000.0,0.07668904597276596,0.0,0.0,0.0
2022,MG,PROS,9001,WELITON ROGÉRIO DE SOUZA BRAGA,120000.0,0.013146693595331308,0.0,1.0,0.0
2022,MG,PROS,9002,CAMILA GABRIELA DE LIMA GUILHERME,20013.15,0.002192556257728373,0.0,0.0,1.0
2022,MG,PROS,9003,ERIKA ROCHA ALVES PINTO RODRIGUES SOARES,200000.0,0.021911155992218847,0.0,1.0,1.0
2022,MG,PROS,9005,MARILDA MACIEL PASSOS,100013.15,0.01095701865461591,0.0,1.0,1.0
2022,MG,PROS,9006,JOSÉ CARLOS DE SOUZA,0.0,0.0,0.0,1.0,0.0
2022,MG,PROS,9007,ALCINDOR RIBEIRO DAMASCENO,220000.0,0.02410227159144073,0.0,1.0,0.0
2022,MG,PROS,9008,CARLOS ALBERTO MONTEIRO,15504.0,0.0016985528125168048,0.0,1.0,0.0
2022,MG,PROS,9009,EDER AUGUSTO COSTA,115000.0,0.012598914695525836,0.0,1.0,0.0
2022,MG,PROS,9010,GLAYSON MATIAS BARBOSA,75000.0,0.008216683497082067,0.0,1.0,0.0
2022,MG,PROS,9011,WANDERSON FERREIRA,35000.0,0.003834452298638298,0.0,0.0,0.0
2022,MG,PROS,9012,ELOÍSA RODRIGUES DA CUNHA,200013.15,0.021912596650725334,0.0,0.0,1.0
2022,MG,PROS,9013,RONALDO DORNELAS,40000.0,0.004382231198443769,0.0,0.0,0.0
2022,MG,PROS,9014,MARGARETH DIONISIA COSTA BRANCO,50000.0,0.005477788998054712,0.0,0.0,1.0
2022,MG,PROS,9015,GLAUSIANO SILVA DUARTE,15000.0,0.0016433366994164135,0.0,1.0,0.0
2022,MG,PROS,9018,CRISTIANE MENDES EUZÉBIO,135000.0,0.01479003029474772,0.0012191405059433099,1.0,1.0
2022,MG,PROS,9020,RUTE DA SILVA TEIXEIRA,75013.15,0.008218124155588554,0.0,1.0,1.0
2022,MG,PROS,9021,JACKELINE PANTOJA ARAUJO,50000.0,0.005477788998054712,0.0,0.0,1.0
2022,MG,PROS,9022,GUILHERME AUGUSTO MARTINS,35000.0,0.003834452298638298,0.0,1.0,0.0
2022,MG,PROS,9023,JOSÉ ROBERTO DE OLIVEIRA,65000.0,0.007121125697471125,0.0,0.0,0.0
2022,MG,PROS,9024,ALINE MARISCAL DOS SANTOS,225000.0,0.0246500504912462,0.0,1.0,1.0
2022,MG,PROS,9025,ROBERTO CARVALHO GOES,70000.0,0.007668904597276596,0.0,1.0,0.0
2022,MG,PROS,9030,BETHANIA REIS DE SOUZA GRACIOLI,180000.0,0.019720040392996963,0.0,0.0,1.0
2022,MG,PROS,9031,FÁBIO PEREIRA DA SILVA,60000.0,0.006573346797665654,0.0,1.0,0.0
2022,MG,PROS,9033,EDIVALDO MACHADO,105000.0,0.011503356895914894,0.0,1.0,0.0
2022,MG,PROS,9034,RICARDO GONÇALVES CAMPOS,25000.0,0.002738894499027356,0.0,0.0,0.0
2022,MG,PROS,9035,MÁRCIO HENRIQUE NOGUEIRA JORDÃO,35000.0,0.003834452298638298,0.0,1.0,0.0
2022,MG,PROS,9038,ALYSSON FELIPE ALVES GOMES,45000.0,0.004930010098249241,0.0,1.0,0.0
2022,MG,PROS,9040,JOÃO BATISTA DE OLIVEIRA,450000.0,0.0493001009824924,0.0,1.0,0.0
2022,MG,PROS,9044,LUIZ CLÁUDIO RIBEIRO,90000.0,0.009860020196498481,0.0,1.0,0.0
2022,MG,PROS,9045,JACQUELINE MARIA VERDE DE OLIVEIRA,150013.15,0.01643480765267062,0.0,1.0,1.0
2022,MG,PROS,9047,RANDOLFO JOSE BARBOSA,12500.0,0.001369447249513678,0.0,1.0,0.0
2022,MG,PROS,9050,WANDERSON SILVA GANDRA,450000.0,0.0493001009824924,0.0,1.0,0.0
2022,MG,PROS,9051,MARIA APARECIDA DA CUNHA SANGUINETE,100013.15,0.01095701865461591,0.0,1.0,1.0
2022,MG,PROS,9055,MARIA STELLA DE CARVALHO,133013.15,0.01457235939333202,0.0,1.0,1.0
2022,MG,PROS,9060,ALANDERSON DAMASCENO GOMIDE,45000.0,0.004930010098249241,0.0,,0.0
2022,MG,PROS,9066,MARIO JUSTINO DA SILVA,30000.0,0.003286673398832827,0.0,1.0,0.0
2022,MG,PROS,9069,LINDOMAR LISANDRO DE FREITAS,25000.0,0.002738894499027356,0.0,1.0,0.0
2022,MG,PROS,9070,ADRIANA MARRA DE PAULA,200000.0,0.021911155992218847,0.0,0.0,1.0
2022,MG,PROS,9072,PRISCILA SILVA MACHADO COELHO,80000.0,0.008764462396887537,0.0,0.0,1.0
2022,MG,PROS,9075,MARCEL AMORIM,25000.0,0.002738894499027356,0.0,,0.0
2022,MG,PROS,9077,ADRIANO CÂNDIDO DA SILVA,20000.0,0.0021911155992218843,0.0,0.0,0.0
2022,MG,PROS,9078,DALTO UMBERTO RODRIGUES,500000.0,0.05477788998054711,0.0,0.0,0.0
2022,MG,PROS,9080,DEVAND ANDRADE PEREIRA,40000.0,0.004382231198443769,0.0,0.0,0.0
2022,MG,PROS,9083,ANTÔNIO ALVES PEREIRA,20000.0,0.0021911155992218843,0.0,1.0,0.0
2022,MG,PROS,9088,CLEINES PINTO DE OLIVEIRA,105000.0,0.011503356895914894,0.0,1.0,0.0
2022,MG,PROS,9090,WELITON FERNANDES PRADO,2944148.0,0.32254843046089565,0.34542046979686336,1.0,0.0
2022,MG,PROS,9091,JACQUELINE LUCY DOS SANTOS,97513.15,0.010683129204713175,0.0,1.0,1.0
2022,MG,PROS,9093,PEDRO PAULO DE SOUZA,80000.0,0.008764462396887537,0.0,0.0,0.0
2022,MG,PROS,9094,POLYANE SILVA MELO,60013.15,0.006574787456172142,0.0,0.0,1.0
2022,MG,PROS,9096,EMILY LISLEY DA SILVA,350000.0,0.03834452298638298,0.0,0.0,1.0
2022,MG,PROS,9097,LINDOLFO ALVES DE CARVALHO NETO,30000.0,0.003286673398832827,0.0,1.0,0.0
2022,MG,PROS,9099,MOAMED RACHID GARIFF NOLETO DE QUEIROZ,80000.0,0.008764462396887537,0.0,0.0,0.0
2022,MG,PSC,2000,DUARTE EUSTÁQUIO GONÇALVES JUNIOR,800000.0,0.11970435866388539,0.0,0.0,0.0
2022,MG,PSC,2001,FABIO DE SOUZA SANTANA,10925.27,0.001634753048224734,0.0,1.0,0.0
2022,MG,PSC,2002,ALEXANDRE CÂNDIDO RODRIGUES,0.0,0.0,0.0,,0.0
2022,MG,PSC,2004,VITOR DA SILVA SEVERIANO,10000.0,0.0014963044832985673,0.0,1.0,0.0
2022,MG,PSC,2007,WALDONIR SOARES DE SOUZA,10925.27,0.001634753048224734,0.0,0.0,0.0
2022,MG,PSC,2008,TARCÍSIO PEREIRA DA COSTA,30925.27,0.004627362014821869,0.0,0.0,0.0
2022,MG,PSC,2009,ANA CLEYDE MOREIRA,10925.27,0.001634753048224734,0.0,1.0,1.0
2022,MG,PSC,2010,EDWARD DA SILVA RAMOS,30925.27,0.004627362014821869,0.0,0.0,0.0
2022,MG,PSC,2011,MARCUS VINICIUS DOS SANTOS BARBOSA,10000.0,0.0014963044832985673,0.0,1.0,0.0
2022,MG,PSC,2012,KATIA REGINA OLIVEIRA DIAS,1389000.0,0.207836692730171,0.0,0.0,1.0
2022,MG,PSC,2015,EUCLYDES MARCOS PETTERSEN NETO,2691000.0,0.40265553645564445,0.33250355075673116,0.0,0.0
2022,MG,PSC,2016,MARIA MARGARIDA BERNARDES,10000.0,0.0014963044832985673,0.0,1.0,1.0
2022,MG,PSC,2017,ALEXANDRE AUGUSTO SOUZA CARMO,10000.0,0.0014963044832985673,0.0,0.0,0.0
2022,MG,PSC,2018,ROGERIO CAMPOS MACHADO,70925.27,0.010612579948016138,0.0,0.0,0.0
2022,MG,PSC,2019,CINTHIA PINHEIRO AQUINO,5925.27,0.0008866008065754503,0.0,1.0,1.0
2022,MG,PSC,2020,FABIANO GALLETTI TOLENTINO,800000.0,0.11970435866388539,0.0,0.0,0.0
2022,MG,PSC,2022,ILACIR BICALHO DE BARROS,250000.0,0.03740761208246418,0.0,0.0,0.0
2022,MG,PSC,2025,MESSIAS LOPES FERREIRA,0.0,0.0,0.0,1.0,0.0
2022,MG,PSC,2030,ESTEVÃO PAULINO DOS SANTOS,70411.76,0.010535743216494272,0.0,1.0,0.0
2022,MG,PSC,2032,EVALDO FERREIRA ALVES,0.0,0.0,0.0,1.0,0.0
2022,MG,PSC,2033,JOSE GERALDO CALDEIRA,30925.27,0.004627362014821869,0.0,0.0,0.0
2022,MG,PSC,2034,ADEMIR SANTOS DE CARVALHO,30925.27,0.004627362014821869,0.0,,0.0
2022,MG,PSC,2035,ANTONIO EPAMINONDAS DE ARAÚJO,10000.0,0.0014963044832985673,0.0,0.0,0.0
2022,MG,PSC,2037,CLAUDIA RIBEIRO DE SOUZA,10925.27,0.001634753048224734,0.0,0.0,1.0
2022,MG,PSC,2038,ROQUE SALDANHA ROSA,0.0,0.0,0.0,1.0,0.0
2022,MG,PSC,2040,OSWALDO BENTO PEREIRA SANCHES,925.27,0.00013844856492616653,0.0,1.0,0.0
2022,MG,PSC,2043,MICHELE CARDOSO GOMES DE FARIA,10000.0,0.0014963044832985673,0.0,,1.0
2022,MG,PSC,2044,MÁRCIO CHALEGRE COIMBRA,0.0,0.0,0.0,0.0,0.0
2022,MG,PSC,2045,RAILAND MARTINS,0.0,0.0,0.0,1.0,1.0
2022,MG,PSC,2047,KERLEY CRISTINA PEREIRA GOMES,15925.27,0.0023829052898740174,0.0,,1.0
2022,MG,PSC,2050,LUCIA DE FATIMA TEIXEIRA CORRADO,50925.27,0.007619970981419003,0.0,0.0,1.0
2022,MG,PSC,2055,AUCIONI RUFINO DE SOUZA,100513.51,0.015039881564507538,0.0,0.0,1.0
2022,MG,PSC,2058,GLEICE KELLY DA SILVA OLIVEIRA,10925.27,0.001634753048224734,0.0,1.0,1.0
2022,MG,PSC,2065,ALINE DA SILVA PEDRO,10925.27,0.001634753048224734,0.0,1.0,1.0
2022,MG,PSC,2066,CLÁUDIO GOMES FERNANDES,10000.0,0.0014963044832985673,0.0,1.0,0.0
2022,MG,PSC,2070,MAGNUS CARLO DE OLIVEIRA COSTA,10925.27,0.001634753048224734,0.0,0.0,0.0
2022,MG,PSC,2075,FLÁVIO DUTRA DE SOUZA TEIXEIRA,925.27,0.00013844856492616653,0.0,1.0,0.0
2022,MG,PSC,2076,LEONARDO COSTA SCOTTINI,925.27,0.00013844856492616653,0.0,0.0,0.0
2022,MG,PSC,2077,ARANÍSIO JOAQUIM MARTINS JUNIOR,75925.27,0.011360732189665422,0.0,0.0,0.0
2022,MG,PSC,2078,VALERIA MARIA SANTANA,10925.27,0.001634753048224734,0.0,1.0,1.0
2022,MG,PSC,2080,CLEBER DORCELINO DE SOUZA,10000.0,0.0014963044832985673,0.0,1.0,0.0
2022,MG,PSC,2083,HELENA DOS SANTOS MORAES,30925.27,0.004627362014821869,0.0,1.0,1.0
2022,MG,PSC,2089,DARCILENE DE JESUS COSTA,15925.27,0.0023829052898740174,0.0,1.0,1.0
2022,MG,PSC,2095,RICARDO MIGUEL ANDRADE,10925.27,0.001634753048224734,0.0,0.0,0.0
2022,MG,PSC,2099,WILSON PESSOA DE CARVALHO,10925.27,0.001634753048224734,0.0,0.0,0.0
2022,MT,PDT,1200,RODRIGO OLIVEIRA DA SILVA,7000.0,0.0440251572327044,0.0,1.0,0.0
2022,MT,PDT,1212,VINICIUS MODOLO TEIXEIRA,22500.0,0.14150943396226415,0.0,0.0,0.0
2022,MT,PDT,1216,MARA RUBIA GARCIA BADAN,18500.0,0.11635220125786164,0.0,0.0,1.0
2022,MT,PDT,1221,WAGNER JOSÉ DOS SANTOS,18500.0,0.11635220125786164,0.0,,0.0
2022,MT,PDT,1225,LUCIO WA ANE TEROWA A,18500.0,0.11635220125786164,0.0,0.0,0.0
2022,MT,PDT,1234,ROBERTINO FRANCISCO SOBRINHO,18500.0,0.11635220125786164,0.0,0.0,0.0
2022,MT,PDT,1242,JESSICA FERNANDA FERREIRA DA SILVA,18500.0,0.11635220125786164,0.0,1.0,1.0
2022,MT,PDT,1255,MARCELO TERRA DE ALMEIDA,18500.0,0.11635220125786164,0.0,0.0,0.0
2022,MT,PDT,1280,AMARANTHA TATYS PEREIRA PINTO,18500.0,0.11635220125786164,0.0,1.0,1.0
2022,PE,MDB,1500,NÉLIO FERNANDO DA FONSECA AGUIAR E SILVA,161200.0,0.01762240327820429,0.0,0.0,0.0
2022,PE,MDB,1501,MARCELO DO NASCIMENTO SILVA,92600.0,0.010123043074204202,0.0,,0.0
2022,PE,MDB,1502,ELIAS GOMES DA SILVA,1300001.0,0.14211626478950903,0.0,1.0,0.0
2022,PE,MDB,1505,GEOVANE JOVINO DA SILVA,400000.0,0.043728047836735215,0.0,1.0,0.0
2022,PE,MDB,1507,SIMONE MARIA DE SOUZA LINS,70000.0,0.007652408371428662,0.0,1.0,1.0
2022,PE,MDB,1510,SINÉSIO MONTEIRO DE MELO FILHO,84800.0,0.009270346141387865,0.0,0.0,0.0
2022,PE,MDB,1513,ANTÔNIO MARCOS CARDOSO VILAR DE CARVALHO,89800.0,0.009816946739347056,0.0,0.0,0.0
2022,PE,MDB,1515,RAUL JEAN LOUIS HENRY JÚNIOR,2614246.0,0.2857896853624842,0.9996461833455077,0.0,0.0
2022,PE,MDB,1516,SEVERINO DE SOUZA SILVA,550000.0,0.06012606577551092,0.0,0.0,0.0
2022,PE,MDB,1521,CANDIDA VALÉRIA SANTOS BOMFIM,300000.0,0.03279603587755141,0.0,0.0,1.0
2022,PE,MDB,1522,ANTÔNIO GERALDO RODRIGUES DA SILVA FILHO,1000000.0,0.10932011959183803,0.0,0.0,0.0
2022,PE,MDB,1533,IRINALDO JOÃO DA SILVA,110200.0,0.01204707717902055,0.0,1.0,0.0
2022,PE,MDB,1544,LEDJA CIBELLE ALBUQUERQUE DANTAS,60000.0,0.006559207175510282,0.0,1.0,1.0
2022,PE,MDB,1554,RITCHELLE JENSEN DOS SANTOS,60000.0,0.006559207175510282,0.0,1.0,1.0
2022,PE,MDB,1555,IZA PAULA DE DEUS E MELLO ALBUQUERQUE ARRUDA,800000.0,0.08745609567347043,0.0,0.0,1.0
2022,PE,MDB,1565,CLÉTO CORREIA LIMA JÚNIOR,504800.0,0.055184796369959835,0.0,1.0,0.0
2022,PE,MDB,1577,GERALDO TAVARES DA SILVA,89800.0,0.009816946739347056,0.0,1.0,0.0
2022,PE,MDB,1580,PRISCILA ARAÚJO FERRAZ,700000.0,0.07652408371428662,0.0,1.0,1.0
2022,PE,MDB,1588,SANDRA REGINA DA SILVA LIMA,100000.0,0.010932011959183804,0.0,1.0,1.0
2022,PE,MDB,1599,GERCINA MARIA BARBOSA DE OLIVEIRA,60000.0,0.006559207175510282,0.0,1.0,1.0
2022,PR,PRTB,2800,DEGMAR FONTES LOPES,4199.37,0.06919574408695453,0.0,0.0,1.0
2022,PR,PRTB,2802,JOSE AMERICO PEREIRA ALVIM,0.0,0.0,0.0,0.0,0.0
2022,PR,PRTB,2810,ANTONIO CARLOS MACHADO,0.0,0.0,0.0,0.0,0.0
2022,PR,PRTB,2811,ANTONIO SELEME NETO,4199.37,0.06919574408695453,0.0,0.0,0.0
2022,PR,PRTB,2815,CARLOS ROBERTO FERREIRA BASTO,4199.37,0.06919574408695453,0.0,1.0,0.0
2022,PR,PRTB,2820,JAIME JOAO DE OLIVEIRA,4199.37,0.06919574408695453,0.0,1.0,0.0
2022,PR,PRTB,2821,NOEL LEOZI PORTES,0.0,0.0,0.0,0.0,0.0
2022,PR,PRTB,2828,ADALMO ROMILSON ALVES,4581.13,0.07548625129699693,0.0,,0.0
2022,PR,PRTB,2832,SANDRA MARCIA DA SILVA,4581.13,0.07548625129699693,0.0,0.0,1.0
2022,PR,PRTB,2842,MAURICIO DE SOUZA SANTOS,4199.37,0.06919574408695453,0.0,0.0,0.0
2022,PR,PRTB,2846,DIOFANO FELIX DA SILVA,3042.38,0.0501312691892519,0.0,0.0,0.0
2022,PR,PRTB,2855,MARIA CANDIDA DE OLIVEIRA,4581.13,0.07548625129699693,0.0,0.0,1.0
2022,PR,PRTB,2875,ANTONIO WILSON CORDEIRO DE LIMA,0.0,0.0,0.0,0.0,0.0
2022,PR,PRTB,2887,RUBYA SOUZA COLFERAI,18324.52,0.3019450051879877,0.0,0.0,1.0
2022,PR,PRTB,2899,ELISANGELA DE PAULA E SILVA,4581.13,0.07548625129699693,0.0,0.0,1.0
2022,RJ,PTB,1400,ROSANGELA PEÇANHA DA SILVA BRITO DOS SANTOS,16670.0,0.0023129385135265868,0.0,,1.0
2022,RJ,PTB,1401,REGINA CÉLIA DE SOUZA BENTO SEQUEIRA,18200.0,0.002525223812008631,0.0,,1.0
2022,RJ,PTB,1402,DANIEL DA SILVA MOFACTO,29540.0,0.004098632494875547,0.0,,0.0
2022,RJ,PTB,1404,VALERIA CRISTINA ANTUNES THOME  FERREIRA,20160.0,0.0027971709917634065,0.0,,1.0
2022,RJ,PTB,1405,ANA PAULA GOLDBACH,21115.0,0.0029296758676133103,0.0,,1.0
2022,RJ,PTB,1406,CAROLINE ARIEL KIMBERLY MARTINS LEITE,18815.0,0.0026105541770847468,0.0,0.0,1.0
2022,RJ,PTB,1407,CASSIO VINICIUS LOPES PORTES,0.0,0.0,0.0,,0.0
2022,RJ,PTB,1410,PAULO SERGIO CORREIA DE QUEIROZ,8815.0,0.0012230685660909936,0.0,0.0,0.0
2022,RJ,PTB,1411,ALESSANDRE ALEX PEREIRA DOMINGUES,12305.0,0.0017073010443278134,0.0,0.0,0.0
2022,RJ,PTB,1412,ROBERTO LUCIO CERDEIRA,11115.0,0.0015421902566195567,0.0,,0.0
2022,RJ,PTB,1413,AUGUSTO ANTONIO DOS SANTOS,0.0,0.0,0.0,,0.0
2022,RJ,PTB,1414,LILIAM SÁ DE PAULA,459606.55,0.0637697474843481,0.0,,1.0
2022,RJ,PTB,1415,RITA DE CASSIA SILVA DA ROSA DOS SANTOS,21115.0,0.0029296758676133103,0.0,,1.0
2022,RJ,PTB,1416,RENATO CORREA CAMPELLO,10520.0,0.0014596348627654286,0.0,1.0,0.0
2022,RJ,PTB,1417,RAQUEL MACIEL DA SILVA,25900.0,0.0035935877324738213,0.0,,1.0
2022,RJ,PTB,1420,ANA PAULA DA SILVA ANDRADE,15900.0,0.002206102121480068,0.0,,1.0
2022,RJ,PTB,1422,SERGIO RICARDO LOPES DE SOUZA,360520.0,0.05002163124754679,0.0,,0.0
2022,RJ,PTB,1423,MANOEL MARINHO DE SOUZA,8815.0,0.0012230685660909936,0.0,,0.0
2022,RJ,PTB,1426,DENILSON ALVES PASSOS,11115.0,0.0015421902566195567,0.0,,0.0
2022,RJ,PTB,1427,AURORA DA SILVA RIBEIRO,18200.0,0.002525223812008631,0.0,,1.0
2022,RJ,PTB,1430,SAMUEL SIQUEIRA DA SILVA,54540.0,0.0075673465223599305,0.0,,0.0
2022,RJ,PTB,1431,SILVIO LUIZ FERNANDES DE CASTRO,8815.0,0.0012230685660909936,0.0,,0.0
2022,RJ,PTB,1433,CARLOS ROBERTO RODRIGUES,353775.0,0.049085772202931505,0.0,,0.0
2022,RJ,PTB,1434,JOÃO ROBERTO AVILA GOULART,5900.0,0.0008186165104863144,0.0,,0.0
2022,RJ,PTB,1435,JÔNATHAS DA ROCHA AMÂNCIO,11115.0,0.0015421902566195567,0.0,,0.0
2022,RJ,PTB,1440,RENATA MONTEIRO HENRIQUE,20160.0,0.0027971709917634065,0.0,0.0,1.0
2022,RJ,PTB,1441,PAOLA DA SILVA DANIEL,1111871.0,0.15427050137812354,0.0,,1.0
2022,RJ,PTB,1444,JOYCE ALBUQUERQUE DA ROCHA LEITE,622815.0,0.08641468508110745,0.0,0.0,1.0
2022,RJ,PTB,1445,FLAVIO PACCA CASTELLO BRANCO,29540.0,0.004098632494875547,0.0,,0.0
2022,RJ,PTB,1450,ANTÔNIO LUIZ MASCIA BARRETO,11115.0,0.0015421902566195567,0.0,,0.0
2022,RJ,PTB,1451,GLAUCIO MARCELO FONSECA DA SILVA,8970.0,0.0012445745930613967,0.0,,0.0
2022,RJ,PTB,1454,BENEDITO MENDES BRANDÃO,6670.0,0.0009254529025328334,0.0,,0.0
2022,RJ,PTB,1455,CARLOS CORREIA JUNIOR,5305.0,0.0007360611166321861,0.0,,0.0
2022,RJ,PTB,1461,EDNARDO DAVILA MELLO RAPOSO,30000.0,0.00416245683298126,0.0,,0.0
2022,RJ,PTB,1465,ROSELENE MARTINS CARNEIRO LEITE,15305.0,0.0021235467276259396,0.0,1.0,1.0
2022,RJ,PTB,1466,LEONARDO FURTADO MAGALHAES,8970.0,0.0012445745930613967,0.0,,0.0
2022,RJ,PTB,1467,CHARLES MAURÍCIO DA SILVA,21115.0,0.0029296758676133103,0.0,,0.0
2022,RJ,PTB,1470,LUCAS HENRIQUE FEITOSA DE MATTOS,12305.0,0.0017073010443278134,0.0,,0.0
2022,RJ,PTB,1474,ELIAS MIGUEL,6515.0,0.0009039468755624303,0.0,,0.0
2022,RJ,PTB,1475,AROLDO DE SOUZA NASCIMENTO,6670.0,0.0009254529025328334,0.0,,0.0
2022,RJ,PTB,1476,PEDRO RIBEIRO FERREIRA,18770.0,0.002604310491835275,0.0,,0.0
2022,RJ,PTB,1477,JOEL BITENCOURT SERRA,352552.5,0.04891615208698752,0.0,,0.0
2022,RJ,PTB,1478,PETER SALOMÃO BUARQUE DO ESPÍRITO SANTO,39390.0,0.005465305821704394,0.0,,0.0
2022,RJ,PTB,1484,MARCUS VINICIUS DE VASCONCELOS FERREIRA,3038706.0,0.4216160851040384,0.0,,0.0
2022,RJ,PTB,1488,JORGE LUIS DE ALMEIDA JUNIOR,26685.0,0.003702505352936831,0.0,,0.0
2022,RJ,PTB,1490,ADALBERTO DE SOUZA RABELO,19540.0,0.002711146883881794,0.0,1.0,0.0
2022,RJ,PTB,1492,JULLIENE CABRAL SALVIANO DA SILVA,271740.9,0.037703658866849246,0.0,,1.0
2022,SP,AGIR,3601,SUELI DOS SANTOS SILVA BARBOSA,0.0,0.0,0.0,1.0,1.0
2022,SP,AGIR,3602,ADEMIR RODRIGO DA LUZ,30000.0,0.01353104200321845,0.0,1.0,0.0
2022,SP,AGIR,3603,LEONILDE RUFINO DE SENA HINA,0.0,0.0,0.0,0.0,1.0
2022,SP,AGIR,3604,GERALDO RODRIGUES GUILHERME,5000.0,0.002255173667203075,0.0,1.0,0.0
2022,SP,AGIR,3606,ADELSON DE SOUZA PENHA,0.0,0.0,0.0,0.0,0.0
2022,SP,AGIR,3607,ANDRÉ ALMEIDA MILIAN,0.0,0.0,0.0,0.0,0.0
2022,SP,AGIR,3609,FABIO DE VASCONCELOS LIMA,0.0,0.0,0.0,0.0,0.0
2022,SP,AGIR,3610,MOACIR RODRIGUES FERNANDES,10000.0,0.00451034733440615,0.0,0.0,0.0
2022,SP,AGIR,3611,JURACY FRANCISCO DE JESUS,50000.0,0.02255173667203075,0.0,1.0,0.0
2022,SP,AGIR,3613,RICARDO FASSIO CAVALCANTE CUNHA,0.0,0.0,0.223522071439713,0.0,0.0
2022,SP,AGIR,3614,ELIANA OLIVEIRA DE LIMA,25000.0,0.011275868336015375,0.0,0.0,1.0
2022,SP,AGIR,3615,LUIZ CARLOS RAMOS ARRUDA DA SILVA,10000.0,0.00451034733440615,0.0,1.0,0.0
2022,SP,AGIR,3616,WALTER AGUIAR DE CARVALHO JUNIOR,10000.0,0.00451034733440615,0.0,0.0,0.0
2022,SP,AGIR,3617,ROBSON INACIO GOMES,20000.0,0.0090206946688123,0.0,1.0,0.0
2022,SP,AGIR,3618,WILKY ANDRADE OKAGAWA,5000.0,0.002255173667203075,0.0,0.0,0.0
2022,SP,AGIR,3620,CLAUDIO SIDNEI RIBEIRO,30000.0,0.01353104200321845,0.0,1.0,0.0
2022,SP,AGIR,3621,JONAS AUGUSTO MIGUEL MACHADO,5000.03,0.002255187198245078,0.0,0.0,0.0
2022,SP,AGIR,3622,REYNALDO CAMPANATTI PEREIRA,50000.0,0.02255173667203075,0.0,0.0,0.0
2022,SP,AGIR,3623,SÔNIA MELHADO DE MORAIS,10000.0,0.00451034733440615,0.0,0.0,1.0
2022,SP,AGIR,3624,LUCIANE SANDRA CAMBUIM,5000.0,0.002255173667203075,0.0,0.0,1.0
2022,SP,AGIR,3625,EDVALDO RANZANI CARLOS,0.0,0.0,0.0,1.0,0.0
2022,SP,AGIR,3626,JOSÉ AUGUSTINHO DOS SANTOS,0.0,0.0,0.0,0.0,0.0
2022,SP,AGIR,3628,VIVIANE RODRIGUES DA SILVA AUGUSTO,5000.0,0.002255173667203075,0.0,0.0,1.0
2022,SP,AGIR,3633,LILIANE NUNES DE CARVALHO DOS SANTOS,100000.0,0.0451034733440615,0.0,1.0,1.0
2022,SP,AGIR,3634,JOSE CICERO DE OLIVEIRA,0.0,0.0,0.0,1.0,0.0
2022,SP,AGIR,3635,JOSE MANOEL DE LIRA FILHO,5000.0,0.002255173667203075,0.0,1.0,0.0
2022,SP,AGIR,3636,CARLOS ROBERTO DE ALMEIDA,1552124.0,0.7000618346067811,0.0,0.0,0.0
2022,SP,AGIR,3637,IRIS MARIA BARROS DE BRITO,10000.0,0.00451034733440615,0.0,0.0,1.0
2022,SP,AGIR,3638,ROBERTO DE PAULA SOUZA,0.0,0.0,0.0,1.0,0.0
2022,SP,AGIR,3639,GILBERTO SILVA LIMA,5000.0,0.002255173667203075,0.0,1.0,0.0
2022,SP,AGIR,3640,GONZAGA MENDES DE OLIVEIRA,10000.0,0.00451034733440615,0.0,0.0,0.0
2022,SP,AGIR,3642,SOLANGE APARECIDA FERREIRA DOS SANTOS,0.0,0.0,0.0,1.0,1.0
2022,SP,AGIR,3644,ELIANE CRISTINA GANZAROLI DA SILVA,10000.0,0.00451034733440615,0.0,0.0,1.0
2022,SP,AGIR,3646,JOSÉ PAULO DE MENDONÇA LEMOS,0.0,0.0,0.0,0.0,0.0
2022,SP,AGIR,3647,DEBORAH SOARES RESEK,5000.0,0.002255173667203075,0.0,0.0,1.0
2022,SP,AGIR,3650,ALLAN SERGIO NASCIMENTO,5000.0,0.002255173667203075,0.0,0.0,0.0
2022,SP,AGIR,3653,CARLOS HENRIQUE DARDE,0.0,0.0,0.0,0.0,0.0
2022,SP,AGIR,3654,JOSE GERALDO DE CARVALHO,5000.0,0.002255173667203075,0.0,1.0,0.0
2022,SP,AGIR,3656,RENE ROSA,10000.01,0.004510351844753484,0.0,0.0,0.0
2022,SP,AGIR,3659,LUCIANO UBIRAJARA NASSAR,5000.0,0.002255173667203075,0.0,0.0,0.0
2022,SP,AGIR,3660,SIONEIA APARECIDA DE MELLO,10000.0,0.00451034733440615,0.0,,1.0
2022,SP,AGIR,3661,ROBERVAL BARBOSA DE JESUS,10000.06,0.004510374396490156,0.0,1.0,0.0
2022,SP,AGIR,3662,CICERO SANTANA DA SILVA,0.0,0.0,0.0,1.0,0.0
2022,SP,AGIR,3663,ELIAS TEIXEIRA,0.0,0.0,0.0,0.0,0.0
2022,SP,AGIR,3664,PAULO EDUARDO DE PAULA,0.0,0.0,0.0,1.0,0.0
2022,SP,AGIR,3665,EMERSON VIRGILIO VENANCIO,5000.0,0.002255173667203075,0.0,0.0,0.0
2022,SP,AGIR,3666,DENILCE JOSEFINA NICOLA,10000.0,0.00451034733440615,0.0,0.0,1.0
2022,SP,AGIR,3667,ROMULO APARECIDO SENNA DE SOUZA,0.0,0.0,0.0,0.0,0.0
2022,SP,AGIR,3668,ROBSON DE LIMA,0.0,0.0,0.0,1.0,0.0
2022,SP,AGIR,3669,EDER SOLDERA BORGHETTI,0.0,0.0,0.0,0.0,0.0
2022,SP,AGIR,3670,NATANAEL RODRIGUES DE PAULA,0.0,0.0,0.0,0.0,0.0
2022,SP,AGIR,3671,RICARDO DE DEUS ANDRADE,0.0,0.0,0.0,0.0,0.0
2022,SP,AGIR,3672,SEVERINO DE OLIVEIRA MELO,0.0,0.0,0.0,0.0,0.0
2022,SP,AGIR,3674,DAGMAR PEREIRA DE SOUZA MOITINHO DE LIMA CRUZ,10000.0,0.00451034733440615,0.0,0.0,1.0
2022,SP,AGIR,3675,EDER DIAS MASCARENHAS,30000.0,0.01353104200321845,0.0,0.0,0.0
2022,SP,AGIR,3676,FLAVIO ROBERTO CASIMIRO,30000.0,0.01353104200321845,0.0,0.0,0.0
2022,SP,AGIR,3677,KELLY PIRES FREITAS,0.0,0.0,0.0,0.0,1.0
2022,SP,AGIR,3678,SAULO GOES DE ALBUQUERQUE,0.0,0.0,0.0,0.0,0.0
2022,SP,AGIR,3679,VERA LÚCIA SANTOS DE FRANÇA,0.0,0.0,0.0,1.0,1.0
2022,SP,AGIR,3680,CARLOS ALBERTO CANTELLI,50000.0,0.02255173667203075,0.0,0.0,0.0
2022,SP,AGIR,3681,JENNIFER ADRIELI CERQUEIRA LEITE LOPES,5000.0,0.002255173667203075,0.0,1.0,1.0
2022,SP,AGIR,3683,MARIA PAULA MILLEN BARCELLOS,10000.0,0.00451034733440615,0.0,0.0,1.0
2022,SP,AGIR,3685,MARCOS DE BARROS GABRIEL,5000.0,0.002255173667203075,0.0,1.0,0.0
2022,SP,AGIR,3686,JULIANO TAKESHI KOCHI,5000.05,0.002255196218939747,0.0,1.0,0.0
2022,SP,AGIR,3688,MARIO JOSE DE SOUZA,5000.0,0.002255173667203075,0.0,0.0,0.0
2022,SP,AGIR,3689,MANOEL DOS SANTOS SILVA IRMAO,5000.0,0.002255173667203075,0.0,,0.0
2022,SP,AGIR,3697,MARIA MIRTES LOPES DA SILVA CAMELO,5000.0,0.002255173667203075,0.0,1.0,1.0
2022,SP,AGIR,3699,ANTONIO CARLOS TONINI,30000.0,0.01353104200321845,0.0,0.0,0.0
2022,SP,NOVO,3000,ALEXIS JOSEPH STEVERLYNCK FONTEYNE,43241.53,0.18846759474520028,0.062228767445087214,0.0,0.0
2022,SP,NOVO,3001,MARINA HELENA CUNHA PEREIRA SANTOS,40000.0,0.17433943224969173,,,
2022,SP,NOVO,3002,HELCIO FREIRE DO CARMO,1241.5300000000002,0.005411190883023995,0.0,0.0,0.0
2022,SP,NOVO,3003,CLEVERSON FIUZA ALVES,1241.5300000000002,0.005411190883023995,0.0020936165302289926,0.0,0.0
2022,SP,NOVO,3004,ADILSON DE BRITO FARIAS,1241.5300000000002,0.005411190883023995,0.0,0.0,0.0
2022,SP,NOVO,3005,THIAGO IMBERNOM,1241.5300000000002,0.005411190883023995,0.0,0.0,0.0
2022,SP,NOVO,3007,VLADIMIR FRANCISCHINELLI ARRUDA LEITE,1241.5300000000002,0.005411190883023995,0.0,0.0,0.0
2022,SP,NOVO,3008,ADAMARIO MAXIMO DOS SANTOS FILHO,1241.5300000000002,0.005411190883023995,0.0,1.0,0.0
2022,SP,NOVO,3010,HUMBERTO JANTIM NETO,1241.5300000000002,0.005411190883023995,0.0,0.0,0.0
2022,SP,NOVO,3011,DANILO HENRIQUE PEREIRA DAVID,1241.5300000000002,0.005411190883023995,0.0,0.0,0.0
2022,SP,NOVO,3012,ANTONIO CARLOS DA MOTTA,1241.5300000000002,0.005411190883023995,0.0,0.0,0.0
2022,SP,NOVO,3014,SANDRA CAMARINHO DE MACEDO,1241.5300000000002,0.005411190883023995,0.0,0.0,1.0
2022,SP,NOVO,3015,CIBELE FRANCO NAZARETH,1241.5300000000002,0.005411190883023995,0.0,0.0,1.0
2022,SP,NOVO,3016,CELSO HENRIQUE DE OLIVEIRA,1241.5300000000002,0.005411190883023995,0.0,0.0,0.0
2022,SP,NOVO,3017,LILIAN MARIA COSTA MANSUR ANDRADE,1241.5300000000002,0.005411190883023995,0.0,0.0,1.0
2022,SP,NOVO,3018,JANIEIRE MARIA SILVA,1241.5300000000002,0.005411190883023995,0.0,0.0,1.0
2022,SP,NOVO,3019,JANAINA MACEDO CALVO,1241.5300000000002,0.005411190883023995,0.0,0.0,1.0
2022,SP,NOVO,3020,MAURICIO RAPPA SANTOS,1241.5300000000002,0.005411190883023995,0.0,0.0,0.0
2022,SP,NOVO,3021,MARCO ANTONIO DE SOUZA PINTO,1241.5300000000002,0.005411190883023995,0.006173695988746124,0.0,0.0
2022,SP,NOVO,3022,FATIMA REGINA PORTELLA OLIVEIRA,1241.5300000000002,0.005411190883023995,0.01044335489685092,0.0,1.0
2022,SP,NOVO,3023,VINICIUS MANGABEIRA CARINI,1241.5300000000002,0.005411190883023995,0.0,0.0,0.0
2022,SP,NOVO,3024,MARIA DE FÁTIMA PAULA BAULÉ,1241.5300000000002,0.005411190883023995,0.0,0.0,1.0
2022,SP,NOVO,3026,PAULO EDUARDO BRAZILINO,1241.5300000000002,0.005411190883023995,0.0,1.0,0.0
2022,SP,NOVO,3028,THIAGO BONFIM DE OLIVEIRA,1241.5300000000002,0.005411190883023995,0.0,0.0,0.0
2022,SP,NOVO,3030,ADRIANA MIGUEL VENTURA,46841.53,0.20415814364767254,0.0883893577240575,0.0,1.0
2022,SP,NOVO,3031,ANDRÉA DE OLIVEIRA MORAES,1241.5300000000002,0.005411190883023995,0.0,0.0,1.0
2022,SP,NOVO,3032,MARCOS ANTONIO DE CARVALHO LUCAS,1241.5300000000002,0.005411190883023995,0.0,0.0,0.0
2022,SP,NOVO,3033,FÁBIO ISSA ZAN,1241.5300000000002,0.005411190883023995,0.0,0.0,0.0
2022,SP,NOVO,3034,FABIO RENATO DE SOUSA FERREIRA,1241.5300000000002,0.005411190883023995,0.0,0.0,0.0
2022,SP,NOVO,3035,SUELEN DE SOUZA LAZARINI,1241.5300000000002,0.005411190883023995,0.0,0.0,1.0
2022,SP,NOVO,3037,PAULO PROIETI,1241.5300000000002,0.005411190883023995,0.0,1.0,0.0
2022,SP,NOVO,3040,CESAR MAX DE LIMA VIEIRA,1241.5300000000002,0.005411190883023995,0.0,0.0,0.0
2022,SP,NOVO,3041,ALEXANDRE MENDES PINHEIRO,1241.5300000000002,0.005411190883023995,0.0,0.0,0.0
2022,SP,NOVO,3044,ANA LUIZA HATIKIAN NEGRAO PASSOS,1241.5300000000002,0.005411190883023995,0.0,0.0,1.0
2022,SP,NOVO,3045,PEDRO LUIS VAZ DE LIMA MATTOS,1241.5300000000002,0.005411190883023995,0.0,0.0,0.0
2022,SP,NOVO,3047,RAFAEL DOS ANJOS SILVA,1805.8600000000001,0.007870815178060708,0.0,0.0,0.0
2022,SP,NOVO,3050,RODRIGO TAVANO,1241.5300000000002,0.005411190883023995,0.0,0.0,0.0
2022,SP,NOVO,3051,WALTER FERNANDES DA SILVA,1241.5300000000002,0.005411190883023995,0.0,0.0,0.0
2022,SP,NOVO,3055,FERNANDO HOLIDAY SILVA BISPO,34230.53,0.149193279145151,0.0,1.0,0.0
2022,SP,NOVO,3056,ALESSANDRA REGINA VERGILIO,1241.5300000000002,0.005411190883023995,0.0,0.0,1.0
2022,SP,NOVO,3058,RENATO MOTTA BICUDO GUIMARÃES E SILVA,1241.5300000000002,0.005411190883023995,0.0,0.0,0.0
2022,SP,NOVO,3060,PEDRO AUGUSTO LIA TEDDE,1241.5300000000002,0.005411190883023995,0.0,0.0,0.0
2022,SP,NOVO,3066,JÚLIO CÉSAR GUIDETTE LUCANTE SALDANHA,1241.5300000000002,0.005411190883023995,0.0,0.0,0.0
2022,SP,NOVO,3067,MARILZA DE FATIMA RUFINO,1241.5300000000002,0.005411190883023995,0.0,1.0,1.0
2022,SP,NOVO,3068,DANILO DA CUNHA BARBOSA,1241.5300000000002,0.005411190883023995,0.0,0.0,0.0
2022,SP,NOVO,3070,DOUGLAS YUGI KOGA,1241.5300000000002,0.005411190883023995,0.0,0.0,0.0
2022,SP,NOVO,3073,TONY VINICIUS DE OLIVEIRA,1241.5300000000002,0.005411190883023995,0.0,0.0,0.0
2022,SP,NOVO,3074,DOUGLAS VIEIRA PRIMO,1241.5300000000002,0.005411190883023995,0.0,0.0,0.0
2022,SP,NOVO,3075,PAULO RAMOS BORGES PINTO VIOLARO,1241.5300000000002,0.005411190883023995,0.0,0.0,0.0
2022,SP,NOVO,3077,MONICA ROSENBERG BRAIZAT,1241.5300000000002,0.005411190883023995,0.04879472804278451,0.0,1.0
2022,SP,NOVO,3078,BRUNA KARINI DA SILVA,1241.5300000000002,0.005411190883023995,0.0,0.0,1.0
2022,SP,NOVO,3080,SIDNEY CARVALHO ELIAS,1241.5300000000002,0.005411190883023995,0.0,0.0,0.0
2022,SP,NOVO,3088,MARLI GOMES DO CARMO,1241.5300000000002,0.005411190883023995,0.0,0.0,1.0
2022,SP,NOVO,3090,RICARDO DE CAMPOS RAMOS,1241.5300000000002,0.005411190883023995,0.0,0.0,0.0
2022,SP,NOVO,3091,RODRIGO ANDRADE BENUZZI DA LUZ,1241.5300000000002,0.005411190883023995,0.0,0.0,0.0
2022,SP,NOVO,3098,JOSE ANDRE FERNANDES,1241.5300000000002,0.005411190883023995,0.0,0.0,0.0
