ano_eleicao,sg_uf,ds_cargo,qt_vaga
1998,AC,DEPUTADO ESTADUAL,24
1998,AC,DEPUTADO FEDERAL,8
1998,AL,DEPUTADO ESTADUAL,27
1998,AL,DEPUTADO FEDERAL,9
1998,AM,DEPUTADO ESTADUAL,24
1998,AM,DEPUTADO FEDERAL,8
1998,AP,DEPUTADO ESTADUAL,24
1998,AP,DEPUTADO FEDERAL,8
1998,BA,DEPUTADO ESTADUAL,63
1998,BA,DEPUTADO FEDERAL,39
1998,CE,DEPUTADO ESTADUAL,46
1998,CE,DEPUTADO FEDERAL,22
1998,DF,DEPUTADO FEDERAL,8
1998,ES,DEPUTADO ESTADUAL,30
1998,ES,DEPUTADO FEDERAL,10
1998,GO,DEPUTADO ESTADUAL,41
1998,GO,DEPUTADO FEDERAL,17
1998,MA,DEPUTADO ESTADUAL,42
1998,MA,DEPUTADO FEDERAL,18
1998,MG,DEPUTADO ESTADUAL,77
1998,MG,DEPUTADO FEDERAL,53
1998,MS,DEPUTADO ESTADUAL,24
1998,MS,DEPUTADO FEDERAL,8
1998,MT,DEPUTADO ESTADUAL,24
1998,MT,DEPUTADO FEDERAL,8
1998,PA,DEPUTADO ESTADUAL,41
1998,PA,DEPUTADO FEDERAL,17
1998,PB,DEPUTADO ESTADUAL,36
1998,PB,DEPUTADO FEDERAL,12
1998,PE,DEPUTADO ESTADUAL,49
1998,PE,DEPUTADO FEDERAL,25
1998,PI,DEPUTADO ESTADUAL,30
1998,PI,DEPUTADO FEDERAL,10
1998,PR,DEPUTADO ESTADUAL,54
1998,PR,DEPUTADO FEDERAL,30
1998,RJ,DEPUTADO ESTADUAL,70
1998,RJ,DEPUTADO FEDERAL,46
1998,RN,DEPUTADO ESTADUAL,24
1998,RN,DEPUTADO FEDERAL,8
1998,RO,DEPUTADO ESTADUAL,24
1998,RO,DEPUTADO FEDERAL,8
1998,RR,DEPUTADO ESTADUAL,24
1998,RR,DEPUTADO FEDERAL,8
1998,RS,DEPUTADO ESTADUAL,55
1998,RS,DEPUTADO FEDERAL,31
1998,SC,DEPUTADO ESTADUAL,40
1998,SC,DEPUTADO FEDERAL,16
1998,SE,DEPUTADO ESTADUAL,24
1998,SE,DEPUTADO FEDERAL,8
1998,SP,DEPUTADO ESTADUAL,94
1998,SP,DEPUTADO FEDERAL,70
1998,TO,DEPUTADO ESTADUAL,24
1998,TO,DEPUTADO FEDERAL,8
2002,AC,DEPUTADO ESTADUAL,24
2002,AC,DEPUTADO FEDERAL,8
2002,AL,DEPUTADO ESTADUAL,27
2002,AL,DEPUTADO FEDERAL,9
2002,AM,DEPUTADO ESTADUAL,24
2002,AM,DEPUTADO FEDERAL,8
2002,AP,DEPUTADO ESTADUAL,24
2002,AP,DEPUTADO FEDERAL,8
2002,BA,DEPUTADO ESTADUAL,63
2002,BA,DEPUTADO FEDERAL,39
2002,CE,DEPUTADO ESTADUAL,46
2002,CE,DEPUTADO FEDERAL,22
2002,DF,DEPUTADO FEDERAL,8
2002,ES,DEPUTADO ESTADUAL,30
2002,ES,DEPUTADO FEDERAL,10
2002,GO,DEPUTADO ESTADUAL,41
2002,GO,DEPUTADO FEDERAL,17
2002,MA,DEPUTADO ESTADUAL,42
2002,MA,DEPUTADO FEDERAL,18
2002,MG,DEPUTADO ESTADUAL,77
2002,MG,DEPUTADO FEDERAL,53
2002,MS,DEPUTADO ESTADUAL,24
2002,MS,DEPUTADO FEDERAL,8
2002,MT,DEPUTADO ESTADUAL,24
2002,MT,DEPUTADO FEDERAL,8
2002,PA,DEPUTADO ESTADUAL,41
2002,PA,DEPUTADO FEDERAL,17
2002,PB,DEPUTADO ESTADUAL,36
2002,PB,DEPUTADO FEDERAL,12
2002,PE,DEPUTADO ESTADUAL,49
2002,PE,DEPUTADO FEDERAL,25
2002,PI,DEPUTADO ESTADUAL,30
2002,PI,DEPUTADO FEDERAL,10
2002,PR,DEPUTADO ESTADUAL,54
2002,PR,DEPUTADO FEDERAL,30
2002,RJ,DEPUTADO ESTADUAL,70
2002,RJ,DEPUTADO FEDERAL,46
2002,RN,DEPUTADO ESTADUAL,24
2002,RN,DEPUTADO FEDERAL,8
2002,RO,DEPUTADO ESTADUAL,24
2002,RO,DEPUTADO FEDERAL,8
2002,RR,DEPUTADO ESTADUAL,24
2002,RR,DEPUTADO FEDERAL,8
2002,RS,DEPUTADO ESTADUAL,55
2002,RS,DEPUTADO FEDERAL,31
2002,SC,DEPUTADO ESTADUAL,40
2002,SC,DEPUTADO FEDERAL,16
2002,SE,DEPUTADO ESTADUAL,24
2002,SE,DEPUTADO FEDERAL,8
2002,SP,DEPUTADO ESTADUAL,94
2002,SP,DEPUTADO FEDERAL,70
2002,TO,DEPUTADO ESTADUAL,24
2002,TO,DEPUTADO FEDERAL,8
2006,AC,DEPUTADO ESTADUAL,24
2006,AC,DEPUTADO FEDERAL,8
2006,AL,DEPUTADO ESTADUAL,27
2006,AL,DEPUTADO FEDERAL,9
2006,AM,DEPUTADO ESTADUAL,24
2006,AM,DEPUTADO FEDERAL,8
2006,AP,DEPUTADO ESTADUAL,24
2006,AP,DEPUTADO FEDERAL,8
2006,BA,DEPUTADO ESTADUAL,63
2006,BA,DEPUTADO FEDERAL,39
2006,CE,DEPUTADO ESTADUAL,46
2006,CE,DEPUTADO FEDERAL,22
2006,DF,DEPUTADO FEDERAL,8
2006,ES,DEPUTADO ESTADUAL,30
2006,ES,DEPUTADO FEDERAL,10
2006,GO,DEPUTADO ESTADUAL,41
2006,GO,DEPUTADO FEDERAL,17
2006,MA,DEPUTADO ESTADUAL,42
2006,MA,DEPUTADO FEDERAL,18
2006,MG,DEPUTADO ESTADUAL,77
2006,MG,DEPUTADO FEDERAL,53
2006,MS,DEPUTADO ESTADUAL,24
2006,MS,DEPUTADO FEDERAL,8
2006,MT,DEPUTADO ESTADUAL,24
2006,MT,DEPUTADO FEDERAL,8
2006,PA,DEPUTADO ESTADUAL,41
2006,PA,DEPUTADO FEDERAL,17
2006,PB,DEPUTADO ESTADUAL,36
2006,PB,DEPUTADO FEDERAL,12
2006,PE,DEPUTADO ESTADUAL,49
2006,PE,DEPUTADO FEDERAL,25
2006,PI,DEPUTADO ESTADUAL,30
2006,PI,DEPUTADO FEDERAL,10
2006,PR,DEPUTADO ESTADUAL,54
2006,PR,DEPUTADO FEDERAL,30
2006,RJ,DEPUTADO ESTADUAL,70
2006,RJ,DEPUTADO FEDERAL,46
2006,RN,DEPUTADO ESTADUAL,24
2006,RN,DEPUTADO FEDERAL,8
2006,RO,DEPUTADO ESTADUAL,24
2006,RO,DEPUTADO FEDERAL,8
2006,RR,DEPUTADO ESTADUAL,24
2006,RR,DEPUTADO FEDERAL,8
2006,RS,DEPUTADO ESTADUAL,55
2006,RS,DEPUTADO FEDERAL,31
2006,SC,DEPUTADO ESTADUAL,40
2006,SC,DEPUTADO FEDERAL,16
2006,SE,DEPUTADO ESTADUAL,24
2006,SE,DEPUTADO FEDERAL,8
2006,SP,DEPUTADO ESTADUAL,94
2006,SP,DEPUTADO FEDERAL,70
2006,TO,DEPUTADO ESTADUAL,24
2006,TO,DEPUTADO FEDERAL,8
2010,AC,DEPUTADO ESTADUAL,24
2010,AC,DEPUTADO FEDERAL,8
2010,AL,DEPUTADO ESTADUAL,27
2010,AL,DEPUTADO FEDERAL,9
2010,AM,DEPUTADO ESTADUAL,24
2010,AM,DEPUTADO FEDERAL,8
2010,AP,DEPUTADO ESTADUAL,24
2010,AP,DEPUTADO FEDERAL,8
2010,BA,DEPUTADO ESTADUAL,63
2010,BA,DEPUTADO FEDERAL,39
2010,CE,DEPUTADO ESTADUAL,46
2010,CE,DEPUTADO FEDERAL,22
2010,DF,DEPUTADO FEDERAL,8
2010,ES,DEPUTADO ESTADUAL,30
2010,ES,DEPUTADO FEDERAL,10
2010,GO,DEPUTADO ESTADUAL,41
2010,GO,DEPUTADO FEDERAL,17
2010,MA,DEPUTADO ESTADUAL,42
2010,MA,DEPUTADO FEDERAL,18
2010,MG,DEPUTADO ESTADUAL,77
2010,MG,DEPUTADO FEDERAL,53
2010,MS,DEPUTADO ESTADUAL,24
2010,MS,DEPUTADO FEDERAL,8
2010,MT,DEPUTADO ESTADUAL,24
2010,MT,DEPUTADO FEDERAL,8
2010,PA,DEPUTADO ESTADUAL,41
2010,PA,DEPUTADO FEDERAL,17
2010,PB,DEPUTADO ESTADUAL,36
2010,PB,DEPUTADO FEDERAL,12
2010,PE,DEPUTADO ESTADUAL,49
2010,PE,DEPUTADO FEDERAL,25
2010,PI,DEPUTADO ESTADUAL,30
2010,PI,DEPUTADO FEDERAL,10
2010,PR,DEPUTADO ESTADUAL,54
2010,PR,DEPUTADO FEDERAL,30
2010,RJ,DEPUTADO ESTADUAL,70
2010,RJ,DEPUTADO FEDERAL,46
2010,RN,DEPUTADO ESTADUAL,24
2010,RN,DEPUTADO FEDERAL,8
2010,RO,DEPUTADO ESTADUAL,24
2010,RO,DEPUTADO FEDERAL,8
2010,RR,DEPUTADO ESTADUAL,24
2010,RR,DEPUTADO FEDERAL,8
2010,RS,DEPUTADO ESTADUAL,55
2010,RS,DEPUTADO FEDERAL,31
2010,SC,DEPUTADO ESTADUAL,40
2010,SC,DEPUTADO FEDERAL,16
2010,SE,DEPUTADO ESTADUAL,24
2010,SE,DEPUTADO FEDERAL,8
2010,SP,DEPUTADO ESTADUAL,94
2010,SP,DEPUTADO FEDERAL,70
2010,TO,DEPUTADO ESTADUAL,24
2010,TO,DEPUTADO FEDERAL,8
2014,AC,DEPUTADO ESTADUAL,24
2014,AC,DEPUTADO FEDERAL,8
2014,AL,DEPUTADO ESTADUAL,27
2014,AL,DEPUTADO FEDERAL,9
2014,AM,DEPUTADO ESTADUAL,24
2014,AM,DEPUTADO FEDERAL,8
2014,AP,DEPUTADO ESTADUAL,24
2014,AP,DEPUTADO FEDERAL,8
2014,BA,DEPUTADO ESTADUAL,63
2014,BA,DEPUTADO FEDERAL,39
2014,CE,DEPUTADO ESTADUAL,46
2014,CE,DEPUTADO FEDERAL,22
2014,DF,DEPUTADO FEDERAL,8
2014,ES,DEPUTADO ESTADUAL,30
2014,ES,DEPUTADO FEDERAL,10
2014,GO,DEPUTADO ESTADUAL,41
2014,GO,DEPUTADO FEDERAL,17
2014,MA,DEPUTADO ESTADUAL,42
2014,MA,DEPUTADO FEDERAL,18
2014,MG,DEPUTADO ESTADUAL,77
2014,MG,DEPUTADO FEDERAL,53
2014,MS,DEPUTADO ESTADUAL,24
2014,MS,DEPUTADO FEDERAL,8
2014,MT,DEPUTADO ESTADUAL,24
2014,MT,DEPUTADO FEDERAL,8
2014,PA,DEPUTADO ESTADUAL,41
2014,PA,DEPUTADO FEDERAL,17
2014,PB,DEPUTADO ESTADUAL,36
2014,PB,DEPUTADO FEDERAL,12
2014,PE,DEPUTADO ESTADUAL,49
2014,PE,DEPUTADO FEDERAL,25
2014,PI,DEPUTADO ESTADUAL,30
2014,PI,DEPUTADO FEDERAL,10
2014,PR,DEPUTADO ESTADUAL,54
2014,PR,DEPUTADO FEDERAL,30
2014,RJ,DEPUTADO ESTADUAL,70
2014,RJ,DEPUTADO FEDERAL,46
2014,RN,DEPUTADO ESTADUAL,24
2014,RN,DEPUTADO FEDERAL,8
2014,RO,DEPUTADO ESTADUAL,24
2014,RO,DEPUTADO FEDERAL,8
2014,RR,DEPUTADO ESTADUAL,24
2014,RR,DEPUTADO FEDERAL,8
2014,RS,DEPUTADO ESTADUAL,55
2014,RS,DEPUTADO FEDERAL,31
2014,SC,DEPUTADO ESTADUAL,40
2014,SC,DEPUTADO FEDERAL,16
2014,SE,DEPUTADO ESTADUAL,24
2014,SE,DEPUTADO FEDERAL,8
2014,SP,DEPUTADO ESTADUAL,94
2014,SP,DEPUTADO FEDERAL,70
2014,TO,DEPUTADO ESTADUAL,24
2014,TO,DEPUTADO FEDERAL,8
2018,AC,DEPUTADO ESTADUAL,24
2018,AC,DEPUTADO FEDERAL,8
2018,AL,DEPUTADO ESTADUAL,27
2018,AL,DEPUTADO FEDERAL,9
2018,AM,DEPUTADO ESTADUAL,24
2018,AM,DEPUTADO FEDERAL,8
2018,AP,DEPUTADO ESTADUAL,24
2018,AP,DEPUTADO FEDERAL,8
2018,BA,DEPUTADO ESTADUAL,63
2018,BA,DEPUTADO FEDERAL,39
2018,CE,DEPUTADO ESTADUAL,46
2018,CE,DEPUTADO FEDERAL,22
2018,DF,DEPUTADO FEDERAL,8
2018,ES,DEPUTADO ESTADUAL,30
2018,ES,DEPUTADO FEDERAL,10
2018,GO,DEPUTADO ESTADUAL,41
2018,GO,DEPUTADO FEDERAL,17
2018,MA,DEPUTADO ESTADUAL,42
2018,MA,DEPUTADO FEDERAL,18
2018,MG,DEPUTADO ESTADUAL,77
2018,MG,DEPUTADO FEDERAL,53
2018,MS,DEPUTADO ESTADUAL,24
2018,MS,DEPUTADO FEDERAL,8
2018,MT,DEPUTADO ESTADUAL,24
2018,MT,DEPUTADO FEDERAL,8
2018,PA,DEPUTADO ESTADUAL,41
2018,PA,DEPUTADO FEDERAL,17
2018,PB,DEPUTADO ESTADUAL,36
2018,PB,DEPUTADO FEDERAL,12
2018,PE,DEPUTADO ESTADUAL,49
2018,PE,DEPUTADO FEDERAL,25
2018,PI,DEPUTADO ESTADUAL,30
2018,PI,DEPUTADO FEDERAL,10
2018,PR,DEPUTADO ESTADUAL,54
2018,PR,DEPUTADO FEDERAL,30
2018,RJ,DEPUTADO ESTADUAL,70
2018,RJ,DEPUTADO FEDERAL,46
2018,RN,DEPUTADO ESTADUAL,24
2018,RN,DEPUTADO FEDERAL,8
2018,RO,DEPUTADO ESTADUAL,24
2018,RO,DEPUTADO FEDERAL,8
2018,RR,DEPUTADO ESTADUAL,24
2018,RR,DEPUTADO FEDERAL,8
2018,RS,DEPUTADO ESTADUAL,55
2018,RS,DEPUTADO FEDERAL,31
2018,SC,DEPUTADO ESTADUAL,40
2018,SC,DEPUTADO FEDERAL,16
2018,SE,DEPUTADO ESTADUAL,24
2018,SE,DEPUTADO FEDERAL,8
2018,SP,DEPUTADO ESTADUAL,94
2018,SP,DEPUTADO FEDERAL,70
2018,TO,DEPUTADO ESTADUAL,24
2018,TO,DEPUTADO FEDERAL,8
