year,model,variable,cluster,n_clusters,beta,se,ratio,p_norm,p_t
2018,R1,competitivo,lista_id,649,2.098899893136021,0.08287266821696183,8.157191192675636,1.6189361168763773e-141,6.7065398070832e-99
2018,R1,mulher,lista_id,649,0.4424290645995029,0.05735585678568153,1.5564834291222238,1.2216826809655384e-14,4.625076260342484e-14
2018,R1,negra,lista_id,649,-0.3068566670233985,0.06283553109421751,0.7357560514547099,1.0422461232959007e-06,1.3143563295628567e-06
2018,R1,competitivo,sg_partido,35,2.098899893136021,0.08458835671352531,8.157191192675636,6.473181271583704e-136,2.3075420291267676e-23
2018,R1,mulher,sg_partido,35,0.4424290645995029,0.06379487813889298,1.5564834291222238,4.056996810597694e-12,5.401912773769486e-08
2018,R1,negra,sg_partido,35,-0.3068566670233985,0.04718350220411869,0.7357560514547099,7.848613387119818e-11,1.9256092553041576e-07
2018,R1,competitivo,sg_uf,27,2.098899893136021,0.11249898656010088,8.157191192675636,1.1066245504845095e-77,1.4151354044305792e-16
2018,R1,mulher,sg_uf,27,0.4424290645995029,0.06605675791026243,1.5564834291222238,2.117096295983265e-11,4.1729877092369594e-07
2018,R1,negra,sg_uf,27,-0.3068566670233985,0.05384702703870603,0.7357560514547099,1.2074267436793272e-08,5.374694952658313e-06
2018,R2,n_eleicoes_governador,lista_id,649,1.2773019179262664,0.4093233955511377,3.5869487757679033,0.0018053192496627945,0.001885533369889737
2018,R2,n_eleicoes_senador,lista_id,649,1.3242357886352776,0.26628942572197206,3.7593113485095113,6.595216639275569e-07,8.456111469509812e-07
2018,R2,n_eleicoes_deputado_federal,lista_id,649,0.6934584012539853,0.03812247498425139,2.000622538256449,6.162729182287232e-74,4.8225913159628186e-60
2018,R2,n_eleicoes_deputado_estadual,lista_id,649,0.537725074838399,0.04968483029039646,1.7121075120431568,2.6867894429931855e-27,3.3093594020323607e-25
2018,R2,n_eleicoes_prefeito,lista_id,649,0.4541329640475992,0.06820039208516214,1.5748073763177253,2.760669811444406e-11,5.893281331288187e-11
2018,R2,n_eleicoes_vereador,lista_id,649,0.26131687008216853,0.04101956649934139,1.2986391001229387,1.8836138422875918e-10,3.5727410089189846e-10
2018,R2,prop_votos_nominais_lag,lista_id,649,1.414978732340441,0.2547436173776281,4.116398918871487,2.7837429805093356e-08,4.066297091719468e-08
2018,R2,qe_sem_vitoria,lista_id,649,1.0599617562082957,0.14195210933126398,2.8862606056078217,8.202025661548111e-14,2.657720155479232e-13
2018,R2,mulher,lista_id,649,0.3666987046634816,0.05778913820297026,1.442963095561852,2.2176082213724096e-10,4.166077817006807e-10
2018,R2,negra,lista_id,649,-0.30658273777940215,0.06140624717233827,0.7359576241607196,5.954217263296869e-07,7.663178969882888e-07
2018,R2,n_eleicoes_governador,sg_partido,35,1.2773019179262664,0.43493765007155966,3.5869487757679033,0.0033167437821437955,0.005914208124252625
2018,R2,n_eleicoes_senador,sg_partido,35,1.3242357886352776,0.24278322146593564,3.7593113485095113,4.913963373546817e-08,4.411116021219212e-06
2018,R2,n_eleicoes_deputado_federal,sg_partido,35,0.6934584012539853,0.05820058654419202,2.000622538256449,9.889854163248168e-33,1.0955011604840755e-13
2018,R2,n_eleicoes_deputado_estadual,sg_partido,35,0.537725074838399,0.05885116859307457,1.7121075120431568,6.418913855312073e-20,1.1164067387111041e-10
2018,R2,n_eleicoes_prefeito,sg_partido,35,0.4541329640475992,0.07178815281316146,1.5748073763177253,2.5157263342421514e-10,3.2596635790825407e-07
2018,R2,n_eleicoes_vereador,sg_partido,35,0.26131687008216853,0.053734596378529,1.2986391001229387,1.1555974740657759e-06,2.5829965037093137e-05
2018,R2,prop_votos_nominais_lag,sg_partido,35,1.414978732340441,0.3500870740625363,4.116398918871487,5.3044535031158445e-05,0.0002872168693875922
2018,R2,qe_sem_vitoria,sg_partido,35,1.0599617562082957,0.14866101609127488,2.8862606056078217,1.0032620536273803e-12,3.0591001146885025e-08
2018,R2,mulher,sg_partido,35,0.3666987046634816,0.06016471488066863,1.442963095561852,1.0949696516993192e-09,6.487136903410203e-07
2018,R2,negra,sg_partido,35,-0.30658273777940215,0.049267760869079524,0.7359576241607196,4.884030271218143e-10,4.4312830440905504e-07
2018,R2,n_eleicoes_governador,sg_uf,27,1.2773019179262664,0.43589650929577584,3.5869487757679033,0.0033864896189145658,0.0069660554409278295
2018,R2,n_eleicoes_senador,sg_uf,27,1.3242357886352776,0.2922482296075353,3.7593113485095113,5.864900011256432e-06,0.0001158601221704969
2018,R2,n_eleicoes_deputado_federal,sg_uf,27,0.6934584012539853,0.021275286668272532,2.000622538256449,4.899322024354861e-233,1.2927902328395415e-22
2018,R2,n_eleicoes_deputado_estadual,sg_uf,27,0.537725074838399,0.051593961589008405,1.7121075120431568,1.9625817563371887e-25,8.898714647972689e-11
2018,R2,n_eleicoes_prefeito,sg_uf,27,0.4541329640475992,0.09178738723038074,1.5748073763177253,7.511020228039465e-07,3.858167722817982e-05
2018,R2,n_eleicoes_vereador,sg_uf,27,0.26131687008216853,0.041356739229153505,1.2986391001229387,2.639361441005241e-10,1.0879179819752535e-06
2018,R2,prop_votos_nominais_lag,sg_uf,27,1.414978732340441,0.26509082391967026,4.116398918871487,9.412630432488916e-08,1.3812794465847034e-05
2018,R2,qe_sem_vitoria,sg_uf,27,1.0599617562082957,0.10059428238391731,2.8862606056078217,5.833120813327064e-26,7.055389448813988e-11
2018,R2,mulher,sg_uf,27,0.3666987046634816,0.06626041121938117,1.442963095561852,3.1264299150209945e-08,8.25451366943706e-06
2018,R2,negra,sg_uf,27,-0.30658273777940215,0.05316226213208933,0.7359576241607196,8.073132411295358e-09,4.500668074519726e-06
2018,interaction,competitivo,lista_id,649,2.367135479579971,0.07845033751717118,10.66679323219999,5.246919834206388e-200,1.3487950967931934e-125
2018,interaction,comp_x_ln_magnitude,lista_id,649,0.6056086928120064,0.08714998204134382,1.832367218256961,3.677808187057272e-12,8.98195643679445e-12
2018,interaction,mulher,lista_id,649,0.4260169002770788,0.05672614158141932,1.5311466517172483,5.909888921120282e-14,1.9656720632788477e-13
2018,interaction,negra,lista_id,649,-0.2859127840934678,0.06094150460027313,0.7513281408543452,2.710849582233259e-06,3.308419377374492e-06
2018,interaction,competitivo,sg_partido,35,2.367135479579971,0.0974692976541543,10.66679323219999,2.758683451374474e-130,4.610651376496875e-23
2018,interaction,comp_x_ln_magnitude,sg_partido,35,0.6056086928120064,0.0907854863099808,1.832367218256961,2.5447250243924886e-11,1.1746490530843401e-07
2018,interaction,mulher,sg_partido,35,0.4260169002770788,0.06466604050694896,1.5311466517172483,4.4592874502009196e-11,1.499884601994353e-07
2018,interaction,negra,sg_partido,35,-0.2859127840934678,0.04697248797218542,0.7513281408543452,1.151798500851261e-09,6.645814999844176e-07
2018,interaction,competitivo,sg_uf,27,2.367135479579971,0.05709958155080377,10.66679323219999,0.0,2.7915186249857636e-25
2018,interaction,comp_x_ln_magnitude,sg_uf,27,0.6056086928120064,0.07658191920622372,1.832367218256961,2.615876520841911e-15,2.1958973006243956e-08
2018,interaction,mulher,sg_uf,27,0.4260169002770788,0.06486764138457289,1.5311466517172483,5.117407946639149e-11,5.789439097384229e-07
2018,interaction,negra,sg_uf,27,-0.2859127840934678,0.05288140712332306,0.7513281408543452,6.42041226146805e-08,1.1526471716028309e-05
2022,R1,competitivo,lista_id,623,1.5224769218979715,0.05419026324911741,4.583564277063381,1.1267039850818397e-173,9.221014678824112e-113
2022,R1,mulher,lista_id,623,0.30557024903079866,0.03553160810817059,1.3573988377176227,7.97470056017488e-18,6.475071692509063e-17
2022,R1,negra,lista_id,623,-0.08064152602839068,0.03467362783443192,0.9225243331394534,0.020032913497242014,0.020353518053515082
2022,R1,competitivo,sg_partido,31,1.5224769218979715,0.0929552264238,4.583564277063381,2.7190875394774915e-60,1.6565216120155481e-16
2022,R1,mulher,sg_partido,31,0.30557024903079866,0.03761199342635507,1.3573988377176227,4.500373229312961e-16,4.546021199728688e-09
2022,R1,negra,sg_partido,31,-0.08064152602839068,0.04157533989048307,0.9225243331394534,0.05242247977404236,0.061876018429320966
2022,R1,competitivo,sg_uf,27,1.5224769218979715,0.09528696544188238,4.583564277063381,1.8244717194704336e-57,5.8265601060243246e-15
2022,R1,mulher,sg_uf,27,0.30557024903079866,0.028958721994968593,1.3573988377176227,4.9767105680357533e-26,6.846357257664186e-11
2022,R1,negra,sg_uf,27,-0.08064152602839068,0.03304738733545828,0.9225243331394534,0.014680003843849657,0.021805019298992513
2022,R2,n_eleicoes_governador,lista_id,623,0.28795297555035887,0.1750685357456872,1.3336945863948482,0.10001077001298891,0.10051601829888171
2022,R2,n_eleicoes_senador,lista_id,623,1.238563631134978,0.1828399672760516,3.4506534922001855,1.2524270055067703e-11,2.9072530881227078e-11
2022,R2,n_eleicoes_deputado_federal,lista_id,623,0.43915328781131185,0.02159735696087132,1.5513930788115204,6.478668324202793e-92,7.342224908857607e-71
2022,R2,n_eleicoes_deputado_estadual,lista_id,623,0.39026876360710056,0.027412920222209772,1.4773778059172282,5.424943087583641e-46,5.14115573124393e-40
2022,R2,n_eleicoes_prefeito,lista_id,623,0.35255077377249117,0.03912947450825575,1.422691889349142,2.063347742846825e-19,2.5126066102889217e-18
2022,R2,n_eleicoes_vereador,lista_id,623,0.16676956370186927,0.020773193500467062,1.1814819776038539,9.898255674839821e-16,4.9591112001725e-15
2022,R2,prop_votos_nominais_lag,lista_id,623,1.0248886605692342,0.11933647841320781,2.7867851642182115,8.832231850080838e-18,7.093999383195244e-17
2022,R2,qe_sem_vitoria,lista_id,623,0.5313869020055765,0.072444735083806,1.701290195946095,2.216125037365537e-13,6.940445085081336e-13
2022,R2,mulher,lista_id,623,0.28034022435893885,0.03529942539121715,1.3235800499161852,1.9930230945827167e-15,9.355866765837323e-15
2022,R2,negra,lista_id,623,-0.07487199457234255,0.03422735764721625,0.9278622501313203,0.028706789502380314,0.029078308821652996
2022,R2,n_eleicoes_governador,sg_partido,31,0.28795297555035887,0.18702208067653492,1.3336945863948482,0.123639915106163,0.1341224617707541
2022,R2,n_eleicoes_senador,sg_partido,31,1.238563631134978,0.1610891287202462,3.4506534922001855,1.4865449519169872e-14,1.4116565484751885e-08
2022,R2,n_eleicoes_deputado_federal,sg_partido,31,0.43915328781131185,0.028410014427162608,1.5513930788115204,6.695358595947753e-54,7.865684849263219e-16
2022,R2,n_eleicoes_deputado_estadual,sg_partido,31,0.39026876360710056,0.03273350980473228,1.4773778059172282,9.024018685934442e-33,6.558252438681227e-13
2022,R2,n_eleicoes_prefeito,sg_partido,31,0.35255077377249117,0.029063945907643808,1.422691889349142,7.309234200182112e-34,4.259442829546986e-13
2022,R2,n_eleicoes_vereador,sg_partido,31,0.16676956370186927,0.02555031168908616,1.1814819776038539,6.705310404190209e-11,3.2277511002520953e-07
2022,R2,prop_votos_nominais_lag,sg_partido,31,1.0248886605692342,0.1977680651984554,2.7867851642182115,2.1919475597657733e-07,1.3922561459574442e-05
2022,R2,qe_sem_vitoria,sg_partido,31,0.5313869020055765,0.09476668742775692,1.701290195946095,2.0548653708512504e-08,4.196867584661945e-06
2022,R2,mulher,sg_partido,31,0.28034022435893885,0.039434473367261615,1.3235800499161852,1.168748690320742e-12,6.607203957976849e-08
2022,R2,negra,sg_partido,31,-0.07487199457234255,0.044404445775551804,0.9278622501313203,0.09176934728692773,0.10214398905818892
2022,R2,n_eleicoes_governador,sg_uf,27,0.28795297555035887,0.16214591583840518,1.3336945863948482,0.07575139004109785,0.08745807341063445
2022,R2,n_eleicoes_senador,sg_uf,27,1.238563631134978,0.20480487845105722,3.4506534922001855,1.4708335460459268e-09,2.1782432645395867e-06
2022,R2,n_eleicoes_deputado_federal,sg_uf,27,0.43915328781131185,0.026287736340277878,1.5513930788115204,1.1925478593935554e-62,2.0206703348168968e-15
2022,R2,n_eleicoes_deputado_estadual,sg_uf,27,0.39026876360710056,0.029002299980702282,1.4773778059172282,2.8204907306641236e-41,3.178025690333796e-13
2022,R2,n_eleicoes_prefeito,sg_uf,27,0.35255077377249117,0.03755164521920811,1.422691889349142,6.090460767634751e-21,7.758497065995967e-10
2022,R2,n_eleicoes_vereador,sg_uf,27,0.16676956370186927,0.02827190468632578,1.1814819776038539,3.6621341812847844e-09,3.197614798872461e-06
2022,R2,prop_votos_nominais_lag,sg_uf,27,1.0248886605692342,0.10477443044109126,2.7867851642182115,1.347136973887644e-22,3.3491468791724834e-10
2022,R2,qe_sem_vitoria,sg_uf,27,0.5313869020055765,0.08149696788482699,1.701290195946095,7.015415399164769e-11,6.521084045284053e-07
2022,R2,mulher,sg_uf,27,0.28034022435893885,0.032670805077660986,1.3235800499161852,9.425117680330363e-18,4.6370021906099535e-09
2022,R2,negra,sg_uf,27,-0.07487199457234255,0.03712397208188032,0.9278622501313203,0.04371535499457774,0.05415250125491623
2022,interaction,competitivo,lista_id,623,1.7610689312711532,0.05528853781398544,5.818653812364949,1.2219387645546903e-222,8.776690064541499e-133
2022,interaction,comp_x_ln_magnitude,lista_id,623,0.576371549406157,0.06179253507897373,1.7795696215199117,1.083696774955182e-20,1.87452293996227e-19
2022,interaction,mulher,lista_id,623,0.2955421182777214,0.03497935179407853,1.3438546894374788,2.9369519757517553e-17,2.0805427401074345e-16
2022,interaction,negra,lista_id,623,-0.06455721437619708,0.03445814792613655,0.9374824752525859,0.06099987626471378,0.06146856049920165
2022,interaction,competitivo,sg_partido,31,1.7610689312711532,0.08144897578070723,5.818653812364949,1.1215726082885037e-103,7.539188908121193e-20
2022,interaction,comp_x_ln_magnitude,sg_partido,31,0.576371549406157,0.06222814660260051,1.7795696215199117,2.0020205491420225e-20,2.6427756679381716e-10
2022,interaction,mulher,sg_partido,31,0.2955421182777214,0.036503375359548076,1.3438546894374788,5.66580386211427e-16,4.885753412718778e-09
2022,interaction,negra,sg_partido,31,-0.06455721437619708,0.04254984645990916,0.9374824752525859,0.12921271241538315,0.13968091278615896
2022,interaction,competitivo,sg_uf,27,1.7610689312711532,0.05935201560394059,5.818653812364949,1.7861329988048931e-193,1.3983453905105634e-21
2022,interaction,comp_x_ln_magnitude,sg_uf,27,0.576371549406157,0.06710284008008731,1.7795696215199117,8.744263316570134e-18,4.5472945875491225e-09
2022,interaction,mulher,sg_uf,27,0.2955421182777214,0.02860586470219004,1.3438546894374788,5.074891439768157e-25,1.0703499537666693e-10
2022,interaction,negra,sg_uf,27,-0.06455721437619708,0.032718844885806224,0.9374824752525859,0.0484853486624934,0.059204742459228486
