Ano,UF,Partido,C,E,k_arredondado,eleitos_top_arredondado,Eleitos esperados ao acaso,Precisão aleatória da lista,Precisão observada da lista,Peso na precisão nacional
2018,AC,AVANTE,9,0,6,0.0,0.0,0.0,0.0,0.0025884383088869713
2018,AC,DC,3,0,3,0.0,0.0,0.0,0.0,0.0012942191544434857
2018,AC,DEM,1,1,1,1.0,1.0,1.0,1.0,0.0004314063848144953
2018,AC,MDB,3,2,2,2.0,1.3333333333333333,0.6666666666666666,1.0,0.0008628127696289905
2018,AC,PATRI,1,0,0,0.0,0.0,,,0.0
2018,AC,PC DO B,1,1,1,1.0,1.0,1.0,1.0,0.0004314063848144953
2018,AC,PDT,16,1,7,1.0,0.4375,0.0625,0.14285714285714285,0.0030198446937014668
2018,AC,PHS,2,0,2,0.0,0.0,0.0,0.0,0.0008628127696289905
2018,AC,PMB,1,0,1,0.0,0.0,0.0,0.0,0.0004314063848144953
2018,AC,PMN,1,0,1,0.0,0.0,0.0,0.0,0.0004314063848144953
2018,AC,PODE,2,0,1,0.0,0.0,0.0,0.0,0.0004314063848144953
2018,AC,PP,3,0,2,0.0,0.0,0.0,0.0,0.0008628127696289905
2018,AC,PPL,1,0,1,0.0,0.0,0.0,0.0,0.0004314063848144953
2018,AC,PPS,1,0,1,0.0,0.0,0.0,0.0,0.0004314063848144953
2018,AC,PR,1,0,1,0.0,0.0,0.0,0.0,0.0004314063848144953
2018,AC,PROS,2,0,1,0.0,0.0,0.0,0.0,0.0004314063848144953
2018,AC,PRP,3,0,2,0.0,0.0,0.0,0.0,0.0008628127696289905
2018,AC,PRTB,2,0,1,0.0,0.0,0.0,0.0,0.0004314063848144953
2018,AC,PSB,1,0,1,0.0,0.0,0.0,0.0,0.0004314063848144953
2018,AC,PSC,1,0,1,0.0,0.0,0.0,0.0,0.0004314063848144953
2018,AC,PSD,1,0,1,0.0,0.0,0.0,0.0,0.0004314063848144953
2018,AC,PSDB,1,1,1,1.0,1.0,1.0,1.0,0.0004314063848144953
2018,AC,PSL,8,0,5,0.0,0.0,0.0,0.0,0.0021570319240724763
2018,AC,PSOL,4,0,3,0.0,0.0,0.0,0.0,0.0012942191544434857
2018,AC,PT,5,1,3,1.0,0.6,0.2,0.3333333333333333,0.0012942191544434857
2018,AC,PTB,1,0,1,0.0,0.0,0.0,0.0,0.0004314063848144953
2018,AC,PTC,1,0,1,0.0,0.0,0.0,0.0,0.0004314063848144953
2018,AC,PV,2,0,1,0.0,0.0,0.0,0.0,0.0004314063848144953
2018,AC,REDE,2,0,1,0.0,0.0,0.0,0.0,0.0004314063848144953
2018,AC,SOLIDARIEDADE,1,1,1,1.0,1.0,1.0,1.0,0.0004314063848144953
2018,AL,AVANTE,1,0,1,0.0,0.0,0.0,0.0,0.0004314063848144953
2018,AL,DC,2,0,2,0.0,0.0,0.0,0.0,0.0008628127696289905
2018,AL,DEM,2,0,0,0.0,0.0,,,0.0
2018,AL,MDB,3,1,2,0.0,0.6666666666666666,0.3333333333333333,0.0,0.0008628127696289905
2018,AL,NOVO,3,0,2,0.0,0.0,0.0,0.0,0.0008628127696289905
2018,AL,PATRI,3,0,0,0.0,0.0,,,0.0
2018,AL,PC DO B,4,0,2,0.0,0.0,0.0,0.0,0.0008628127696289905
2018,AL,PDT,2,0,1,0.0,0.0,0.0,0.0,0.0004314063848144953
2018,AL,PHS,6,0,4,0.0,0.0,0.0,0.0,0.001725625539257981
2018,AL,PMN,1,0,1,0.0,0.0,0.0,0.0,0.0004314063848144953
2018,AL,PODE,1,0,0,0.0,0.0,,,0.0
2018,AL,PP,5,1,2,1.0,0.4,0.2,0.5,0.0008628127696289905
2018,AL,PPL,2,0,2,0.0,0.0,0.0,0.0,0.0008628127696289905
2018,AL,PPS,1,0,1,0.0,0.0,0.0,0.0,0.0004314063848144953
2018,AL,PR,1,1,1,1.0,1.0,1.0,1.0,0.0004314063848144953
2018,AL,PRB,1,1,1,1.0,1.0,1.0,1.0,0.0004314063848144953
2018,AL,PROS,1,0,0,0.0,0.0,,,0.0
2018,AL,PRTB,2,0,1,0.0,0.0,0.0,0.0,0.0004314063848144953
2018,AL,PSB,2,1,1,1.0,0.5,0.5,1.0,0.0004314063848144953
2018,AL,PSC,2,0,2,0.0,0.0,0.0,0.0,0.0008628127696289905
2018,AL,PSD,2,1,2,1.0,1.0,0.5,0.5,0.0008628127696289905
2018,AL,PSDB,3,1,2,1.0,0.6666666666666666,0.3333333333333333,0.5,0.0008628127696289905
2018,AL,PSL,10,0,0,0.0,0.0,,,0.0
2018,AL,PSOL,2,0,1,0.0,0.0,0.0,0.0,0.0004314063848144953
2018,AL,PSTU,1,0,0,0.0,0.0,,,0.0
2018,AL,PT,1,1,1,1.0,1.0,1.0,1.0,0.0004314063848144953
2018,AL,PTB,2,1,2,1.0,1.0,0.5,0.5,0.0008628127696289905
2018,AL,PTC,2,0,1,0.0,0.0,0.0,0.0,0.0004314063848144953
2018,AL,PV,2,0,1,0.0,0.0,0.0,0.0,0.0004314063848144953
2018,AL,REDE,1,0,1,0.0,0.0,0.0,0.0,0.0004314063848144953
2018,AL,SOLIDARIEDADE,1,0,0,0.0,0.0,,,0.0
2018,AM,AVANTE,4,0,2,0.0,0.0,0.0,0.0,0.0008628127696289905
2018,AM,DC,6,0,3,0.0,0.0,0.0,0.0,0.0012942191544434857
2018,AM,DEM,2,0,1,0.0,0.0,0.0,0.0,0.0004314063848144953
2018,AM,MDB,7,0,1,0.0,0.0,0.0,0.0,0.0004314063848144953
2018,AM,PATRI,5,0,4,0.0,0.0,0.0,0.0,0.001725625539257981
2018,AM,PC DO B,8,0,4,0.0,0.0,0.0,0.0,0.001725625539257981
2018,AM,PDT,3,0,2,0.0,0.0,0.0,0.0,0.0008628127696289905
2018,AM,PHS,2,0,2,0.0,0.0,0.0,0.0,0.0008628127696289905
2018,AM,PMB,9,0,2,0.0,0.0,0.0,0.0,0.0008628127696289905
2018,AM,PMN,7,0,3,0.0,0.0,0.0,0.0,0.0012942191544434857
2018,AM,PODE,5,0,3,0.0,0.0,0.0,0.0,0.0012942191544434857
2018,AM,PP,2,1,1,1.0,0.5,0.5,1.0,0.0004314063848144953
2018,AM,PPL,5,0,0,0.0,0.0,,,0.0
2018,AM,PPS,2,0,1,0.0,0.0,0.0,0.0,0.0004314063848144953
2018,AM,PR,3,1,2,1.0,0.6666666666666666,0.3333333333333333,0.5,0.0008628127696289905
2018,AM,PRB,2,2,2,2.0,2.0,1.0,1.0,0.0008628127696289905
2018,AM,PROS,2,0,2,0.0,0.0,0.0,0.0,0.0008628127696289905
2018,AM,PRP,4,0,1,0.0,0.0,0.0,0.0,0.0004314063848144953
2018,AM,PRTB,3,0,0,0.0,0.0,,,0.0
2018,AM,PSB,2,0,2,0.0,0.0,0.0,0.0,0.0008628127696289905
2018,AM,PSC,4,0,1,0.0,0.0,0.0,0.0,0.0004314063848144953
2018,AM,PSD,4,1,3,1.0,0.75,0.25,0.3333333333333333,0.0012942191544434857
2018,AM,PSDB,1,0,1,0.0,0.0,0.0,0.0,0.0004314063848144953
2018,AM,PSL,1,1,1,1.0,1.0,1.0,1.0,0.0004314063848144953
2018,AM,PSOL,13,0,6,0.0,0.0,0.0,0.0,0.0025884383088869713
2018,AM,PSTU,1,0,0,0.0,0.0,,,0.0
2018,AM,PT,4,1,2,1.0,0.5,0.25,0.5,0.0008628127696289905
2018,AM,PTB,1,0,1,0.0,0.0,0.0,0.0,0.0004314063848144953
2018,AM,PTC,4,0,3,0.0,0.0,0.0,0.0,0.0012942191544434857
2018,AM,PV,2,0,1,0.0,0.0,0.0,0.0,0.0004314063848144953
2018,AM,REDE,7,0,2,0.0,0.0,0.0,0.0,0.0008628127696289905
2018,AM,SOLIDARIEDADE,1,1,1,1.0,1.0,1.0,1.0,0.0004314063848144953
2018,AP,AVANTE,2,1,2,1.0,1.0,0.5,0.5,0.0008628127696289905
2018,AP,DC,1,0,1,0.0,0.0,0.0,0.0,0.0004314063848144953
2018,AP,DEM,4,0,3,0.0,0.0,0.0,0.0,0.0012942191544434857
2018,AP,MDB,4,0,1,0.0,0.0,0.0,0.0,0.0004314063848144953
2018,AP,PC DO B,1,1,1,1.0,1.0,1.0,1.0,0.0004314063848144953
2018,AP,PDT,7,0,1,0.0,0.0,0.0,0.0,0.0004314063848144953
2018,AP,PHS,6,0,4,0.0,0.0,0.0,0.0,0.001725625539257981
2018,AP,PMN,3,0,3,0.0,0.0,0.0,0.0,0.0012942191544434857
2018,AP,PODE,1,0,1,0.0,0.0,0.0,0.0,0.0004314063848144953
2018,AP,PP,1,1,1,1.0,1.0,1.0,1.0,0.0004314063848144953
2018,AP,PPL,3,0,3,0.0,0.0,0.0,0.0,0.0012942191544434857
2018,AP,PR,7,1,3,1.0,0.42857142857142855,0.14285714285714285,0.3333333333333333,0.0012942191544434857
2018,AP,PRB,1,1,1,1.0,1.0,1.0,1.0,0.0004314063848144953
2018,AP,PROS,2,1,1,1.0,0.5,0.5,1.0,0.0004314063848144953
2018,AP,PRP,2,0,1,0.0,0.0,0.0,0.0,0.0004314063848144953
2018,AP,PSB,8,1,2,1.0,0.25,0.125,0.5,0.0008628127696289905
2018,AP,PSC,2,0,1,0.0,0.0,0.0,0.0,0.0004314063848144953
2018,AP,PSD,3,0,2,0.0,0.0,0.0,0.0,0.0008628127696289905
2018,AP,PSDB,2,1,1,1.0,0.5,0.5,1.0,0.0004314063848144953
2018,AP,PSL,1,0,1,0.0,0.0,0.0,0.0,0.0004314063848144953
2018,AP,PSOL,6,0,6,0.0,0.0,0.0,0.0,0.0025884383088869713
2018,AP,PSTU,2,0,0,0.0,0.0,,,0.0
2018,AP,PTB,7,0,6,0.0,0.0,0.0,0.0,0.0025884383088869713
2018,AP,PTC,5,0,1,0.0,0.0,0.0,0.0,0.0004314063848144953
2018,AP,PV,6,0,5,0.0,0.0,0.0,0.0,0.0021570319240724763
2018,AP,REDE,7,0,1,0.0,0.0,0.0,0.0,0.0004314063848144953
2018,AP,SOLIDARIEDADE,3,0,1,0.0,0.0,0.0,0.0,0.0004314063848144953
2018,BA,AVANTE,14,2,3,2.0,0.42857142857142855,0.14285714285714285,0.6666666666666666,0.0012942191544434857
2018,BA,DC,15,0,4,0.0,0.0,0.0,0.0,0.001725625539257981
2018,BA,DEM,38,4,8,4.0,0.8421052631578947,0.10526315789473684,0.5,0.003451251078515962
2018,BA,MDB,36,0,4,0.0,0.0,0.0,0.0,0.001725625539257981
2018,BA,NOVO,8,0,7,0.0,0.0,0.0,0.0,0.0030198446937014668
2018,BA,PATRI,39,0,2,0.0,0.0,0.0,0.0,0.0008628127696289905
2018,BA,PC DO B,2,2,2,2.0,2.0,1.0,1.0,0.0008628127696289905
2018,BA,PCO,2,0,2,0.0,0.0,0.0,0.0,0.0008628127696289905
2018,BA,PDT,36,2,2,1.0,0.1111111111111111,0.05555555555555555,0.5,0.0008628127696289905
2018,BA,PHS,25,2,4,1.0,0.32,0.08,0.25,0.001725625539257981
2018,BA,PMB,1,0,1,0.0,0.0,0.0,0.0,0.0004314063848144953
2018,BA,PMN,8,0,2,0.0,0.0,0.0,0.0,0.0008628127696289905
2018,BA,PODE,4,1,1,1.0,0.25,0.25,1.0,0.0004314063848144953
2018,BA,PP,8,4,5,4.0,2.5,0.5,0.8,0.0021570319240724763
2018,BA,PPL,9,1,1,1.0,0.1111111111111111,0.1111111111111111,1.0,0.0004314063848144953
2018,BA,PPS,1,0,1,0.0,0.0,0.0,0.0,0.0004314063848144953
2018,BA,PR,3,2,3,2.0,2.0,0.6666666666666666,0.6666666666666666,0.0012942191544434857
2018,BA,PRB,4,2,3,2.0,1.5,0.5,0.6666666666666666,0.0012942191544434857
2018,BA,PROS,12,0,1,0.0,0.0,0.0,0.0,0.0004314063848144953
2018,BA,PRP,11,1,1,0.0,0.09090909090909091,0.09090909090909091,0.0,0.0004314063848144953
2018,BA,PRTB,9,0,2,0.0,0.0,0.0,0.0,0.0008628127696289905
2018,BA,PSB,6,2,2,2.0,0.6666666666666666,0.3333333333333333,1.0,0.0008628127696289905
2018,BA,PSC,9,0,2,0.0,0.0,0.0,0.0,0.0008628127696289905
2018,BA,PSD,10,5,9,5.0,4.5,0.5,0.5555555555555556,0.003882657463330457
2018,BA,PSDB,8,1,3,1.0,0.375,0.125,0.3333333333333333,0.0012942191544434857
2018,BA,PSL,4,1,1,1.0,0.25,0.25,1.0,0.0004314063848144953
2018,BA,PSOL,50,0,12,0.0,0.0,0.0,0.0,0.005176876617773943
2018,BA,PT,12,7,9,7.0,5.25,0.5833333333333334,0.7777777777777778,0.003882657463330457
2018,BA,PTB,3,0,1,0.0,0.0,0.0,0.0,0.0004314063848144953
2018,BA,PTC,22,0,2,0.0,0.0,0.0,0.0,0.0008628127696289905
2018,BA,PV,12,0,4,0.0,0.0,0.0,0.0,0.001725625539257981
2018,BA,REDE,20,0,2,0.0,0.0,0.0,0.0,0.0008628127696289905
2018,BA,SOLIDARIEDADE,6,0,1,0.0,0.0,0.0,0.0,0.0004314063848144953
2018,CE,AVANTE,6,0,1,0.0,0.0,0.0,0.0,0.0004314063848144953
2018,CE,DC,7,0,6,0.0,0.0,0.0,0.0,0.0025884383088869713
2018,CE,DEM,6,0,1,0.0,0.0,0.0,0.0,0.0004314063848144953
2018,CE,MDB,6,1,3,1.0,0.5,0.16666666666666666,0.3333333333333333,0.0012942191544434857
2018,CE,NOVO,6,0,4,0.0,0.0,0.0,0.0,0.001725625539257981
2018,CE,PATRI,19,1,9,0.0,0.47368421052631576,0.05263157894736842,0.0,0.003882657463330457
2018,CE,PC DO B,3,0,2,0.0,0.0,0.0,0.0,0.0008628127696289905
2018,CE,PDT,14,6,3,2.0,1.2857142857142858,0.42857142857142855,0.6666666666666666,0.0012942191544434857
2018,CE,PHS,5,0,2,0.0,0.0,0.0,0.0,0.0008628127696289905
2018,CE,PMN,3,0,1,0.0,0.0,0.0,0.0,0.0004314063848144953
2018,CE,PODE,3,0,1,0.0,0.0,0.0,0.0,0.0004314063848144953
2018,CE,PP,3,1,2,1.0,0.6666666666666666,0.3333333333333333,0.5,0.0008628127696289905
2018,CE,PPL,2,0,0,0.0,0.0,,,0.0
2018,CE,PPS,5,0,1,0.0,0.0,0.0,0.0,0.0004314063848144953
2018,CE,PR,4,1,2,1.0,0.5,0.25,0.5,0.0008628127696289905
2018,CE,PRB,1,0,1,0.0,0.0,0.0,0.0,0.0004314063848144953
2018,CE,PROS,30,2,6,2.0,0.4,0.06666666666666667,0.3333333333333333,0.0025884383088869713
2018,CE,PRP,1,0,1,0.0,0.0,0.0,0.0,0.0004314063848144953
2018,CE,PRTB,5,0,4,0.0,0.0,0.0,0.0,0.001725625539257981
2018,CE,PSB,3,1,2,1.0,0.6666666666666666,0.3333333333333333,0.5,0.0008628127696289905
2018,CE,PSC,1,0,1,0.0,0.0,0.0,0.0,0.0004314063848144953
2018,CE,PSD,5,1,2,1.0,0.4,0.2,0.5,0.0008628127696289905
2018,CE,PSDB,13,1,4,1.0,0.3076923076923077,0.07692307692307693,0.25,0.001725625539257981
2018,CE,PSL,21,1,1,1.0,0.047619047619047616,0.047619047619047616,1.0,0.0004314063848144953
2018,CE,PSOL,23,0,6,0.0,0.0,0.0,0.0,0.0025884383088869713
2018,CE,PSTU,1,0,0,0.0,0.0,,,0.0
2018,CE,PT,12,3,5,3.0,1.25,0.25,0.6,0.0021570319240724763
2018,CE,PTB,2,1,2,1.0,1.0,0.5,0.5,0.0008628127696289905
2018,CE,PV,2,1,1,1.0,0.5,0.5,1.0,0.0004314063848144953
2018,CE,REDE,15,0,13,0.0,0.0,0.0,0.0,0.0056082830025884385
2018,CE,SOLIDARIEDADE,2,1,2,1.0,1.0,0.5,0.5,0.0008628127696289905
2018,DF,AVANTE,8,0,7,0.0,0.0,0.0,0.0,0.0030198446937014668
2018,DF,DC,10,0,10,0.0,0.0,0.0,0.0,0.004314063848144953
2018,DF,DEM,3,1,1,0.0,0.3333333333333333,0.3333333333333333,0.0,0.0004314063848144953
2018,DF,MDB,3,0,1,0.0,0.0,0.0,0.0,0.0004314063848144953
2018,DF,NOVO,6,0,4,0.0,0.0,0.0,0.0,0.001725625539257981
2018,DF,PATRI,1,0,1,0.0,0.0,0.0,0.0,0.0004314063848144953
2018,DF,PC DO B,2,0,1,0.0,0.0,0.0,0.0,0.0004314063848144953
2018,DF,PCB,1,0,1,0.0,0.0,0.0,0.0,0.0004314063848144953
2018,DF,PDT,4,0,2,0.0,0.0,0.0,0.0,0.0008628127696289905
2018,DF,PHS,3,0,2,0.0,0.0,0.0,0.0,0.0008628127696289905
2018,DF,PMB,1,0,1,0.0,0.0,0.0,0.0,0.0004314063848144953
2018,DF,PMN,5,0,1,0.0,0.0,0.0,0.0,0.0004314063848144953
2018,DF,PODE,1,0,1,0.0,0.0,0.0,0.0,0.0004314063848144953
2018,DF,PP,2,1,2,1.0,1.0,0.5,0.5,0.0008628127696289905
2018,DF,PPL,13,0,6,0.0,0.0,0.0,0.0,0.0025884383088869713
2018,DF,PPS,4,1,2,1.0,0.5,0.25,0.5,0.0008628127696289905
2018,DF,PR,5,1,2,1.0,0.4,0.2,0.5,0.0008628127696289905
2018,DF,PRB,3,1,1,1.0,0.3333333333333333,0.3333333333333333,1.0,0.0004314063848144953
2018,DF,PROS,7,0,3,0.0,0.0,0.0,0.0,0.0012942191544434857
2018,DF,PRP,9,1,2,1.0,0.2222222222222222,0.1111111111111111,0.5,0.0008628127696289905
2018,DF,PRTB,5,0,4,0.0,0.0,0.0,0.0,0.001725625539257981
2018,DF,PSB,2,0,2,0.0,0.0,0.0,0.0,0.0008628127696289905
2018,DF,PSC,4,0,3,0.0,0.0,0.0,0.0,0.0012942191544434857
2018,DF,PSD,1,0,1,0.0,0.0,0.0,0.0,0.0004314063848144953
2018,DF,PSDB,8,0,5,0.0,0.0,0.0,0.0,0.0021570319240724763
2018,DF,PSL,3,0,2,0.0,0.0,0.0,0.0,0.0008628127696289905
2018,DF,PSOL,15,0,6,0.0,0.0,0.0,0.0,0.0025884383088869713
2018,DF,PSTU,1,0,1,0.0,0.0,0.0,0.0,0.0004314063848144953
2018,DF,PT,16,1,3,1.0,0.1875,0.0625,0.3333333333333333,0.0012942191544434857
2018,DF,PTB,1,0,1,0.0,0.0,0.0,0.0,0.0004314063848144953
2018,DF,PTC,6,0,2,0.0,0.0,0.0,0.0,0.0008628127696289905
2018,DF,PV,2,1,2,1.0,1.0,0.5,0.5,0.0008628127696289905
2018,DF,REDE,6,0,1,0.0,0.0,0.0,0.0,0.0004314063848144953
2018,DF,SOLIDARIEDADE,1,0,1,0.0,0.0,0.0,0.0,0.0004314063848144953
2018,ES,AVANTE,2,0,2,0.0,0.0,0.0,0.0,0.0008628127696289905
2018,ES,DC,11,0,9,0.0,0.0,0.0,0.0,0.003882657463330457
2018,ES,DEM,2,1,1,1.0,0.5,0.5,1.0,0.0004314063848144953
2018,ES,MDB,4,0,1,0.0,0.0,0.0,0.0,0.0004314063848144953
2018,ES,NOVO,6,0,6,0.0,0.0,0.0,0.0,0.0025884383088869713
2018,ES,PATRI,1,0,0,0.0,0.0,,,0.0
2018,ES,PC DO B,1,0,1,0.0,0.0,0.0,0.0,0.0004314063848144953
2018,ES,PDT,5,1,1,1.0,0.2,0.2,1.0,0.0004314063848144953
2018,ES,PHS,3,0,2,0.0,0.0,0.0,0.0,0.0008628127696289905
2018,ES,PMB,5,0,4,0.0,0.0,0.0,0.0,0.001725625539257981
2018,ES,PMN,1,0,1,0.0,0.0,0.0,0.0,0.0004314063848144953
2018,ES,PODE,6,0,6,0.0,0.0,0.0,0.0,0.0025884383088869713
2018,ES,PP,7,1,3,1.0,0.42857142857142855,0.14285714285714285,0.3333333333333333,0.0012942191544434857
2018,ES,PPL,1,0,1,0.0,0.0,0.0,0.0,0.0004314063848144953
2018,ES,PPS,5,1,3,1.0,0.6,0.2,0.3333333333333333,0.0012942191544434857
2018,ES,PR,3,1,2,1.0,0.6666666666666666,0.3333333333333333,0.5,0.0008628127696289905
2018,ES,PRB,10,1,4,1.0,0.4,0.1,0.25,0.001725625539257981
2018,ES,PROS,3,0,1,0.0,0.0,0.0,0.0,0.0004314063848144953
2018,ES,PRP,3,0,3,0.0,0.0,0.0,0.0,0.0012942191544434857
2018,ES,PRTB,6,0,2,0.0,0.0,0.0,0.0,0.0008628127696289905
2018,ES,PSB,10,2,3,1.0,0.6,0.2,0.3333333333333333,0.0012942191544434857
2018,ES,PSC,1,0,1,0.0,0.0,0.0,0.0,0.0004314063848144953
2018,ES,PSD,2,0,2,0.0,0.0,0.0,0.0,0.0008628127696289905
2018,ES,PSDB,3,0,1,0.0,0.0,0.0,0.0,0.0004314063848144953
2018,ES,PSL,7,1,1,1.0,0.14285714285714285,0.14285714285714285,1.0,0.0004314063848144953
2018,ES,PSOL,7,0,7,0.0,0.0,0.0,0.0,0.0030198446937014668
2018,ES,PT,15,1,3,1.0,0.2,0.06666666666666667,0.3333333333333333,0.0012942191544434857
2018,ES,PTB,13,0,3,0.0,0.0,0.0,0.0,0.0012942191544434857
2018,ES,PTC,1,0,1,0.0,0.0,0.0,0.0,0.0004314063848144953
2018,ES,PV,5,0,4,0.0,0.0,0.0,0.0,0.001725625539257981
2018,ES,REDE,6,0,1,0.0,0.0,0.0,0.0,0.0004314063848144953
2018,ES,SOLIDARIEDADE,2,0,1,0.0,0.0,0.0,0.0,0.0004314063848144953
2018,GO,AVANTE,6,0,0,0.0,0.0,,,0.0
2018,GO,DC,12,0,2,0.0,0.0,0.0,0.0,0.0008628127696289905
2018,GO,DEM,6,2,3,2.0,1.0,0.3333333333333333,0.6666666666666666,0.0012942191544434857
2018,GO,MDB,14,0,2,0.0,0.0,0.0,0.0,0.0008628127696289905
2018,GO,NOVO,6,0,5,0.0,0.0,0.0,0.0,0.0021570319240724763
2018,GO,PATRI,8,0,0,0.0,0.0,,,0.0
2018,GO,PC DO B,3,0,1,0.0,0.0,0.0,0.0,0.0004314063848144953
2018,GO,PCB,1,0,1,0.0,0.0,0.0,0.0,0.0004314063848144953
2018,GO,PCO,1,0,1,0.0,0.0,0.0,0.0,0.0004314063848144953
2018,GO,PDT,2,1,1,1.0,0.5,0.5,1.0,0.0004314063848144953
2018,GO,PHS,20,0,8,0.0,0.0,0.0,0.0,0.003451251078515962
2018,GO,PMN,4,0,2,0.0,0.0,0.0,0.0,0.0008628127696289905
2018,GO,PODE,4,1,2,1.0,0.5,0.25,0.5,0.0008628127696289905
2018,GO,PP,6,2,4,2.0,1.3333333333333333,0.3333333333333333,0.5,0.001725625539257981
2018,GO,PPS,1,0,1,0.0,0.0,0.0,0.0,0.0004314063848144953
2018,GO,PR,1,1,1,1.0,1.0,1.0,1.0,0.0004314063848144953
2018,GO,PRB,1,1,1,1.0,1.0,1.0,1.0,0.0004314063848144953
2018,GO,PROS,1,0,1,0.0,0.0,0.0,0.0,0.0004314063848144953
2018,GO,PRP,4,1,1,1.0,0.25,0.25,1.0,0.0004314063848144953
2018,GO,PRTB,10,0,8,0.0,0.0,0.0,0.0,0.003451251078515962
2018,GO,PSB,2,1,1,1.0,0.5,0.5,1.0,0.0004314063848144953
2018,GO,PSC,6,1,1,1.0,0.16666666666666666,0.16666666666666666,1.0,0.0004314063848144953
2018,GO,PSD,5,1,3,1.0,0.6,0.2,0.3333333333333333,0.0012942191544434857
2018,GO,PSDB,6,1,4,1.0,0.6666666666666666,0.16666666666666666,0.25,0.001725625539257981
2018,GO,PSL,9,2,1,1.0,0.2222222222222222,0.2222222222222222,1.0,0.0004314063848144953
2018,GO,PSOL,16,0,13,0.0,0.0,0.0,0.0,0.0056082830025884385
2018,GO,PT,15,1,2,1.0,0.13333333333333333,0.06666666666666667,0.5,0.0008628127696289905
2018,GO,PTB,3,0,2,0.0,0.0,0.0,0.0,0.0008628127696289905
2018,GO,PTC,11,0,1,0.0,0.0,0.0,0.0,0.0004314063848144953
2018,GO,PV,5,0,4,0.0,0.0,0.0,0.0,0.001725625539257981
2018,GO,REDE,7,0,5,0.0,0.0,0.0,0.0,0.0021570319240724763
2018,GO,SOLIDARIEDADE,1,1,1,1.0,1.0,1.0,1.0,0.0004314063848144953
2018,MA,AVANTE,1,0,0,0.0,0.0,,,0.0
2018,MA,DC,2,0,0,0.0,0.0,,,0.0
2018,MA,DEM,2,1,1,1.0,0.5,0.5,1.0,0.0004314063848144953
2018,MA,MDB,8,2,3,2.0,0.75,0.25,0.6666666666666666,0.0012942191544434857
2018,MA,PATRI,6,1,1,1.0,0.16666666666666666,0.16666666666666666,1.0,0.0004314063848144953
2018,MA,PC DO B,4,2,2,2.0,1.0,0.5,1.0,0.0008628127696289905
2018,MA,PCB,2,0,2,0.0,0.0,0.0,0.0,0.0008628127696289905
2018,MA,PDT,8,1,3,1.0,0.375,0.125,0.3333333333333333,0.0012942191544434857
2018,MA,PHS,12,0,6,0.0,0.0,0.0,0.0,0.0025884383088869713
2018,MA,PMB,3,0,1,0.0,0.0,0.0,0.0,0.0004314063848144953
2018,MA,PMN,12,2,3,2.0,0.5,0.16666666666666666,0.6666666666666666,0.0012942191544434857
2018,MA,PODE,5,1,2,1.0,0.4,0.2,0.5,0.0008628127696289905
2018,MA,PP,4,1,2,1.0,0.5,0.25,0.5,0.0008628127696289905
2018,MA,PPL,1,0,0,0.0,0.0,,,0.0
2018,MA,PPS,1,0,0,0.0,0.0,,,0.0
2018,MA,PR,4,2,3,2.0,1.5,0.5,0.6666666666666666,0.0012942191544434857
2018,MA,PRB,2,1,1,1.0,0.5,0.5,1.0,0.0004314063848144953
2018,MA,PROS,3,0,2,0.0,0.0,0.0,0.0,0.0008628127696289905
2018,MA,PRP,1,0,0,0.0,0.0,,,0.0
2018,MA,PRTB,4,0,1,0.0,0.0,0.0,0.0,0.0004314063848144953
2018,MA,PSB,4,1,1,1.0,0.25,0.25,1.0,0.0004314063848144953
2018,MA,PSC,3,0,1,0.0,0.0,0.0,0.0,0.0004314063848144953
2018,MA,PSD,2,1,2,1.0,1.0,0.5,0.5,0.0008628127696289905
2018,MA,PSDB,11,0,3,0.0,0.0,0.0,0.0,0.0012942191544434857
2018,MA,PSL,23,0,2,0.0,0.0,0.0,0.0,0.0008628127696289905
2018,MA,PSOL,15,0,15,0.0,0.0,0.0,0.0,0.0064710957722174285
2018,MA,PSTU,3,0,0,0.0,0.0,,,0.0
2018,MA,PT,22,1,2,1.0,0.09090909090909091,0.045454545454545456,0.5,0.0008628127696289905
2018,MA,PTB,3,1,1,1.0,0.3333333333333333,0.3333333333333333,1.0,0.0004314063848144953
2018,MA,PTC,3,0,3,0.0,0.0,0.0,0.0,0.0012942191544434857
2018,MA,PV,6,0,2,0.0,0.0,0.0,0.0,0.0008628127696289905
2018,MA,REDE,5,0,2,0.0,0.0,0.0,0.0,0.0008628127696289905
2018,MA,SOLIDARIEDADE,2,0,1,0.0,0.0,0.0,0.0,0.0004314063848144953
2018,MG,AVANTE,77,3,6,2.0,0.23376623376623376,0.03896103896103896,0.3333333333333333,0.0025884383088869713
2018,MG,DC,11,0,5,0.0,0.0,0.0,0.0,0.0021570319240724763
2018,MG,DEM,13,1,4,1.0,0.3076923076923077,0.07692307692307693,0.25,0.001725625539257981
2018,MG,MDB,20,4,8,3.0,1.6,0.2,0.375,0.003451251078515962
2018,MG,NOVO,36,2,15,2.0,0.8333333333333334,0.05555555555555555,0.13333333333333333,0.0064710957722174285
2018,MG,PATRI,33,2,2,1.0,0.12121212121212122,0.06060606060606061,0.5,0.0008628127696289905
2018,MG,PC DO B,8,0,1,0.0,0.0,0.0,0.0,0.0004314063848144953
2018,MG,PCB,12,0,3,0.0,0.0,0.0,0.0,0.0012942191544434857
2018,MG,PDT,24,2,4,2.0,0.3333333333333333,0.08333333333333333,0.5,0.001725625539257981
2018,MG,PHS,71,2,2,1.0,0.056338028169014086,0.028169014084507043,0.5,0.0008628127696289905
2018,MG,PMB,5,0,0,0.0,0.0,,,0.0
2018,MG,PMN,12,1,1,1.0,0.08333333333333333,0.08333333333333333,1.0,0.0004314063848144953
2018,MG,PODE,26,1,4,0.0,0.15384615384615385,0.038461538461538464,0.0,0.001725625539257981
2018,MG,PP,8,2,5,2.0,1.25,0.25,0.4,0.0021570319240724763
2018,MG,PPL,28,0,1,0.0,0.0,0.0,0.0,0.0004314063848144953
2018,MG,PPS,14,0,3,0.0,0.0,0.0,0.0,0.0012942191544434857
2018,MG,PR,6,1,6,1.0,1.0,0.16666666666666666,0.16666666666666666,0.0025884383088869713
2018,MG,PRB,8,2,5,2.0,1.25,0.25,0.4,0.0021570319240724763
2018,MG,PROS,33,2,4,2.0,0.24242424242424243,0.06060606060606061,0.5,0.001725625539257981
2018,MG,PRP,5,0,2,0.0,0.0,0.0,0.0,0.0008628127696289905
2018,MG,PRTB,52,0,1,0.0,0.0,0.0,0.0,0.0004314063848144953
2018,MG,PSB,26,3,7,3.0,0.8076923076923077,0.11538461538461539,0.42857142857142855,0.0030198446937014668
2018,MG,PSC,34,1,4,1.0,0.11764705882352941,0.029411764705882353,0.25,0.001725625539257981
2018,MG,PSD,11,3,5,3.0,1.3636363636363635,0.2727272727272727,0.6,0.0021570319240724763
2018,MG,PSDB,20,5,8,5.0,2.0,0.25,0.625,0.003451251078515962
2018,MG,PSL,76,6,4,1.0,0.3157894736842105,0.07894736842105263,0.25,0.001725625539257981
2018,MG,PSOL,33,1,14,1.0,0.42424242424242425,0.030303030303030304,0.07142857142857142,0.0060396893874029335
2018,MG,PSTU,5,0,0,0.0,0.0,,,0.0
2018,MG,PT,26,8,14,8.0,4.3076923076923075,0.3076923076923077,0.5714285714285714,0.0060396893874029335
2018,MG,PTB,20,0,4,0.0,0.0,0.0,0.0,0.001725625539257981
2018,MG,PTC,25,0,1,0.0,0.0,0.0,0.0,0.0004314063848144953
2018,MG,PV,14,0,9,0.0,0.0,0.0,0.0,0.003882657463330457
2018,MG,REDE,25,0,1,0.0,0.0,0.0,0.0,0.0004314063848144953
2018,MG,SOLIDARIEDADE,8,1,1,1.0,0.125,0.125,1.0,0.0004314063848144953
2018,MS,AVANTE,1,0,0,0.0,0.0,,,0.0
2018,MS,DC,1,0,1,0.0,0.0,0.0,0.0,0.0004314063848144953
2018,MS,DEM,5,1,1,1.0,0.2,0.2,1.0,0.0004314063848144953
2018,MS,MDB,11,0,3,0.0,0.0,0.0,0.0,0.0012942191544434857
2018,MS,NOVO,5,0,4,0.0,0.0,0.0,0.0,0.001725625539257981
2018,MS,PATRI,2,0,0,0.0,0.0,,,0.0
2018,MS,PC DO B,4,0,1,0.0,0.0,0.0,0.0,0.0004314063848144953
2018,MS,PDT,8,1,2,1.0,0.25,0.125,0.5,0.0008628127696289905
2018,MS,PHS,4,0,3,0.0,0.0,0.0,0.0,0.0012942191544434857
2018,MS,PMB,1,0,0,0.0,0.0,,,0.0
2018,MS,PMN,1,0,1,0.0,0.0,0.0,0.0,0.0004314063848144953
2018,MS,PODE,5,0,4,0.0,0.0,0.0,0.0,0.001725625539257981
2018,MS,PPL,3,0,0,0.0,0.0,,,0.0
2018,MS,PPS,2,0,2,0.0,0.0,0.0,0.0,0.0008628127696289905
2018,MS,PR,1,0,1,0.0,0.0,0.0,0.0,0.0004314063848144953
2018,MS,PRB,3,0,1,0.0,0.0,0.0,0.0,0.0004314063848144953
2018,MS,PROS,4,0,3,0.0,0.0,0.0,0.0,0.0012942191544434857
2018,MS,PRP,2,0,1,0.0,0.0,0.0,0.0,0.0004314063848144953
2018,MS,PRTB,3,0,0,0.0,0.0,,,0.0
2018,MS,PSB,1,0,1,0.0,0.0,0.0,0.0,0.0004314063848144953
2018,MS,PSC,2,0,0,0.0,0.0,,,0.0
2018,MS,PSD,2,1,1,1.0,0.5,0.5,1.0,0.0004314063848144953
2018,MS,PSDB,5,2,4,2.0,1.6,0.4,0.5,0.001725625539257981
2018,MS,PSL,4,2,0,0.0,0.0,,,0.0
2018,MS,PSOL,6,0,5,0.0,0.0,0.0,0.0,0.0021570319240724763
2018,MS,PT,16,1,4,1.0,0.25,0.0625,0.25,0.001725625539257981
2018,MS,PTB,1,0,1,0.0,0.0,0.0,0.0,0.0004314063848144953
2018,MS,PTC,1,0,1,0.0,0.0,0.0,0.0,0.0004314063848144953
2018,MS,PV,8,0,5,0.0,0.0,0.0,0.0,0.0021570319240724763
2018,MS,REDE,3,0,3,0.0,0.0,0.0,0.0,0.0012942191544434857
2018,MS,SOLIDARIEDADE,2,0,2,0.0,0.0,0.0,0.0,0.0008628127696289905
2018,MT,DEM,2,0,1,0.0,0.0,0.0,0.0,0.0004314063848144953
2018,MT,MDB,7,2,3,1.0,0.8571428571428571,0.2857142857142857,0.3333333333333333,0.0012942191544434857
2018,MT,NOVO,13,0,13,0.0,0.0,0.0,0.0,0.0056082830025884385
2018,MT,PATRI,3,0,3,0.0,0.0,0.0,0.0,0.0012942191544434857
2018,MT,PC DO B,2,0,2,0.0,0.0,0.0,0.0,0.0008628127696289905
2018,MT,PDT,4,0,2,0.0,0.0,0.0,0.0,0.0008628127696289905
2018,MT,PHS,3,0,2,0.0,0.0,0.0,0.0,0.0008628127696289905
2018,MT,PMB,1,0,0,0.0,0.0,,,0.0
2018,MT,PMN,1,0,1,0.0,0.0,0.0,0.0,0.0004314063848144953
2018,MT,PODE,2,1,1,1.0,0.5,0.5,1.0,0.0004314063848144953
2018,MT,PP,1,0,1,0.0,0.0,0.0,0.0,0.0004314063848144953
2018,MT,PPL,3,0,2,0.0,0.0,0.0,0.0,0.0008628127696289905
2018,MT,PPS,6,0,1,0.0,0.0,0.0,0.0,0.0004314063848144953
2018,MT,PR,2,0,2,0.0,0.0,0.0,0.0,0.0008628127696289905
2018,MT,PRB,1,0,1,0.0,0.0,0.0,0.0,0.0004314063848144953
2018,MT,PROS,4,0,4,0.0,0.0,0.0,0.0,0.001725625539257981
2018,MT,PRP,2,0,1,0.0,0.0,0.0,0.0,0.0004314063848144953
2018,MT,PSB,4,0,1,0.0,0.0,0.0,0.0,0.0004314063848144953
2018,MT,PSC,6,0,2,0.0,0.0,0.0,0.0,0.0008628127696289905
2018,MT,PSD,2,0,2,0.0,0.0,0.0,0.0,0.0008628127696289905
2018,MT,PSDB,4,1,3,0.0,0.75,0.25,0.0,0.0012942191544434857
2018,MT,PSL,5,1,3,1.0,0.6,0.2,0.3333333333333333,0.0012942191544434857
2018,MT,PSOL,9,0,2,0.0,0.0,0.0,0.0,0.0008628127696289905
2018,MT,PT,2,1,2,1.0,1.0,0.5,0.5,0.0008628127696289905
2018,MT,PTB,2,1,1,1.0,0.5,0.5,1.0,0.0004314063848144953
2018,MT,PTC,2,0,1,0.0,0.0,0.0,0.0,0.0004314063848144953
2018,MT,PV,9,0,7,0.0,0.0,0.0,0.0,0.0030198446937014668
2018,MT,REDE,6,0,4,0.0,0.0,0.0,0.0,0.001725625539257981
2018,MT,SOLIDARIEDADE,2,1,1,1.0,0.5,0.5,1.0,0.0004314063848144953
2018,PA,AVANTE,2,0,1,0.0,0.0,0.0,0.0,0.0004314063848144953
2018,PA,DC,1,0,1,0.0,0.0,0.0,0.0,0.0004314063848144953
2018,PA,DEM,5,2,2,2.0,0.8,0.4,1.0,0.0008628127696289905
2018,PA,MDB,6,2,3,2.0,1.0,0.3333333333333333,0.6666666666666666,0.0012942191544434857
2018,PA,PATRI,16,0,0,0.0,0.0,,,0.0
2018,PA,PC DO B,1,0,1,0.0,0.0,0.0,0.0,0.0004314063848144953
2018,PA,PCB,1,0,1,0.0,0.0,0.0,0.0,0.0004314063848144953
2018,PA,PDT,4,0,1,0.0,0.0,0.0,0.0,0.0004314063848144953
2018,PA,PHS,5,0,1,0.0,0.0,0.0,0.0,0.0004314063848144953
2018,PA,PMB,1,0,1,0.0,0.0,0.0,0.0,0.0004314063848144953
2018,PA,PMN,3,0,1,0.0,0.0,0.0,0.0,0.0004314063848144953
2018,PA,PODE,1,0,1,0.0,0.0,0.0,0.0,0.0004314063848144953
2018,PA,PP,1,0,1,0.0,0.0,0.0,0.0,0.0004314063848144953
2018,PA,PPL,7,0,4,0.0,0.0,0.0,0.0,0.001725625539257981
2018,PA,PPS,1,0,1,0.0,0.0,0.0,0.0,0.0004314063848144953
2018,PA,PR,1,1,1,1.0,1.0,1.0,1.0,0.0004314063848144953
2018,PA,PRB,1,1,1,1.0,1.0,1.0,1.0,0.0004314063848144953
2018,PA,PROS,1,0,1,0.0,0.0,0.0,0.0,0.0004314063848144953
2018,PA,PRP,10,0,0,0.0,0.0,,,0.0
2018,PA,PRTB,4,0,3,0.0,0.0,0.0,0.0,0.0012942191544434857
2018,PA,PSB,1,1,1,1.0,1.0,1.0,1.0,0.0004314063848144953
2018,PA,PSC,2,0,1,0.0,0.0,0.0,0.0,0.0004314063848144953
2018,PA,PSD,4,3,2,2.0,1.5,0.75,1.0,0.0008628127696289905
2018,PA,PSDB,6,2,3,1.0,1.0,0.3333333333333333,0.3333333333333333,0.0012942191544434857
2018,PA,PSL,2,0,1,0.0,0.0,0.0,0.0,0.0004314063848144953
2018,PA,PSOL,18,1,3,1.0,0.16666666666666666,0.05555555555555555,0.3333333333333333,0.0012942191544434857
2018,PA,PT,7,2,4,2.0,1.1428571428571428,0.2857142857142857,0.5,0.001725625539257981
2018,PA,PTB,2,2,1,1.0,1.0,1.0,1.0,0.0004314063848144953
2018,PA,PTC,5,0,1,0.0,0.0,0.0,0.0,0.0004314063848144953
2018,PA,PV,2,0,1,0.0,0.0,0.0,0.0,0.0004314063848144953
2018,PA,REDE,5,0,0,0.0,0.0,,,0.0
2018,PA,SOLIDARIEDADE,3,0,1,0.0,0.0,0.0,0.0,0.0004314063848144953
2018,PB,AVANTE,11,0,2,0.0,0.0,0.0,0.0,0.0008628127696289905
2018,PB,DC,1,0,1,0.0,0.0,0.0,0.0,0.0004314063848144953
2018,PB,DEM,2,1,1,1.0,0.5,0.5,1.0,0.0004314063848144953
2018,PB,MDB,10,0,2,0.0,0.0,0.0,0.0,0.0008628127696289905
2018,PB,NOVO,2,0,2,0.0,0.0,0.0,0.0,0.0008628127696289905
2018,PB,PATRI,10,0,1,0.0,0.0,0.0,0.0,0.0004314063848144953
2018,PB,PC DO B,4,0,2,0.0,0.0,0.0,0.0,0.0008628127696289905
2018,PB,PDT,1,1,1,1.0,1.0,1.0,1.0,0.0004314063848144953
2018,PB,PHS,5,0,4,0.0,0.0,0.0,0.0,0.001725625539257981
2018,PB,PMN,2,0,1,0.0,0.0,0.0,0.0,0.0004314063848144953
2018,PB,PODE,2,0,1,0.0,0.0,0.0,0.0,0.0004314063848144953
2018,PB,PP,7,1,4,1.0,0.5714285714285714,0.14285714285714285,0.25,0.001725625539257981
2018,PB,PPL,1,0,0,0.0,0.0,,,0.0
2018,PB,PPS,3,0,1,0.0,0.0,0.0,0.0,0.0004314063848144953
2018,PB,PR,2,1,1,1.0,0.5,0.5,1.0,0.0004314063848144953
2018,PB,PRB,3,1,2,1.0,0.6666666666666666,0.3333333333333333,0.5,0.0008628127696289905
2018,PB,PROS,1,0,1,0.0,0.0,0.0,0.0,0.0004314063848144953
2018,PB,PRP,5,0,2,0.0,0.0,0.0,0.0,0.0008628127696289905
2018,PB,PRTB,7,0,4,0.0,0.0,0.0,0.0,0.001725625539257981
2018,PB,PSB,4,1,2,1.0,0.5,0.25,0.5,0.0008628127696289905
2018,PB,PSC,3,0,2,0.0,0.0,0.0,0.0,0.0008628127696289905
2018,PB,PSD,2,0,0,0.0,0.0,,,0.0
2018,PB,PSDB,8,3,4,3.0,1.5,0.375,0.75,0.001725625539257981
2018,PB,PSL,14,1,2,1.0,0.14285714285714285,0.07142857142857142,0.5,0.0008628127696289905
2018,PB,PSOL,5,0,5,0.0,0.0,0.0,0.0,0.0021570319240724763
2018,PB,PT,4,1,2,1.0,0.5,0.25,0.5,0.0008628127696289905
2018,PB,PTB,2,1,2,1.0,1.0,0.5,0.5,0.0008628127696289905
2018,PB,PTC,6,0,2,0.0,0.0,0.0,0.0,0.0008628127696289905
2018,PB,PV,5,0,2,0.0,0.0,0.0,0.0,0.0008628127696289905
2018,PB,REDE,4,0,1,0.0,0.0,0.0,0.0,0.0004314063848144953
2018,PB,SOLIDARIEDADE,1,0,0,0.0,0.0,,,0.0
2018,PE,AVANTE,6,0,1,0.0,0.0,0.0,0.0,0.0004314063848144953
2018,PE,DC,15,0,8,0.0,0.0,0.0,0.0,0.003451251078515962
2018,PE,DEM,4,1,2,1.0,0.5,0.25,0.5,0.0008628127696289905
2018,PE,MDB,2,1,1,1.0,0.5,0.5,1.0,0.0004314063848144953
2018,PE,NOVO,9,0,3,0.0,0.0,0.0,0.0,0.0012942191544434857
2018,PE,PATRI,35,1,2,1.0,0.05714285714285714,0.02857142857142857,0.5,0.0008628127696289905
2018,PE,PC DO B,1,1,1,1.0,1.0,1.0,1.0,0.0004314063848144953
2018,PE,PCB,4,0,2,0.0,0.0,0.0,0.0,0.0008628127696289905
2018,PE,PDT,9,2,1,1.0,0.2222222222222222,0.2222222222222222,1.0,0.0004314063848144953
2018,PE,PHS,10,1,6,1.0,0.6,0.1,0.16666666666666666,0.0025884383088869713
2018,PE,PMN,11,0,1,0.0,0.0,0.0,0.0,0.0004314063848144953
2018,PE,PODE,2,1,1,1.0,0.5,0.5,1.0,0.0004314063848144953
2018,PE,PP,8,2,4,2.0,1.0,0.25,0.5,0.001725625539257981
2018,PE,PPL,17,0,8,0.0,0.0,0.0,0.0,0.003451251078515962
2018,PE,PPS,4,1,1,1.0,0.25,0.25,1.0,0.0004314063848144953
2018,PE,PR,11,1,2,1.0,0.18181818181818182,0.09090909090909091,0.5,0.0008628127696289905
2018,PE,PRB,3,2,2,2.0,1.3333333333333333,0.6666666666666666,1.0,0.0008628127696289905
2018,PE,PROS,19,0,1,0.0,0.0,0.0,0.0,0.0004314063848144953
2018,PE,PRP,14,0,1,0.0,0.0,0.0,0.0,0.0004314063848144953
2018,PE,PRTB,3,0,2,0.0,0.0,0.0,0.0,0.0008628127696289905
2018,PE,PSB,16,5,8,5.0,2.5,0.3125,0.625,0.003451251078515962
2018,PE,PSC,6,1,1,1.0,0.16666666666666666,0.16666666666666666,1.0,0.0004314063848144953
2018,PE,PSD,1,1,1,1.0,1.0,1.0,1.0,0.0004314063848144953
2018,PE,PSDB,4,0,2,0.0,0.0,0.0,0.0,0.0008628127696289905
2018,PE,PSL,11,1,2,1.0,0.18181818181818182,0.09090909090909091,0.5,0.0008628127696289905
2018,PE,PSOL,31,0,12,0.0,0.0,0.0,0.0,0.005176876617773943
2018,PE,PSTU,2,0,0,0.0,0.0,,,0.0
2018,PE,PT,16,2,4,2.0,0.5,0.125,0.5,0.001725625539257981
2018,PE,PTB,7,0,1,0.0,0.0,0.0,0.0,0.0004314063848144953
2018,PE,PTC,5,0,5,0.0,0.0,0.0,0.0,0.0021570319240724763
2018,PE,PV,8,0,5,0.0,0.0,0.0,0.0,0.0021570319240724763
2018,PE,REDE,26,0,3,0.0,0.0,0.0,0.0,0.0012942191544434857
2018,PE,SOLIDARIEDADE,6,1,2,1.0,0.3333333333333333,0.16666666666666666,0.5,0.0008628127696289905
2018,PI,AVANTE,2,0,1,0.0,0.0,0.0,0.0,0.0004314063848144953
2018,PI,DC,8,0,2,0.0,0.0,0.0,0.0,0.0008628127696289905
2018,PI,DEM,1,0,1,0.0,0.0,0.0,0.0,0.0004314063848144953
2018,PI,MDB,3,1,2,1.0,0.6666666666666666,0.3333333333333333,0.5,0.0008628127696289905
2018,PI,PATRI,1,0,1,0.0,0.0,0.0,0.0,0.0004314063848144953
2018,PI,PC DO B,1,0,1,0.0,0.0,0.0,0.0,0.0004314063848144953
2018,PI,PCB,1,0,1,0.0,0.0,0.0,0.0,0.0004314063848144953
2018,PI,PDT,1,1,1,1.0,1.0,1.0,1.0,0.0004314063848144953
2018,PI,PHS,4,0,2,0.0,0.0,0.0,0.0,0.0008628127696289905
2018,PI,PMN,4,0,1,0.0,0.0,0.0,0.0,0.0004314063848144953
2018,PI,PODE,2,0,0,0.0,0.0,,,0.0
2018,PI,PP,5,2,3,2.0,1.2,0.4,0.6666666666666666,0.0012942191544434857
2018,PI,PPS,4,0,2,0.0,0.0,0.0,0.0,0.0008628127696289905
2018,PI,PR,1,1,1,1.0,1.0,1.0,1.0,0.0004314063848144953
2018,PI,PRB,5,0,2,0.0,0.0,0.0,0.0,0.0008628127696289905
2018,PI,PROS,6,0,1,0.0,0.0,0.0,0.0,0.0004314063848144953
2018,PI,PRP,10,0,5,0.0,0.0,0.0,0.0,0.0021570319240724763
2018,PI,PRTB,8,0,0,0.0,0.0,,,0.0
2018,PI,PSB,4,1,2,1.0,0.5,0.25,0.5,0.0008628127696289905
2018,PI,PSC,6,0,1,0.0,0.0,0.0,0.0,0.0004314063848144953
2018,PI,PSD,1,1,1,1.0,1.0,1.0,1.0,0.0004314063848144953
2018,PI,PSDB,5,0,2,0.0,0.0,0.0,0.0,0.0008628127696289905
2018,PI,PSL,6,0,0,0.0,0.0,,,0.0
2018,PI,PSOL,7,0,6,0.0,0.0,0.0,0.0,0.0025884383088869713
2018,PI,PSTU,1,0,0,0.0,0.0,,,0.0
2018,PI,PT,7,2,4,2.0,1.1428571428571428,0.2857142857142857,0.5,0.001725625539257981
2018,PI,PTB,1,0,1,0.0,0.0,0.0,0.0,0.0004314063848144953
2018,PI,PTC,1,1,1,1.0,1.0,1.0,1.0,0.0004314063848144953
2018,PI,PV,9,0,8,0.0,0.0,0.0,0.0,0.003451251078515962
2018,PI,REDE,5,0,1,0.0,0.0,0.0,0.0,0.0004314063848144953
2018,PI,SOLIDARIEDADE,3,0,1,0.0,0.0,0.0,0.0,0.0004314063848144953
2018,PR,AVANTE,6,0,2,0.0,0.0,0.0,0.0,0.0008628127696289905
2018,PR,DC,7,0,3,0.0,0.0,0.0,0.0,0.0012942191544434857
2018,PR,DEM,4,1,2,1.0,0.5,0.25,0.5,0.0008628127696289905
2018,PR,MDB,18,2,3,2.0,0.3333333333333333,0.1111111111111111,0.6666666666666666,0.0012942191544434857
2018,PR,NOVO,16,0,11,0.0,0.0,0.0,0.0,0.004745470232959448
2018,PR,PATRI,4,0,1,0.0,0.0,0.0,0.0,0.0004314063848144953
2018,PR,PC DO B,15,0,1,0.0,0.0,0.0,0.0,0.0004314063848144953
2018,PR,PCO,1,0,1,0.0,0.0,0.0,0.0,0.0004314063848144953
2018,PR,PDT,9,1,3,1.0,0.3333333333333333,0.1111111111111111,0.3333333333333333,0.0012942191544434857
2018,PR,PHS,11,0,2,0.0,0.0,0.0,0.0,0.0008628127696289905
2018,PR,PMB,2,0,0,0.0,0.0,,,0.0
2018,PR,PMN,3,0,1,0.0,0.0,0.0,0.0,0.0004314063848144953
2018,PR,PODE,9,1,2,1.0,0.2222222222222222,0.1111111111111111,0.5,0.0008628127696289905
2018,PR,PP,10,2,6,2.0,1.2,0.2,0.3333333333333333,0.0025884383088869713
2018,PR,PPL,25,0,20,0.0,0.0,0.0,0.0,0.008628127696289905
2018,PR,PPS,4,1,1,1.0,0.25,0.25,1.0,0.0004314063848144953
2018,PR,PR,3,3,3,3.0,3.0,1.0,1.0,0.0012942191544434857
2018,PR,PRB,22,2,4,2.0,0.36363636363636365,0.09090909090909091,0.5,0.001725625539257981
2018,PR,PROS,5,2,3,1.0,1.2,0.4,0.3333333333333333,0.0012942191544434857
2018,PR,PRP,5,0,2,0.0,0.0,0.0,0.0,0.0008628127696289905
2018,PR,PRTB,37,0,11,0.0,0.0,0.0,0.0,0.004745470232959448
2018,PR,PSB,9,2,3,2.0,0.6666666666666666,0.2222222222222222,0.6666666666666666,0.0012942191544434857
2018,PR,PSC,7,1,3,1.0,0.42857142857142855,0.14285714285714285,0.3333333333333333,0.0012942191544434857
2018,PR,PSD,22,4,7,3.0,1.2727272727272727,0.18181818181818182,0.42857142857142855,0.0030198446937014668
2018,PR,PSDB,10,0,4,0.0,0.0,0.0,0.0,0.001725625539257981
2018,PR,PSL,29,3,2,0.0,0.20689655172413793,0.10344827586206896,0.0,0.0008628127696289905
2018,PR,PSOL,29,0,29,0.0,0.0,0.0,0.0,0.012510785159620362
2018,PR,PT,33,3,5,3.0,0.45454545454545453,0.09090909090909091,0.6,0.0021570319240724763
2018,PR,PTB,1,1,1,1.0,1.0,1.0,1.0,0.0004314063848144953
2018,PR,PTC,7,0,2,0.0,0.0,0.0,0.0,0.0008628127696289905
2018,PR,PV,40,1,3,1.0,0.075,0.025,0.3333333333333333,0.0012942191544434857
2018,PR,REDE,11,0,9,0.0,0.0,0.0,0.0,0.003882657463330457
2018,PR,SOLIDARIEDADE,1,0,1,0.0,0.0,0.0,0.0,0.0004314063848144953
2018,RJ,AVANTE,48,1,2,1.0,0.041666666666666664,0.020833333333333332,0.5,0.0008628127696289905
2018,RJ,DC,44,1,10,0.0,0.22727272727272727,0.022727272727272728,0.0,0.004314063848144953
2018,RJ,DEM,22,4,8,3.0,1.4545454545454546,0.18181818181818182,0.375,0.003451251078515962
2018,RJ,MDB,18,3,9,2.0,1.5,0.16666666666666666,0.2222222222222222,0.003882657463330457
2018,RJ,NOVO,19,1,11,1.0,0.5789473684210527,0.05263157894736842,0.09090909090909091,0.004745470232959448
2018,RJ,PATRI,31,0,2,0.0,0.0,0.0,0.0,0.0008628127696289905
2018,RJ,PC DO B,9,1,1,1.0,0.1111111111111111,0.1111111111111111,1.0,0.0004314063848144953
2018,RJ,PCB,1,0,1,0.0,0.0,0.0,0.0,0.0004314063848144953
2018,RJ,PDT,49,2,5,2.0,0.20408163265306123,0.04081632653061224,0.4,0.0021570319240724763
2018,RJ,PHS,63,1,2,0.0,0.031746031746031744,0.015873015873015872,0.0,0.0008628127696289905
2018,RJ,PMB,37,0,1,0.0,0.0,0.0,0.0,0.0004314063848144953
2018,RJ,PMN,19,0,1,0.0,0.0,0.0,0.0,0.0004314063848144953
2018,RJ,PODE,38,0,2,0.0,0.0,0.0,0.0,0.0008628127696289905
2018,RJ,PP,13,2,4,2.0,0.6153846153846154,0.15384615384615385,0.5,0.001725625539257981
2018,RJ,PPL,40,0,10,0.0,0.0,0.0,0.0,0.004314063848144953
2018,RJ,PPS,14,1,6,1.0,0.42857142857142855,0.07142857142857142,0.16666666666666666,0.0025884383088869713
2018,RJ,PR,26,2,7,2.0,0.5384615384615384,0.07692307692307693,0.2857142857142857,0.0030198446937014668
2018,RJ,PRB,59,2,8,2.0,0.2711864406779661,0.03389830508474576,0.25,0.003451251078515962
2018,RJ,PROS,11,1,2,1.0,0.18181818181818182,0.09090909090909091,0.5,0.0008628127696289905
2018,RJ,PRP,57,1,2,0.0,0.03508771929824561,0.017543859649122806,0.0,0.0008628127696289905
2018,RJ,PRTB,52,0,5,0.0,0.0,0.0,0.0,0.0021570319240724763
2018,RJ,PSB,15,1,2,1.0,0.13333333333333333,0.06666666666666667,0.5,0.0008628127696289905
2018,RJ,PSC,54,1,4,0.0,0.07407407407407407,0.018518518518518517,0.0,0.001725625539257981
2018,RJ,PSD,56,3,9,3.0,0.48214285714285715,0.05357142857142857,0.3333333333333333,0.003882657463330457
2018,RJ,PSDB,21,0,3,0.0,0.0,0.0,0.0,0.0012942191544434857
2018,RJ,PSL,63,12,7,4.0,1.3333333333333333,0.19047619047619047,0.5714285714285714,0.0030198446937014668
2018,RJ,PSOL,44,4,8,4.0,0.7272727272727273,0.09090909090909091,0.5,0.003451251078515962
2018,RJ,PT,24,1,8,1.0,0.3333333333333333,0.041666666666666664,0.125,0.003451251078515962
2018,RJ,PTB,14,0,4,0.0,0.0,0.0,0.0,0.001725625539257981
2018,RJ,PTC,29,0,1,0.0,0.0,0.0,0.0,0.0004314063848144953
2018,RJ,PV,14,0,4,0.0,0.0,0.0,0.0,0.001725625539257981
2018,RJ,REDE,13,0,2,0.0,0.0,0.0,0.0,0.0008628127696289905
2018,RJ,SOLIDARIEDADE,29,1,2,1.0,0.06896551724137931,0.034482758620689655,0.5,0.0008628127696289905
2018,RN,AVANTE,2,0,1,0.0,0.0,0.0,0.0,0.0004314063848144953
2018,RN,DC,1,0,1,0.0,0.0,0.0,0.0,0.0004314063848144953
2018,RN,DEM,1,0,1,0.0,0.0,0.0,0.0,0.0004314063848144953
2018,RN,MDB,4,1,2,1.0,0.5,0.25,0.5,0.0008628127696289905
2018,RN,NOVO,5,0,5,0.0,0.0,0.0,0.0,0.0021570319240724763
2018,RN,PATRI,11,0,0,0.0,0.0,,,0.0
2018,RN,PC DO B,6,0,2,0.0,0.0,0.0,0.0,0.0008628127696289905
2018,RN,PCO,1,0,1,0.0,0.0,0.0,0.0,0.0004314063848144953
2018,RN,PDT,4,0,3,0.0,0.0,0.0,0.0,0.0012942191544434857
2018,RN,PHS,4,0,4,0.0,0.0,0.0,0.0,0.001725625539257981
2018,RN,PMB,2,0,0,0.0,0.0,,,0.0
2018,RN,PMN,1,0,1,0.0,0.0,0.0,0.0,0.0004314063848144953
2018,RN,PODE,3,0,1,0.0,0.0,0.0,0.0,0.0004314063848144953
2018,RN,PP,3,1,2,1.0,0.6666666666666666,0.3333333333333333,0.5,0.0008628127696289905
2018,RN,PPL,4,0,0,0.0,0.0,,,0.0
2018,RN,PPS,1,0,1,0.0,0.0,0.0,0.0,0.0004314063848144953
2018,RN,PR,1,1,1,1.0,1.0,1.0,1.0,0.0004314063848144953
2018,RN,PRB,2,0,2,0.0,0.0,0.0,0.0,0.0008628127696289905
2018,RN,PROS,1,0,1,0.0,0.0,0.0,0.0,0.0004314063848144953
2018,RN,PRP,2,0,0,0.0,0.0,,,0.0
2018,RN,PRTB,11,0,4,0.0,0.0,0.0,0.0,0.001725625539257981
2018,RN,PSB,1,1,1,1.0,1.0,1.0,1.0,0.0004314063848144953
2018,RN,PSC,2,0,1,0.0,0.0,0.0,0.0,0.0004314063848144953
2018,RN,PSD,2,1,1,1.0,0.5,0.5,1.0,0.0004314063848144953
2018,RN,PSDB,1,0,1,0.0,0.0,0.0,0.0,0.0004314063848144953
2018,RN,PSL,1,1,1,1.0,1.0,1.0,1.0,0.0004314063848144953
2018,RN,PSOL,11,0,11,0.0,0.0,0.0,0.0,0.004745470232959448
2018,RN,PSTU,1,0,0,0.0,0.0,,,0.0
2018,RN,PT,6,1,3,1.0,0.5,0.16666666666666666,0.3333333333333333,0.0012942191544434857
2018,RN,PTB,1,0,0,0.0,0.0,,,0.0
2018,RN,PTC,2,1,1,1.0,0.5,0.5,1.0,0.0004314063848144953
2018,RN,PV,1,0,1,0.0,0.0,0.0,0.0,0.0004314063848144953
2018,RN,REDE,3,0,1,0.0,0.0,0.0,0.0,0.0004314063848144953
2018,RN,SOLIDARIEDADE,11,0,7,0.0,0.0,0.0,0.0,0.0030198446937014668
2018,RO,DEM,7,0,3,0.0,0.0,0.0,0.0,0.0012942191544434857
2018,RO,MDB,7,1,2,1.0,0.2857142857142857,0.14285714285714285,0.5,0.0008628127696289905
2018,RO,NOVO,3,0,3,0.0,0.0,0.0,0.0,0.0012942191544434857
2018,RO,PATRI,3,0,0,0.0,0.0,,,0.0
2018,RO,PC DO B,2,0,1,0.0,0.0,0.0,0.0,0.0004314063848144953
2018,RO,PDT,3,1,1,1.0,0.3333333333333333,0.3333333333333333,1.0,0.0004314063848144953
2018,RO,PHS,4,0,3,0.0,0.0,0.0,0.0,0.0012942191544434857
2018,RO,PMB,1,0,0,0.0,0.0,,,0.0
2018,RO,PMN,4,0,2,0.0,0.0,0.0,0.0,0.0008628127696289905
2018,RO,PODE,1,1,1,1.0,1.0,1.0,1.0,0.0004314063848144953
2018,RO,PP,4,1,1,1.0,0.25,0.25,1.0,0.0004314063848144953
2018,RO,PPS,2,0,1,0.0,0.0,0.0,0.0,0.0004314063848144953
2018,RO,PR,2,0,1,0.0,0.0,0.0,0.0,0.0004314063848144953
2018,RO,PRB,1,0,1,0.0,0.0,0.0,0.0,0.0004314063848144953
2018,RO,PROS,4,0,1,0.0,0.0,0.0,0.0,0.0004314063848144953
2018,RO,PRP,3,0,2,0.0,0.0,0.0,0.0,0.0008628127696289905
2018,RO,PRTB,2,0,0,0.0,0.0,,,0.0
2018,RO,PSB,1,1,1,1.0,1.0,1.0,1.0,0.0004314063848144953
2018,RO,PSC,1,0,1,0.0,0.0,0.0,0.0,0.0004314063848144953
2018,RO,PSD,2,1,1,1.0,0.5,0.5,1.0,0.0004314063848144953
2018,RO,PSDB,2,1,1,1.0,0.5,0.5,1.0,0.0004314063848144953
2018,RO,PSL,11,1,0,0.0,0.0,,,0.0
2018,RO,PSOL,3,0,1,0.0,0.0,0.0,0.0,0.0004314063848144953
2018,RO,PSTU,1,0,0,0.0,0.0,,,0.0
2018,RO,PT,4,0,2,0.0,0.0,0.0,0.0,0.0008628127696289905
2018,RO,PTB,1,0,1,0.0,0.0,0.0,0.0,0.0004314063848144953
2018,RO,PTC,1,0,1,0.0,0.0,0.0,0.0,0.0004314063848144953
2018,RO,PV,5,0,3,0.0,0.0,0.0,0.0,0.0012942191544434857
2018,RO,REDE,6,0,0,0.0,0.0,,,0.0
2018,RO,SOLIDARIEDADE,1,0,1,0.0,0.0,0.0,0.0,0.0004314063848144953
2018,RR,AVANTE,6,0,1,0.0,0.0,0.0,0.0,0.0004314063848144953
2018,RR,DC,3,0,2,0.0,0.0,0.0,0.0,0.0008628127696289905
2018,RR,DEM,5,0,1,0.0,0.0,0.0,0.0,0.0004314063848144953
2018,RR,MDB,3,0,1,0.0,0.0,0.0,0.0,0.0004314063848144953
2018,RR,PATRI,9,0,3,0.0,0.0,0.0,0.0,0.0012942191544434857
2018,RR,PC DO B,4,0,1,0.0,0.0,0.0,0.0,0.0004314063848144953
2018,RR,PCB,1,0,1,0.0,0.0,0.0,0.0,0.0004314063848144953
2018,RR,PDT,3,0,2,0.0,0.0,0.0,0.0,0.0008628127696289905
2018,RR,PHS,7,0,1,0.0,0.0,0.0,0.0,0.0004314063848144953
2018,RR,PMB,2,0,1,0.0,0.0,0.0,0.0,0.0004314063848144953
2018,RR,PODE,6,0,5,0.0,0.0,0.0,0.0,0.0021570319240724763
2018,RR,PP,3,1,1,1.0,0.3333333333333333,0.3333333333333333,1.0,0.0004314063848144953
2018,RR,PPL,1,0,1,0.0,0.0,0.0,0.0,0.0004314063848144953
2018,RR,PPS,4,0,3,0.0,0.0,0.0,0.0,0.0012942191544434857
2018,RR,PR,6,1,3,1.0,0.5,0.16666666666666666,0.3333333333333333,0.0012942191544434857
2018,RR,PRB,2,1,1,1.0,0.5,0.5,1.0,0.0004314063848144953
2018,RR,PROS,6,0,1,0.0,0.0,0.0,0.0,0.0004314063848144953
2018,RR,PRP,4,0,4,0.0,0.0,0.0,0.0,0.001725625539257981
2018,RR,PRTB,4,0,3,0.0,0.0,0.0,0.0,0.0012942191544434857
2018,RR,PSB,5,0,2,0.0,0.0,0.0,0.0,0.0008628127696289905
2018,RR,PSC,2,0,1,0.0,0.0,0.0,0.0,0.0004314063848144953
2018,RR,PSD,4,1,1,0.0,0.25,0.25,0.0,0.0004314063848144953
2018,RR,PSDB,5,1,1,1.0,0.2,0.2,1.0,0.0004314063848144953
2018,RR,PSL,9,1,4,1.0,0.4444444444444444,0.1111111111111111,0.25,0.001725625539257981
2018,RR,PSOL,4,0,4,0.0,0.0,0.0,0.0,0.001725625539257981
2018,RR,PSTU,1,0,1,0.0,0.0,0.0,0.0,0.0004314063848144953
2018,RR,PT,2,0,1,0.0,0.0,0.0,0.0,0.0004314063848144953
2018,RR,PTB,4,0,1,0.0,0.0,0.0,0.0,0.0004314063848144953
2018,RR,PTC,2,0,1,0.0,0.0,0.0,0.0,0.0004314063848144953
2018,RR,PV,6,0,2,0.0,0.0,0.0,0.0,0.0008628127696289905
2018,RR,REDE,4,1,1,1.0,0.25,0.25,1.0,0.0004314063848144953
2018,RR,SOLIDARIEDADE,6,1,4,1.0,0.6666666666666666,0.16666666666666666,0.25,0.001725625539257981
2018,RS,AVANTE,5,0,2,0.0,0.0,0.0,0.0,0.0008628127696289905
2018,RS,DC,2,0,2,0.0,0.0,0.0,0.0,0.0008628127696289905
2018,RS,DEM,8,1,1,1.0,0.125,0.125,1.0,0.0004314063848144953
2018,RS,MDB,25,4,10,4.0,1.6,0.16,0.4,0.004314063848144953
2018,RS,NOVO,18,1,10,1.0,0.5555555555555556,0.05555555555555555,0.1,0.004314063848144953
2018,RS,PATRI,5,0,2,0.0,0.0,0.0,0.0,0.0008628127696289905
2018,RS,PC DO B,26,0,4,0.0,0.0,0.0,0.0,0.001725625539257981
2018,RS,PCB,1,0,1,0.0,0.0,0.0,0.0,0.0004314063848144953
2018,RS,PDT,23,3,4,3.0,0.5217391304347826,0.13043478260869565,0.75,0.001725625539257981
2018,RS,PHS,3,0,3,0.0,0.0,0.0,0.0,0.0012942191544434857
2018,RS,PMB,12,0,1,0.0,0.0,0.0,0.0,0.0004314063848144953
2018,RS,PMN,3,0,1,0.0,0.0,0.0,0.0,0.0004314063848144953
2018,RS,PODE,1,0,1,0.0,0.0,0.0,0.0,0.0004314063848144953
2018,RS,PP,18,4,7,4.0,1.5555555555555556,0.2222222222222222,0.5714285714285714,0.0030198446937014668
2018,RS,PPL,22,0,10,0.0,0.0,0.0,0.0,0.004314063848144953
2018,RS,PPS,30,0,11,0.0,0.0,0.0,0.0,0.004745470232959448
2018,RS,PR,7,1,1,1.0,0.14285714285714285,0.14285714285714285,1.0,0.0004314063848144953
2018,RS,PRB,7,1,2,1.0,0.2857142857142857,0.14285714285714285,0.5,0.0008628127696289905
2018,RS,PROS,9,0,1,0.0,0.0,0.0,0.0,0.0004314063848144953
2018,RS,PRP,8,0,3,0.0,0.0,0.0,0.0,0.0012942191544434857
2018,RS,PSB,29,2,7,2.0,0.4827586206896552,0.06896551724137931,0.2857142857142857,0.0030198446937014668
2018,RS,PSC,9,0,1,0.0,0.0,0.0,0.0,0.0004314063848144953
2018,RS,PSD,17,1,3,1.0,0.17647058823529413,0.058823529411764705,0.3333333333333333,0.0012942191544434857
2018,RS,PSDB,7,2,2,1.0,0.5714285714285714,0.2857142857142857,0.5,0.0008628127696289905
2018,RS,PSL,21,3,5,0.0,0.7142857142857143,0.14285714285714285,0.0,0.0021570319240724763
2018,RS,PSOL,39,1,4,1.0,0.10256410256410256,0.02564102564102564,0.25,0.001725625539257981
2018,RS,PSTU,4,0,0,0.0,0.0,,,0.0
2018,RS,PT,20,5,9,5.0,2.25,0.25,0.5555555555555556,0.003882657463330457
2018,RS,PTB,9,2,5,2.0,1.1111111111111112,0.2222222222222222,0.4,0.0021570319240724763
2018,RS,PTC,7,0,6,0.0,0.0,0.0,0.0,0.0025884383088869713
2018,RS,PV,1,0,1,0.0,0.0,0.0,0.0,0.0004314063848144953
2018,RS,REDE,6,0,1,0.0,0.0,0.0,0.0,0.0004314063848144953
2018,RS,SOLIDARIEDADE,2,0,2,0.0,0.0,0.0,0.0,0.0008628127696289905
2018,SC,AVANTE,9,0,2,0.0,0.0,0.0,0.0,0.0008628127696289905
2018,SC,DC,1,0,1,0.0,0.0,0.0,0.0,0.0004314063848144953
2018,SC,DEM,2,0,2,0.0,0.0,0.0,0.0,0.0008628127696289905
2018,SC,MDB,15,3,6,3.0,1.2,0.2,0.5,0.0025884383088869713
2018,SC,NOVO,16,1,10,1.0,0.625,0.0625,0.1,0.004314063848144953
2018,SC,PATRI,16,0,8,0.0,0.0,0.0,0.0,0.003451251078515962
2018,SC,PC DO B,1,0,1,0.0,0.0,0.0,0.0,0.0004314063848144953
2018,SC,PCB,3,0,2,0.0,0.0,0.0,0.0,0.0008628127696289905
2018,SC,PDT,1,0,1,0.0,0.0,0.0,0.0,0.0004314063848144953
2018,SC,PHS,2,0,0,0.0,0.0,,,0.0
2018,SC,PMN,5,0,2,0.0,0.0,0.0,0.0,0.0008628127696289905
2018,SC,PODE,5,0,1,0.0,0.0,0.0,0.0,0.0004314063848144953
2018,SC,PP,9,1,4,1.0,0.4444444444444444,0.1111111111111111,0.25,0.001725625539257981
2018,SC,PPL,2,0,1,0.0,0.0,0.0,0.0,0.0004314063848144953
2018,SC,PPS,2,1,1,1.0,0.5,0.5,1.0,0.0004314063848144953
2018,SC,PR,1,0,1,0.0,0.0,0.0,0.0,0.0004314063848144953
2018,SC,PRB,5,1,2,1.0,0.4,0.2,0.5,0.0008628127696289905
2018,SC,PROS,2,0,1,0.0,0.0,0.0,0.0,0.0004314063848144953
2018,SC,PRP,9,0,3,0.0,0.0,0.0,0.0,0.0012942191544434857
2018,SC,PRTB,5,0,2,0.0,0.0,0.0,0.0,0.0008628127696289905
2018,SC,PSB,13,1,4,1.0,0.3076923076923077,0.07692307692307693,0.25,0.001725625539257981
2018,SC,PSC,1,0,1,0.0,0.0,0.0,0.0,0.0004314063848144953
2018,SC,PSD,9,2,3,2.0,0.6666666666666666,0.2222222222222222,0.6666666666666666,0.0012942191544434857
2018,SC,PSDB,17,1,4,1.0,0.23529411764705882,0.058823529411764705,0.25,0.001725625539257981
2018,SC,PSL,19,4,12,2.5,2.526315789473684,0.21052631578947367,0.20833333333333334,0.005176876617773943
2018,SC,PSOL,16,0,5,0.0,0.0,0.0,0.0,0.0021570319240724763
2018,SC,PSTU,2,0,0,0.0,0.0,,,0.0
2018,SC,PT,11,1,5,1.0,0.45454545454545453,0.09090909090909091,0.2,0.0021570319240724763
2018,SC,PTB,1,0,1,0.0,0.0,0.0,0.0,0.0004314063848144953
2018,SC,PTC,21,0,1,0.0,0.0,0.0,0.0,0.0004314063848144953
2018,SC,PV,4,0,1,0.0,0.0,0.0,0.0,0.0004314063848144953
2018,SC,REDE,6,0,2,0.0,0.0,0.0,0.0,0.0008628127696289905
2018,SC,SOLIDARIEDADE,1,0,1,0.0,0.0,0.0,0.0,0.0004314063848144953
2018,SE,AVANTE,6,0,4,0.0,0.0,0.0,0.0,0.001725625539257981
2018,SE,DC,3,0,1,0.0,0.0,0.0,0.0,0.0004314063848144953
2018,SE,DEM,5,0,0,0.0,0.0,,,0.0
2018,SE,MDB,3,1,1,1.0,0.3333333333333333,0.3333333333333333,1.0,0.0004314063848144953
2018,SE,NOVO,2,0,2,0.0,0.0,0.0,0.0,0.0008628127696289905
2018,SE,PATRI,2,0,1,0.0,0.0,0.0,0.0,0.0004314063848144953
2018,SE,PC DO B,2,0,1,0.0,0.0,0.0,0.0,0.0004314063848144953
2018,SE,PCB,1,0,0,0.0,0.0,,,0.0
2018,SE,PDT,3,1,2,1.0,0.6666666666666666,0.3333333333333333,0.5,0.0008628127696289905
2018,SE,PHS,3,0,3,0.0,0.0,0.0,0.0,0.0012942191544434857
2018,SE,PMN,4,0,1,0.0,0.0,0.0,0.0,0.0004314063848144953
2018,SE,PODE,4,0,0,0.0,0.0,,,0.0
2018,SE,PP,1,1,1,1.0,1.0,1.0,1.0,0.0004314063848144953
2018,SE,PPL,3,0,2,0.0,0.0,0.0,0.0,0.0008628127696289905
2018,SE,PPS,2,0,1,0.0,0.0,0.0,0.0,0.0004314063848144953
2018,SE,PR,4,1,2,1.0,0.5,0.25,0.5,0.0008628127696289905
2018,SE,PRB,2,0,1,0.0,0.0,0.0,0.0,0.0004314063848144953
2018,SE,PROS,1,0,1,0.0,0.0,0.0,0.0,0.0004314063848144953
2018,SE,PRTB,3,0,2,0.0,0.0,0.0,0.0,0.0008628127696289905
2018,SE,PSB,6,0,2,0.0,0.0,0.0,0.0,0.0008628127696289905
2018,SE,PSC,1,0,1,0.0,0.0,0.0,0.0,0.0004314063848144953
2018,SE,PSD,1,1,1,1.0,1.0,1.0,1.0,0.0004314063848144953
2018,SE,PSDB,3,0,2,0.0,0.0,0.0,0.0,0.0008628127696289905
2018,SE,PSL,8,0,0,0.0,0.0,,,0.0
2018,SE,PSOL,9,0,7,0.0,0.0,0.0,0.0,0.0030198446937014668
2018,SE,PSTU,2,0,0,0.0,0.0,,,0.0
2018,SE,PT,3,2,2,2.0,1.3333333333333333,0.6666666666666666,1.0,0.0008628127696289905
2018,SE,PTB,2,0,2,0.0,0.0,0.0,0.0,0.0008628127696289905
2018,SE,PV,7,0,6,0.0,0.0,0.0,0.0,0.0025884383088869713
2018,SE,REDE,12,0,10,0.0,0.0,0.0,0.0,0.004314063848144953
2018,SE,SOLIDARIEDADE,2,1,1,1.0,0.5,0.5,1.0,0.0004314063848144953
2018,SP,AVANTE,96,0,10,0.0,0.0,0.0,0.0,0.004314063848144953
2018,SP,DC,26,0,19,0.0,0.0,0.0,0.0,0.00819672131147541
2018,SP,DEM,14,5,7,4.0,2.5,0.35714285714285715,0.5714285714285714,0.0030198446937014668
2018,SP,MDB,63,2,9,2.0,0.2857142857142857,0.031746031746031744,0.2222222222222222,0.003882657463330457
2018,SP,NOVO,45,3,10,2.0,0.6666666666666666,0.06666666666666667,0.2,0.004314063848144953
2018,SP,PATRI,91,0,5,0.0,0.0,0.0,0.0,0.0021570319240724763
2018,SP,PC DO B,2,1,1,1.0,0.5,0.5,1.0,0.0004314063848144953
2018,SP,PCB,2,0,2,0.0,0.0,0.0,0.0,0.0008628127696289905
2018,SP,PDT,25,1,5,1.0,0.2,0.04,0.2,0.0021570319240724763
2018,SP,PHS,11,0,3,0.0,0.0,0.0,0.0,0.0012942191544434857
2018,SP,PMB,10,0,0,0.0,0.0,,,0.0
2018,SP,PMN,44,0,5,0.0,0.0,0.0,0.0,0.0021570319240724763
2018,SP,PODE,73,3,5,3.0,0.2054794520547945,0.0410958904109589,0.6,0.0021570319240724763
2018,SP,PP,6,4,5,4.0,3.3333333333333335,0.6666666666666666,0.8,0.0021570319240724763
2018,SP,PPL,51,0,27,0.0,0.0,0.0,0.0,0.011647972389991372
2018,SP,PPS,11,2,4,2.0,0.7272727272727273,0.18181818181818182,0.5,0.001725625539257981
2018,SP,PR,44,7,15,7.0,2.3863636363636362,0.1590909090909091,0.4666666666666667,0.0064710957722174285
2018,SP,PRB,97,6,17,6.0,1.0515463917525774,0.061855670103092786,0.35294117647058826,0.007333908541846419
2018,SP,PROS,97,0,9,0.0,0.0,0.0,0.0,0.003882657463330457
2018,SP,PRP,78,0,9,0.0,0.0,0.0,0.0,0.003882657463330457
2018,SP,PRTB,39,0,6,0.0,0.0,0.0,0.0,0.0025884383088869713
2018,SP,PSB,48,4,9,2.0,0.75,0.08333333333333333,0.2222222222222222,0.003882657463330457
2018,SP,PSC,3,1,1,1.0,0.3333333333333333,0.3333333333333333,1.0,0.0004314063848144953
2018,SP,PSD,22,2,10,2.0,0.9090909090909091,0.09090909090909091,0.2,0.004314063848144953
2018,SP,PSDB,57,6,19,5.0,2.0,0.10526315789473684,0.2631578947368421,0.00819672131147541
2018,SP,PSL,58,10,16,4.0,2.7586206896551726,0.1724137931034483,0.25,0.006902502157031924
2018,SP,PSOL,82,3,6,3.0,0.21951219512195122,0.036585365853658534,0.5,0.0025884383088869713
2018,SP,PSTU,7,0,3,0.0,0.0,0.0,0.0,0.0012942191544434857
2018,SP,PT,72,8,24,8.0,2.6666666666666665,0.1111111111111111,0.3333333333333333,0.010353753235547885
2018,SP,PTB,25,0,3,0.0,0.0,0.0,0.0,0.0012942191544434857
2018,SP,PTC,29,0,5,0.0,0.0,0.0,0.0,0.0021570319240724763
2018,SP,PV,80,1,6,0.5,0.075,0.0125,0.08333333333333333,0.0025884383088869713
2018,SP,REDE,30,0,2,0.0,0.0,0.0,0.0,0.0008628127696289905
2018,SP,SOLIDARIEDADE,45,1,9,1.0,0.2,0.022222222222222223,0.1111111111111111,0.003882657463330457
2018,TO,AVANTE,1,0,1,0.0,0.0,0.0,0.0,0.0004314063848144953
2018,TO,DC,3,0,1,0.0,0.0,0.0,0.0,0.0004314063848144953
2018,TO,DEM,2,2,2,2.0,2.0,1.0,1.0,0.0008628127696289905
2018,TO,MDB,1,1,1,1.0,1.0,1.0,1.0,0.0004314063848144953
2018,TO,PATRI,1,0,1,0.0,0.0,0.0,0.0,0.0004314063848144953
2018,TO,PC DO B,2,0,1,0.0,0.0,0.0,0.0,0.0004314063848144953
2018,TO,PDT,1,0,1,0.0,0.0,0.0,0.0,0.0004314063848144953
2018,TO,PHS,2,0,2,0.0,0.0,0.0,0.0,0.0008628127696289905
2018,TO,PMB,2,0,0,0.0,0.0,,,0.0
2018,TO,PMN,2,0,1,0.0,0.0,0.0,0.0,0.0004314063848144953
2018,TO,PODE,1,0,0,0.0,0.0,,,0.0
2018,TO,PP,1,0,1,0.0,0.0,0.0,0.0,0.0004314063848144953
2018,TO,PPL,2,0,0,0.0,0.0,,,0.0
2018,TO,PPS,1,0,1,0.0,0.0,0.0,0.0,0.0004314063848144953
2018,TO,PR,2,1,1,1.0,0.5,0.5,1.0,0.0004314063848144953
2018,TO,PRB,2,0,1,0.0,0.0,0.0,0.0,0.0004314063848144953
2018,TO,PROS,1,0,1,0.0,0.0,0.0,0.0,0.0004314063848144953
2018,TO,PRP,2,0,0,0.0,0.0,,,0.0
2018,TO,PRTB,10,0,7,0.0,0.0,0.0,0.0,0.0030198446937014668
2018,TO,PSB,3,0,2,0.0,0.0,0.0,0.0,0.0008628127696289905
2018,TO,PSC,1,1,1,1.0,1.0,1.0,1.0,0.0004314063848144953
2018,TO,PSD,2,0,0,0.0,0.0,,,0.0
2018,TO,PSDB,6,0,3,0.0,0.0,0.0,0.0,0.0012942191544434857
2018,TO,PSL,10,0,8,0.0,0.0,0.0,0.0,0.003451251078515962
2018,TO,PSOL,4,0,4,0.0,0.0,0.0,0.0,0.001725625539257981
2018,TO,PT,8,1,2,1.0,0.25,0.125,0.5,0.0008628127696289905
2018,TO,PTC,1,0,0,0.0,0.0,,,0.0
2018,TO,PV,3,0,2,0.0,0.0,0.0,0.0,0.0008628127696289905
2018,TO,REDE,1,0,0,0.0,0.0,,,0.0
2018,TO,SOLIDARIEDADE,2,2,2,2.0,2.0,1.0,1.0,0.0008628127696289905
2022,AC,AGIR,7,0,0,0.0,0.0,,,0.0
2022,AC,CIDADANIA,2,0,2,0.0,0.0,0.0,0.0,0.0005230125523012552
2022,AC,MDB,9,0,3,0.0,0.0,0.0,0.0,0.0007845188284518828
2022,AC,PATRIOTA,6,0,3,0.0,0.0,0.0,0.0,0.0007845188284518828
2022,AC,PC DO B,2,0,1,0.0,0.0,0.0,0.0,0.0002615062761506276
2022,AC,PDT,9,0,2,0.0,0.0,0.0,0.0,0.0005230125523012552
2022,AC,PMN,3,0,0,0.0,0.0,,,0.0
2022,AC,PODE,9,0,8,0.0,0.0,0.0,0.0,0.0020920502092050207
2022,AC,PP,9,3,7,3.0,2.3333333333333335,0.3333333333333333,0.42857142857142855,0.0018305439330543933
2022,AC,PROS,7,0,4,0.0,0.0,0.0,0.0,0.0010460251046025104
2022,AC,PSB,7,0,5,0.0,0.0,0.0,0.0,0.001307531380753138
2022,AC,PSC,3,0,0,0.0,0.0,,,0.0
2022,AC,PSD,9,0,6,0.0,0.0,0.0,0.0,0.0015690376569037657
2022,AC,PSDB,7,0,3,0.0,0.0,0.0,0.0,0.0007845188284518828
2022,AC,PSOL,5,0,4,0.0,0.0,0.0,0.0,0.0010460251046025104
2022,AC,PT,5,0,2,0.0,0.0,0.0,0.0,0.0005230125523012552
2022,AC,PV,2,0,2,0.0,0.0,0.0,0.0,0.0005230125523012552
2022,AC,REDE,2,0,2,0.0,0.0,0.0,0.0,0.0005230125523012552
2022,AC,REPUBLICANOS,7,2,3,2.0,0.8571428571428571,0.2857142857142857,0.6666666666666666,0.0007845188284518828
2022,AC,SOLIDARIEDADE,9,0,8,0.0,0.0,0.0,0.0,0.0020920502092050207
2022,AC,UNIAO,9,3,8,3.0,2.6666666666666665,0.3333333333333333,0.375,0.0020920502092050207
2022,AL,AGIR,7,0,3,0.0,0.0,0.0,0.0,0.0007845188284518828
2022,AL,AVANTE,9,0,6,0.0,0.0,0.0,0.0,0.0015690376569037657
2022,AL,CIDADANIA,2,0,1,0.0,0.0,0.0,0.0,0.0002615062761506276
2022,AL,DC,2,0,2,0.0,0.0,0.0,0.0,0.0005230125523012552
2022,AL,MDB,10,2,5,1.0,1.0,0.2,0.2,0.001307531380753138
2022,AL,PATRIOTA,9,0,6,0.0,0.0,0.0,0.0,0.0015690376569037657
2022,AL,PCO,2,0,2,0.0,0.0,0.0,0.0,0.0005230125523012552
2022,AL,PDT,10,0,9,0.0,0.0,0.0,0.0,0.0023535564853556486
2022,AL,PMB,3,0,0,0.0,0.0,,,0.0
2022,AL,PMN,3,0,3,0.0,0.0,0.0,0.0,0.0007845188284518828
2022,AL,PP,10,4,9,4.0,3.6,0.4,0.4444444444444444,0.0023535564853556486
2022,AL,PROS,7,0,0,0.0,0.0,,,0.0
2022,AL,PSB,10,0,6,0.0,0.0,0.0,0.0,0.0015690376569037657
2022,AL,PSD,10,0,4,0.0,0.0,0.0,0.0,0.0010460251046025104
2022,AL,PSDB,8,0,4,0.0,0.0,0.0,0.0,0.0010460251046025104
2022,AL,PSOL,5,0,4,0.0,0.0,0.0,0.0,0.0010460251046025104
2022,AL,PSTU,1,0,0,0.0,0.0,,,0.0
2022,AL,PT,2,1,1,1.0,0.5,0.5,1.0,0.0002615062761506276
2022,AL,PTB,9,0,1,0.0,0.0,0.0,0.0,0.0002615062761506276
2022,AL,PV,8,1,5,0.0,0.625,0.125,0.0,0.001307531380753138
2022,AL,REPUBLICANOS,10,0,4,0.0,0.0,0.0,0.0,0.0010460251046025104
2022,AL,SOLIDARIEDADE,7,0,0,0.0,0.0,,,0.0
2022,AL,UNIAO,9,1,5,1.0,0.5555555555555556,0.1111111111111111,0.2,0.001307531380753138
2022,AL,UP,1,0,1,0.0,0.0,0.0,0.0,0.0002615062761506276
2022,AM,AGIR,7,0,0,0.0,0.0,,,0.0
2022,AM,AVANTE,9,0,7,0.0,0.0,0.0,0.0,0.0018305439330543933
2022,AM,CIDADANIA,5,1,3,0.0,0.6,0.2,0.0,0.0007845188284518828
2022,AM,DC,5,0,2,0.0,0.0,0.0,0.0,0.0005230125523012552
2022,AM,MDB,9,0,4,0.0,0.0,0.0,0.0,0.0010460251046025104
2022,AM,NOVO,1,0,1,0.0,0.0,0.0,0.0,0.0002615062761506276
2022,AM,PATRIOTA,9,0,5,0.0,0.0,0.0,0.0,0.001307531380753138
2022,AM,PC DO B,2,0,1,0.0,0.0,0.0,0.0,0.0002615062761506276
2022,AM,PDT,9,0,6,0.0,0.0,0.0,0.0,0.0015690376569037657
2022,AM,PL,9,1,3,1.0,0.3333333333333333,0.1111111111111111,0.3333333333333333,0.0007845188284518828
2022,AM,PMN,9,0,4,0.0,0.0,0.0,0.0,0.0010460251046025104
2022,AM,PODE,1,0,0,0.0,0.0,,,0.0
2022,AM,PROS,5,0,1,0.0,0.0,0.0,0.0,0.0002615062761506276
2022,AM,PSB,2,0,0,0.0,0.0,,,0.0
2022,AM,PSC,9,0,7,0.0,0.0,0.0,0.0,0.0018305439330543933
2022,AM,PSD,9,2,6,2.0,1.3333333333333333,0.2222222222222222,0.3333333333333333,0.0015690376569037657
2022,AM,PSDB,4,0,3,0.0,0.0,0.0,0.0,0.0007845188284518828
2022,AM,PSOL,3,0,3,0.0,0.0,0.0,0.0,0.0007845188284518828
2022,AM,PT,5,0,3,0.0,0.0,0.0,0.0,0.0007845188284518828
2022,AM,PTB,6,0,3,0.0,0.0,0.0,0.0,0.0007845188284518828
2022,AM,PV,2,0,2,0.0,0.0,0.0,0.0,0.0005230125523012552
2022,AM,REDE,6,0,2,0.0,0.0,0.0,0.0,0.0005230125523012552
2022,AM,REPUBLICANOS,9,2,3,2.0,0.6666666666666666,0.2222222222222222,0.6666666666666666,0.0007845188284518828
2022,AM,SOLIDARIEDADE,5,0,5,0.0,0.0,0.0,0.0,0.001307531380753138
2022,AM,UNIAO,9,2,8,2.0,1.7777777777777777,0.2222222222222222,0.25,0.0020920502092050207
2022,AP,AGIR,3,0,0,0.0,0.0,,,0.0
2022,AP,AVANTE,5,0,0,0.0,0.0,,,0.0
2022,AP,MDB,9,2,6,2.0,1.3333333333333333,0.2222222222222222,0.3333333333333333,0.0015690376569037657
2022,AP,PATRIOTA,9,0,9,0.0,0.0,0.0,0.0,0.0023535564853556486
2022,AP,PC DO B,2,0,2,0.0,0.0,0.0,0.0,0.0005230125523012552
2022,AP,PCO,1,0,1,0.0,0.0,0.0,0.0,0.0002615062761506276
2022,AP,PDT,9,3,8,3.0,2.6666666666666665,0.3333333333333333,0.375,0.0020920502092050207
2022,AP,PL,9,3,7,2.0,2.3333333333333335,0.3333333333333333,0.2857142857142857,0.0018305439330543933
2022,AP,PODE,9,0,5,0.0,0.0,0.0,0.0,0.001307531380753138
2022,AP,PP,9,0,4,0.0,0.0,0.0,0.0,0.0010460251046025104
2022,AP,PRTB,6,0,3,0.0,0.0,0.0,0.0,0.0007845188284518828
2022,AP,PSB,5,0,2,0.0,0.0,0.0,0.0,0.0005230125523012552
2022,AP,PSC,9,0,2,0.0,0.0,0.0,0.0,0.0005230125523012552
2022,AP,PSD,9,0,7,0.0,0.0,0.0,0.0,0.0018305439330543933
2022,AP,PSDB,7,0,3,0.0,0.0,0.0,0.0,0.0007845188284518828
2022,AP,PSOL,3,0,2,0.0,0.0,0.0,0.0,0.0005230125523012552
2022,AP,PT,4,0,3,0.0,0.0,0.0,0.0,0.0007845188284518828
2022,AP,PTB,9,0,4,0.0,0.0,0.0,0.0,0.0010460251046025104
2022,AP,PV,3,0,1,0.0,0.0,0.0,0.0,0.0002615062761506276
2022,AP,REDE,6,0,4,0.0,0.0,0.0,0.0,0.0010460251046025104
2022,AP,REPUBLICANOS,8,0,3,0.0,0.0,0.0,0.0,0.0007845188284518828
2022,BA,AGIR,13,0,3,0.0,0.0,0.0,0.0,0.0007845188284518828
2022,BA,AVANTE,26,1,6,1.0,0.23076923076923078,0.038461538461538464,0.16666666666666666,0.0015690376569037657
2022,BA,CIDADANIA,12,0,2,0.0,0.0,0.0,0.0,0.0005230125523012552
2022,BA,DC,15,0,13,0.0,0.0,0.0,0.0,0.003399581589958159
2022,BA,MDB,39,1,4,1.0,0.10256410256410256,0.02564102564102564,0.25,0.0010460251046025104
2022,BA,NOVO,6,0,6,0.0,0.0,0.0,0.0,0.0015690376569037657
2022,BA,PATRIOTA,24,0,3,0.0,0.0,0.0,0.0,0.0007845188284518828
2022,BA,PC DO B,3,2,2,2.0,1.3333333333333333,0.6666666666666666,1.0,0.0005230125523012552
2022,BA,PCB,2,0,0,0.0,0.0,,,0.0
2022,BA,PDT,39,2,9,2.0,0.46153846153846156,0.05128205128205128,0.2222222222222222,0.0023535564853556486
2022,BA,PL,37,3,10,3.0,0.8108108108108109,0.08108108108108109,0.3,0.002615062761506276
2022,BA,PMB,31,0,30,0.0,0.0,0.0,0.0,0.007845188284518828
2022,BA,PODE,39,1,14,1.0,0.358974358974359,0.02564102564102564,0.07142857142857142,0.0036610878661087866
2022,BA,PP,38,4,13,4.0,1.368421052631579,0.10526315789473684,0.3076923076923077,0.003399581589958159
2022,BA,PROS,23,0,7,0.0,0.0,0.0,0.0,0.0018305439330543933
2022,BA,PRTB,11,0,2,0.0,0.0,0.0,0.0,0.0005230125523012552
2022,BA,PSB,30,1,3,1.0,0.1,0.03333333333333333,0.3333333333333333,0.0007845188284518828
2022,BA,PSC,38,0,5,0.0,0.0,0.0,0.0,0.001307531380753138
2022,BA,PSD,13,6,11,6.0,5.076923076923077,0.46153846153846156,0.5454545454545454,0.002876569037656904
2022,BA,PSDB,17,1,4,1.0,0.23529411764705882,0.058823529411764705,0.25,0.0010460251046025104
2022,BA,PSOL,27,0,16,0.0,0.0,0.0,0.0,0.0041841004184100415
2022,BA,PT,26,7,16,7.0,4.3076923076923075,0.2692307692307692,0.4375,0.0041841004184100415
2022,BA,PTB,36,0,5,0.0,0.0,0.0,0.0,0.001307531380753138
2022,BA,PV,3,1,1,1.0,0.3333333333333333,0.3333333333333333,1.0,0.0002615062761506276
2022,BA,REDE,13,0,8,0.0,0.0,0.0,0.0,0.0020920502092050207
2022,BA,REPUBLICANOS,40,3,14,3.0,1.05,0.075,0.21428571428571427,0.0036610878661087866
2022,BA,SOLIDARIEDADE,33,0,14,0.0,0.0,0.0,0.0,0.0036610878661087866
2022,BA,UNIAO,34,6,20,6.0,3.5294117647058822,0.17647058823529413,0.3,0.005230125523012552
2022,BA,UP,1,0,1,0.0,0.0,0.0,0.0,0.0002615062761506276
2022,CE,AGIR,14,0,12,0.0,0.0,0.0,0.0,0.0031380753138075313
2022,CE,AVANTE,23,0,17,0.0,0.0,0.0,0.0,0.00444560669456067
2022,CE,CIDADANIA,3,0,1,0.0,0.0,0.0,0.0,0.0002615062761506276
2022,CE,MDB,22,1,4,1.0,0.18181818181818182,0.045454545454545456,0.25,0.0010460251046025104
2022,CE,NOVO,1,0,1,0.0,0.0,0.0,0.0,0.0002615062761506276
2022,CE,PATRIOTA,17,0,16,0.0,0.0,0.0,0.0,0.0041841004184100415
2022,CE,PC DO B,2,0,1,0.0,0.0,0.0,0.0,0.0002615062761506276
2022,CE,PCB,2,0,0,0.0,0.0,,,0.0
2022,CE,PCO,1,0,1,0.0,0.0,0.0,0.0,0.0002615062761506276
2022,CE,PDT,19,5,9,5.0,2.3684210526315788,0.2631578947368421,0.5555555555555556,0.0023535564853556486
2022,CE,PL,18,5,7,3.0,1.9444444444444444,0.2777777777777778,0.42857142857142855,0.0018305439330543933
2022,CE,PMB,8,0,8,0.0,0.0,0.0,0.0,0.0020920502092050207
2022,CE,PMN,8,0,4,0.0,0.0,0.0,0.0,0.0010460251046025104
2022,CE,PODE,18,0,16,0.0,0.0,0.0,0.0,0.0041841004184100415
2022,CE,PP,16,1,7,1.0,0.4375,0.0625,0.14285714285714285,0.0018305439330543933
2022,CE,PROS,12,0,0,0.0,0.0,,,0.0
2022,CE,PSB,22,0,6,0.0,0.0,0.0,0.0,0.0015690376569037657
2022,CE,PSC,18,0,11,0.0,0.0,0.0,0.0,0.002876569037656904
2022,CE,PSD,17,3,8,3.0,1.411764705882353,0.17647058823529413,0.375,0.0020920502092050207
2022,CE,PSDB,11,0,2,0.0,0.0,0.0,0.0,0.0005230125523012552
2022,CE,PSOL,18,0,12,0.0,0.0,0.0,0.0,0.0031380753138075313
2022,CE,PT,15,3,5,3.0,1.0,0.2,0.6,0.001307531380753138
2022,CE,PTB,19,0,3,0.0,0.0,0.0,0.0,0.0007845188284518828
2022,CE,PV,2,0,1,0.0,0.0,0.0,0.0,0.0002615062761506276
2022,CE,REDE,4,0,2,0.0,0.0,0.0,0.0,0.0005230125523012552
2022,CE,REPUBLICANOS,16,0,7,0.0,0.0,0.0,0.0,0.0018305439330543933
2022,CE,UNIAO,23,4,13,4.0,2.260869565217391,0.17391304347826086,0.3076923076923077,0.003399581589958159
2022,CE,UP,1,0,1,0.0,0.0,0.0,0.0,0.0002615062761506276
2022,DF,AGIR,8,0,5,0.0,0.0,0.0,0.0,0.001307531380753138
2022,DF,AVANTE,9,0,4,0.0,0.0,0.0,0.0,0.0010460251046025104
2022,DF,CIDADANIA,6,0,3,0.0,0.0,0.0,0.0,0.0007845188284518828
2022,DF,DC,9,0,7,0.0,0.0,0.0,0.0,0.0018305439330543933
2022,DF,MDB,8,1,4,1.0,0.5,0.125,0.25,0.0010460251046025104
2022,DF,NOVO,6,0,1,0.0,0.0,0.0,0.0,0.0002615062761506276
2022,DF,PATRIOTA,7,0,2,0.0,0.0,0.0,0.0,0.0005230125523012552
2022,DF,PC DO B,2,0,2,0.0,0.0,0.0,0.0,0.0005230125523012552
2022,DF,PCO,5,0,5,0.0,0.0,0.0,0.0,0.001307531380753138
2022,DF,PDT,9,0,9,0.0,0.0,0.0,0.0,0.0023535564853556486
2022,DF,PL,8,2,4,2.0,1.0,0.25,0.5,0.0010460251046025104
2022,DF,PMN,9,0,1,0.0,0.0,0.0,0.0,0.0002615062761506276
2022,DF,PODE,9,0,7,0.0,0.0,0.0,0.0,0.0018305439330543933
2022,DF,PP,9,0,7,0.0,0.0,0.0,0.0,0.0018305439330543933
2022,DF,PROS,8,0,2,0.0,0.0,0.0,0.0,0.0005230125523012552
2022,DF,PRTB,3,0,2,0.0,0.0,0.0,0.0,0.0005230125523012552
2022,DF,PSB,9,0,4,0.0,0.0,0.0,0.0,0.0010460251046025104
2022,DF,PSC,9,0,7,0.0,0.0,0.0,0.0,0.0018305439330543933
2022,DF,PSD,9,0,8,0.0,0.0,0.0,0.0,0.0020920502092050207
2022,DF,PSDB,3,0,1,0.0,0.0,0.0,0.0,0.0002615062761506276
2022,DF,PSOL,6,0,5,0.0,0.0,0.0,0.0,0.001307531380753138
2022,DF,PSTU,2,0,2,0.0,0.0,0.0,0.0,0.0005230125523012552
2022,DF,PT,4,1,2,1.0,0.5,0.25,0.5,0.0005230125523012552
2022,DF,PTB,9,0,5,0.0,0.0,0.0,0.0,0.001307531380753138
2022,DF,PV,2,1,1,1.0,0.5,0.5,1.0,0.0002615062761506276
2022,DF,REDE,3,0,3,0.0,0.0,0.0,0.0,0.0007845188284518828
2022,DF,REPUBLICANOS,9,3,7,3.0,2.3333333333333335,0.3333333333333333,0.42857142857142855,0.0018305439330543933
2022,DF,SOLIDARIEDADE,7,0,3,0.0,0.0,0.0,0.0,0.0007845188284518828
2022,DF,UNIAO,9,0,6,0.0,0.0,0.0,0.0,0.0015690376569037657
2022,DF,UP,1,0,1,0.0,0.0,0.0,0.0,0.0002615062761506276
2022,ES,AGIR,3,0,0,0.0,0.0,,,0.0
2022,ES,AVANTE,7,0,1,0.0,0.0,0.0,0.0,0.0002615062761506276
2022,ES,CIDADANIA,2,0,1,0.0,0.0,0.0,0.0,0.0002615062761506276
2022,ES,DC,8,0,8,0.0,0.0,0.0,0.0,0.0020920502092050207
2022,ES,NOVO,1,0,1,0.0,0.0,0.0,0.0,0.0002615062761506276
2022,ES,PATRIOTA,11,0,6,0.0,0.0,0.0,0.0,0.0015690376569037657
2022,ES,PC DO B,2,0,1,0.0,0.0,0.0,0.0,0.0002615062761506276
2022,ES,PDT,11,0,4,0.0,0.0,0.0,0.0,0.0010460251046025104
2022,ES,PL,11,1,11,1.0,1.0,0.09090909090909091,0.09090909090909091,0.002876569037656904
2022,ES,PMB,6,0,0,0.0,0.0,,,0.0
2022,ES,PODE,11,2,8,2.0,1.4545454545454546,0.18181818181818182,0.25,0.0020920502092050207
2022,ES,PP,11,2,9,2.0,1.6363636363636365,0.18181818181818182,0.2222222222222222,0.0023535564853556486
2022,ES,PRTB,8,0,0,0.0,0.0,,,0.0
2022,ES,PSB,11,1,7,1.0,0.6363636363636364,0.09090909090909091,0.14285714285714285,0.0018305439330543933
2022,ES,PSC,10,0,4,0.0,0.0,0.0,0.0,0.0010460251046025104
2022,ES,PSD,5,0,3,0.0,0.0,0.0,0.0,0.0007845188284518828
2022,ES,PSDB,9,0,6,0.0,0.0,0.0,0.0,0.0015690376569037657
2022,ES,PSOL,3,0,3,0.0,0.0,0.0,0.0,0.0007845188284518828
2022,ES,PT,7,2,3,2.0,0.8571428571428571,0.2857142857142857,0.6666666666666666,0.0007845188284518828
2022,ES,PTB,11,0,3,0.0,0.0,0.0,0.0,0.0007845188284518828
2022,ES,PV,2,0,2,0.0,0.0,0.0,0.0,0.0005230125523012552
2022,ES,REDE,8,0,5,0.0,0.0,0.0,0.0,0.001307531380753138
2022,ES,REPUBLICANOS,11,2,6,2.0,1.0909090909090908,0.18181818181818182,0.3333333333333333,0.0015690376569037657
2022,ES,SOLIDARIEDADE,5,0,3,0.0,0.0,0.0,0.0,0.0007845188284518828
2022,ES,UNIAO,11,0,9,0.0,0.0,0.0,0.0,0.0023535564853556486
2022,GO,AGIR,18,0,12,0.0,0.0,0.0,0.0,0.0031380753138075313
2022,GO,AVANTE,18,0,10,0.0,0.0,0.0,0.0,0.002615062761506276
2022,GO,CIDADANIA,3,0,3,0.0,0.0,0.0,0.0,0.0007845188284518828
2022,GO,DC,9,0,7,0.0,0.0,0.0,0.0,0.0018305439330543933
2022,GO,MDB,12,2,5,2.0,0.8333333333333334,0.16666666666666666,0.4,0.001307531380753138
2022,GO,NOVO,14,0,6,0.0,0.0,0.0,0.0,0.0015690376569037657
2022,GO,PATRIOTA,16,0,8,0.0,0.0,0.0,0.0,0.0020920502092050207
2022,GO,PC DO B,2,0,1,0.0,0.0,0.0,0.0,0.0002615062761506276
2022,GO,PCB,2,0,0,0.0,0.0,,,0.0
2022,GO,PCO,1,0,1,0.0,0.0,0.0,0.0,0.0002615062761506276
2022,GO,PDT,8,1,2,1.0,0.25,0.125,0.5,0.0005230125523012552
2022,GO,PL,17,4,4,2.0,0.9411764705882353,0.23529411764705882,0.5,0.0010460251046025104
2022,GO,PMN,14,0,4,0.0,0.0,0.0,0.0,0.0010460251046025104
2022,GO,PODE,15,0,7,0.0,0.0,0.0,0.0,0.0018305439330543933
2022,GO,PP,14,2,6,2.0,0.8571428571428571,0.14285714285714285,0.3333333333333333,0.0015690376569037657
2022,GO,PROS,13,0,5,0.0,0.0,0.0,0.0,0.001307531380753138
2022,GO,PRTB,18,0,10,0.0,0.0,0.0,0.0,0.002615062761506276
2022,GO,PSB,18,0,8,0.0,0.0,0.0,0.0,0.0020920502092050207
2022,GO,PSC,13,1,4,1.0,0.3076923076923077,0.07692307692307693,0.25,0.0010460251046025104
2022,GO,PSD,13,1,2,0.0,0.15384615384615385,0.07692307692307693,0.0,0.0005230125523012552
2022,GO,PSDB,14,1,5,1.0,0.35714285714285715,0.07142857142857142,0.2,0.001307531380753138
2022,GO,PSOL,8,0,8,0.0,0.0,0.0,0.0,0.0020920502092050207
2022,GO,PT,14,2,3,2.0,0.42857142857142855,0.14285714285714285,0.6666666666666666,0.0007845188284518828
2022,GO,PTB,16,0,2,0.0,0.0,0.0,0.0,0.0005230125523012552
2022,GO,PV,2,0,2,0.0,0.0,0.0,0.0,0.0005230125523012552
2022,GO,REDE,7,0,6,0.0,0.0,0.0,0.0,0.0015690376569037657
2022,GO,REPUBLICANOS,16,1,10,1.0,0.625,0.0625,0.1,0.002615062761506276
2022,GO,SOLIDARIEDADE,18,0,8,0.0,0.0,0.0,0.0,0.0020920502092050207
2022,GO,UNIAO,8,2,4,2.0,1.0,0.25,0.5,0.0010460251046025104
2022,GO,UP,1,0,1,0.0,0.0,0.0,0.0,0.0002615062761506276
2022,MA,AGIR,17,0,5,0.0,0.0,0.0,0.0,0.001307531380753138
2022,MA,AVANTE,6,0,0,0.0,0.0,,,0.0
2022,MA,CIDADANIA,16,0,13,0.0,0.0,0.0,0.0,0.003399581589958159
2022,MA,DC,12,0,11,0.0,0.0,0.0,0.0,0.002876569037656904
2022,MA,MDB,17,1,6,1.0,0.35294117647058826,0.058823529411764705,0.16666666666666666,0.0015690376569037657
2022,MA,NOVO,6,0,6,0.0,0.0,0.0,0.0,0.0015690376569037657
2022,MA,PATRIOTA,19,1,8,1.0,0.42105263157894735,0.05263157894736842,0.125,0.0020920502092050207
2022,MA,PC DO B,5,1,2,1.0,0.4,0.2,0.5,0.0005230125523012552
2022,MA,PCO,1,0,1,0.0,0.0,0.0,0.0,0.0002615062761506276
2022,MA,PDT,16,1,10,1.0,0.625,0.0625,0.1,0.002615062761506276
2022,MA,PL,18,4,8,4.0,1.7777777777777777,0.2222222222222222,0.5,0.0020920502092050207
2022,MA,PMB,8,0,0,0.0,0.0,,,0.0
2022,MA,PODE,17,1,7,1.0,0.4117647058823529,0.058823529411764705,0.14285714285714285,0.0018305439330543933
2022,MA,PP,17,2,6,2.0,0.7058823529411765,0.11764705882352941,0.3333333333333333,0.0015690376569037657
2022,MA,PROS,14,0,7,0.0,0.0,0.0,0.0,0.0018305439330543933
2022,MA,PRTB,10,0,3,0.0,0.0,0.0,0.0,0.0007845188284518828
2022,MA,PSB,13,1,5,1.0,0.38461538461538464,0.07692307692307693,0.2,0.001307531380753138
2022,MA,PSC,17,1,6,1.0,0.35294117647058826,0.058823529411764705,0.16666666666666666,0.0015690376569037657
2022,MA,PSD,18,1,4,1.0,0.2222222222222222,0.05555555555555555,0.25,0.0010460251046025104
2022,MA,PSDB,1,0,1,0.0,0.0,0.0,0.0,0.0002615062761506276
2022,MA,PSOL,14,0,10,0.0,0.0,0.0,0.0,0.002615062761506276
2022,MA,PSTU,5,0,3,0.0,0.0,0.0,0.0,0.0007845188284518828
2022,MA,PT,9,1,6,1.0,0.6666666666666666,0.1111111111111111,0.16666666666666666,0.0015690376569037657
2022,MA,PTB,4,0,0,0.0,0.0,,,0.0
2022,MA,PV,4,0,4,0.0,0.0,0.0,0.0,0.0010460251046025104
2022,MA,REDE,3,0,2,0.0,0.0,0.0,0.0,0.0005230125523012552
2022,MA,REPUBLICANOS,10,1,5,1.0,0.5,0.1,0.2,0.001307531380753138
2022,MA,SOLIDARIEDADE,8,0,0,0.0,0.0,,,0.0
2022,MA,UNIAO,19,2,10,2.0,1.0526315789473684,0.10526315789473684,0.2,0.002615062761506276
2022,MG,AGIR,19,0,9,0.0,0.0,0.0,0.0,0.0023535564853556486
2022,MG,AVANTE,54,5,15,5.0,1.3888888888888888,0.09259259259259259,0.3333333333333333,0.003922594142259414
2022,MG,CIDADANIA,16,0,5,0.0,0.0,0.0,0.0,0.001307531380753138
2022,MG,DC,1,0,1,0.0,0.0,0.0,0.0,0.0002615062761506276
2022,MG,MDB,44,2,7,2.0,0.3181818181818182,0.045454545454545456,0.2857142857142857,0.0018305439330543933
2022,MG,NOVO,30,0,24,0.0,0.0,0.0,0.0,0.006276150627615063
2022,MG,PATRIOTA,51,3,13,3.0,0.7647058823529411,0.058823529411764705,0.23076923076923078,0.003399581589958159
2022,MG,PC DO B,2,0,1,0.0,0.0,0.0,0.0,0.0002615062761506276
2022,MG,PCB,9,0,0,0.0,0.0,,,0.0
2022,MG,PCO,3,0,3,0.0,0.0,0.0,0.0,0.0007845188284518828
2022,MG,PDT,45,2,8,2.0,0.35555555555555557,0.044444444444444446,0.25,0.0020920502092050207
2022,MG,PL,45,11,12,10.0,2.933333333333333,0.24444444444444444,0.8333333333333334,0.0031380753138075313
2022,MG,PMB,5,0,0,0.0,0.0,,,0.0
2022,MG,PMN,53,0,6,0.0,0.0,0.0,0.0,0.0015690376569037657
2022,MG,PODE,53,2,7,2.0,0.2641509433962264,0.03773584905660377,0.2857142857142857,0.0018305439330543933
2022,MG,PP,53,3,9,3.0,0.5094339622641509,0.05660377358490566,0.3333333333333333,0.0023535564853556486
2022,MG,PROS,53,1,8,1.0,0.1509433962264151,0.018867924528301886,0.125,0.0020920502092050207
2022,MG,PRTB,40,0,8,0.0,0.0,0.0,0.0,0.0020920502092050207
2022,MG,PSB,41,0,4,0.0,0.0,0.0,0.0,0.0010460251046025104
2022,MG,PSC,45,1,4,1.0,0.08888888888888889,0.022222222222222223,0.25,0.0010460251046025104
2022,MG,PSD,39,4,12,4.0,1.2307692307692308,0.10256410256410256,0.3333333333333333,0.0031380753138075313
2022,MG,PSDB,37,2,8,2.0,0.43243243243243246,0.05405405405405406,0.25,0.0020920502092050207
2022,MG,PSOL,23,1,4,1.0,0.17391304347826086,0.043478260869565216,0.25,0.0010460251046025104
2022,MG,PSTU,6,0,2,0.0,0.0,0.0,0.0,0.0005230125523012552
2022,MG,PT,42,10,18,10.0,4.285714285714286,0.23809523809523808,0.5555555555555556,0.004707112970711297
2022,MG,PTB,47,0,8,0.0,0.0,0.0,0.0,0.0020920502092050207
2022,MG,PV,9,0,3,0.0,0.0,0.0,0.0,0.0007845188284518828
2022,MG,REDE,27,0,3,0.0,0.0,0.0,0.0,0.0007845188284518828
2022,MG,REPUBLICANOS,53,2,10,2.0,0.37735849056603776,0.03773584905660377,0.2,0.002615062761506276
2022,MG,SOLIDARIEDADE,36,1,10,1.0,0.2777777777777778,0.027777777777777776,0.1,0.002615062761506276
2022,MG,UNIAO,53,3,21,3.0,1.1886792452830188,0.05660377358490566,0.14285714285714285,0.0054916317991631795
2022,MG,UP,1,0,1,0.0,0.0,0.0,0.0,0.0002615062761506276
2022,MS,AGIR,5,0,3,0.0,0.0,0.0,0.0,0.0007845188284518828
2022,MS,AVANTE,8,0,4,0.0,0.0,0.0,0.0,0.0010460251046025104
2022,MS,DC,3,0,3,0.0,0.0,0.0,0.0,0.0007845188284518828
2022,MS,MDB,9,0,2,0.0,0.0,0.0,0.0,0.0005230125523012552
2022,MS,NOVO,6,0,6,0.0,0.0,0.0,0.0,0.0015690376569037657
2022,MS,PC DO B,2,0,1,0.0,0.0,0.0,0.0,0.0002615062761506276
2022,MS,PDT,6,0,4,0.0,0.0,0.0,0.0,0.0010460251046025104
2022,MS,PL,8,2,5,2.0,1.25,0.25,0.4,0.001307531380753138
2022,MS,PODE,7,0,7,0.0,0.0,0.0,0.0,0.0018305439330543933
2022,MS,PP,9,1,6,1.0,0.6666666666666666,0.1111111111111111,0.16666666666666666,0.0015690376569037657
2022,MS,PROS,4,0,0,0.0,0.0,,,0.0
2022,MS,PRTB,9,0,0,0.0,0.0,,,0.0
2022,MS,PSB,5,0,1,0.0,0.0,0.0,0.0,0.0002615062761506276
2022,MS,PSD,9,0,3,0.0,0.0,0.0,0.0,0.0007845188284518828
2022,MS,PSDB,9,3,6,3.0,2.0,0.3333333333333333,0.5,0.0015690376569037657
2022,MS,PSOL,5,0,4,0.0,0.0,0.0,0.0,0.0010460251046025104
2022,MS,PT,5,2,3,2.0,1.2,0.4,0.6666666666666666,0.0007845188284518828
2022,MS,PTB,9,0,2,0.0,0.0,0.0,0.0,0.0005230125523012552
2022,MS,PV,2,0,2,0.0,0.0,0.0,0.0,0.0005230125523012552
2022,MS,REDE,3,0,1,0.0,0.0,0.0,0.0,0.0002615062761506276
2022,MS,REPUBLICANOS,9,0,7,0.0,0.0,0.0,0.0,0.0018305439330543933
2022,MS,SOLIDARIEDADE,7,0,4,0.0,0.0,0.0,0.0,0.0010460251046025104
2022,MS,UNIAO,9,0,4,0.0,0.0,0.0,0.0,0.0010460251046025104
2022,MT,AGIR,6,0,0,0.0,0.0,,,0.0
2022,MT,CIDADANIA,2,0,1,0.0,0.0,0.0,0.0,0.0002615062761506276
2022,MT,DC,8,0,7,0.0,0.0,0.0,0.0,0.0018305439330543933
2022,MT,MDB,9,2,6,2.0,1.3333333333333333,0.2222222222222222,0.3333333333333333,0.0015690376569037657
2022,MT,NOVO,5,0,5,0.0,0.0,0.0,0.0,0.001307531380753138
2022,MT,PATRIOTA,9,0,7,0.0,0.0,0.0,0.0,0.0018305439330543933
2022,MT,PC DO B,2,0,2,0.0,0.0,0.0,0.0,0.0005230125523012552
2022,MT,PDT,9,0,9,0.0,0.0,0.0,0.0,0.0023535564853556486
2022,MT,PL,9,4,6,4.0,2.6666666666666665,0.4444444444444444,0.6666666666666666,0.0015690376569037657
2022,MT,PODE,9,0,7,0.0,0.0,0.0,0.0,0.0018305439330543933
2022,MT,PROS,9,0,6,0.0,0.0,0.0,0.0,0.0015690376569037657
2022,MT,PSB,9,0,8,0.0,0.0,0.0,0.0,0.0020920502092050207
2022,MT,PSD,9,0,6,0.0,0.0,0.0,0.0,0.0015690376569037657
2022,MT,PSDB,7,0,5,0.0,0.0,0.0,0.0,0.001307531380753138
2022,MT,PSOL,5,0,3,0.0,0.0,0.0,0.0,0.0007845188284518828
2022,MT,PT,4,0,1,0.0,0.0,0.0,0.0,0.0002615062761506276
2022,MT,PTB,9,0,3,0.0,0.0,0.0,0.0,0.0007845188284518828
2022,MT,PV,3,0,1,0.0,0.0,0.0,0.0,0.0002615062761506276
2022,MT,REDE,3,0,2,0.0,0.0,0.0,0.0,0.0005230125523012552
2022,MT,REPUBLICANOS,9,0,6,0.0,0.0,0.0,0.0,0.0015690376569037657
2022,MT,SOLIDARIEDADE,6,0,5,0.0,0.0,0.0,0.0,0.001307531380753138
2022,MT,UNIAO,9,2,7,1.5,1.5555555555555556,0.2222222222222222,0.21428571428571427,0.0018305439330543933
2022,PA,AGIR,13,0,7,0.0,0.0,0.0,0.0,0.0018305439330543933
2022,PA,AVANTE,5,0,0,0.0,0.0,,,0.0
2022,PA,CIDADANIA,3,0,1,0.0,0.0,0.0,0.0,0.0002615062761506276
2022,PA,MDB,14,9,5,4.5,3.2142857142857144,0.6428571428571429,0.9,0.001307531380753138
2022,PA,PATRIOTA,1,0,0,0.0,0.0,,,0.0
2022,PA,PC DO B,5,0,5,0.0,0.0,0.0,0.0,0.001307531380753138
2022,PA,PDT,18,0,4,0.0,0.0,0.0,0.0,0.0010460251046025104
2022,PA,PL,18,3,2,2.0,0.3333333333333333,0.16666666666666666,1.0,0.0005230125523012552
2022,PA,PMB,8,0,0,0.0,0.0,,,0.0
2022,PA,PODE,18,0,10,0.0,0.0,0.0,0.0,0.002615062761506276
2022,PA,PP,17,0,10,0.0,0.0,0.0,0.0,0.002615062761506276
2022,PA,PROS,10,0,1,0.0,0.0,0.0,0.0,0.0002615062761506276
2022,PA,PRTB,10,0,1,0.0,0.0,0.0,0.0,0.0002615062761506276
2022,PA,PSB,18,0,12,0.0,0.0,0.0,0.0,0.0031380753138075313
2022,PA,PSC,18,0,2,0.0,0.0,0.0,0.0,0.0005230125523012552
2022,PA,PSD,13,2,9,1.0,1.3846153846153846,0.15384615384615385,0.1111111111111111,0.0023535564853556486
2022,PA,PSDB,14,0,7,0.0,0.0,0.0,0.0,0.0018305439330543933
2022,PA,PSOL,15,0,4,0.0,0.0,0.0,0.0,0.0010460251046025104
2022,PA,PSTU,1,0,1,0.0,0.0,0.0,0.0,0.0002615062761506276
2022,PA,PT,11,2,5,2.0,0.9090909090909091,0.18181818181818182,0.4,0.001307531380753138
2022,PA,PTB,18,0,4,0.0,0.0,0.0,0.0,0.0010460251046025104
2022,PA,PV,2,0,1,0.0,0.0,0.0,0.0,0.0002615062761506276
2022,PA,REDE,2,0,1,0.0,0.0,0.0,0.0,0.0002615062761506276
2022,PA,REPUBLICANOS,18,0,14,0.0,0.0,0.0,0.0,0.0036610878661087866
2022,PA,SOLIDARIEDADE,10,0,2,0.0,0.0,0.0,0.0,0.0005230125523012552
2022,PA,UNIAO,18,1,9,1.0,0.5,0.05555555555555555,0.1111111111111111,0.0023535564853556486
2022,PB,AGIR,8,0,0,0.0,0.0,,,0.0
2022,PB,AVANTE,9,0,0,0.0,0.0,,,0.0
2022,PB,DC,2,0,2,0.0,0.0,0.0,0.0,0.0005230125523012552
2022,PB,MDB,13,0,6,0.0,0.0,0.0,0.0,0.0015690376569037657
2022,PB,PATRIOTA,10,0,9,0.0,0.0,0.0,0.0,0.0023535564853556486
2022,PB,PC DO B,2,0,1,0.0,0.0,0.0,0.0,0.0002615062761506276
2022,PB,PCO,3,0,3,0.0,0.0,0.0,0.0,0.0007845188284518828
2022,PB,PDT,8,0,7,0.0,0.0,0.0,0.0,0.0018305439330543933
2022,PB,PL,12,2,5,2.0,0.8333333333333334,0.16666666666666666,0.4,0.001307531380753138
2022,PB,PMB,9,0,0,0.0,0.0,,,0.0
2022,PB,PODE,3,0,0,0.0,0.0,,,0.0
2022,PB,PP,11,2,6,2.0,1.0909090909090908,0.18181818181818182,0.3333333333333333,0.0015690376569037657
2022,PB,PROS,3,0,3,0.0,0.0,0.0,0.0,0.0007845188284518828
2022,PB,PRTB,11,0,3,0.0,0.0,0.0,0.0,0.0007845188284518828
2022,PB,PSB,13,1,6,1.0,0.46153846153846156,0.07692307692307693,0.16666666666666666,0.0015690376569037657
2022,PB,PSC,13,2,4,2.0,0.6153846153846154,0.15384615384615385,0.5,0.0010460251046025104
2022,PB,PSDB,5,0,2,0.0,0.0,0.0,0.0,0.0005230125523012552
2022,PB,PSOL,2,0,2,0.0,0.0,0.0,0.0,0.0005230125523012552
2022,PB,PT,8,1,4,1.0,0.5,0.125,0.25,0.0010460251046025104
2022,PB,PTB,12,0,4,0.0,0.0,0.0,0.0,0.0010460251046025104
2022,PB,PV,2,0,2,0.0,0.0,0.0,0.0,0.0005230125523012552
2022,PB,REDE,11,0,7,0.0,0.0,0.0,0.0,0.0018305439330543933
2022,PB,REPUBLICANOS,13,3,9,3.0,2.076923076923077,0.23076923076923078,0.3333333333333333,0.0023535564853556486
2022,PB,SOLIDARIEDADE,12,0,5,0.0,0.0,0.0,0.0,0.001307531380753138
2022,PB,UNIAO,13,1,8,1.0,0.6153846153846154,0.07692307692307693,0.125,0.0020920502092050207
2022,PB,UP,3,0,3,0.0,0.0,0.0,0.0,0.0007845188284518828
2022,PE,AGIR,17,0,9,0.0,0.0,0.0,0.0,0.0023535564853556486
2022,PE,AVANTE,26,1,8,1.0,0.3076923076923077,0.038461538461538464,0.125,0.0020920502092050207
2022,PE,CIDADANIA,2,0,1,0.0,0.0,0.0,0.0,0.0002615062761506276
2022,PE,DC,18,0,13,0.0,0.0,0.0,0.0,0.003399581589958159
2022,PE,MDB,20,1,7,1.0,0.35,0.05,0.14285714285714285,0.0018305439330543933
2022,PE,NOVO,6,0,4,0.0,0.0,0.0,0.0,0.0010460251046025104
2022,PE,PATRIOTA,21,0,9,0.0,0.0,0.0,0.0,0.0023535564853556486
2022,PE,PC DO B,3,1,1,1.0,0.3333333333333333,0.3333333333333333,1.0,0.0002615062761506276
2022,PE,PCB,2,0,0,0.0,0.0,,,0.0
2022,PE,PDT,24,0,6,0.0,0.0,0.0,0.0,0.0015690376569037657
2022,PE,PL,26,4,3,3.0,0.46153846153846156,0.15384615384615385,1.0,0.0007845188284518828
2022,PE,PMB,1,0,0,0.0,0.0,,,0.0
2022,PE,PMN,21,0,6,0.0,0.0,0.0,0.0,0.0015690376569037657
2022,PE,PODE,22,0,5,0.0,0.0,0.0,0.0,0.001307531380753138
2022,PE,PP,21,4,8,4.0,1.5238095238095237,0.19047619047619047,0.5,0.0020920502092050207
2022,PE,PROS,3,0,0,0.0,0.0,,,0.0
2022,PE,PRTB,24,0,13,0.0,0.0,0.0,0.0,0.003399581589958159
2022,PE,PSB,14,5,8,5.0,2.857142857142857,0.35714285714285715,0.625,0.0020920502092050207
2022,PE,PSC,9,0,0,0.0,0.0,,,0.0
2022,PE,PSD,2,0,0,0.0,0.0,,,0.0
2022,PE,PSDB,13,0,8,0.0,0.0,0.0,0.0,0.0020920502092050207
2022,PE,PSOL,17,0,9,0.0,0.0,0.0,0.0,0.0023535564853556486
2022,PE,PSTU,2,0,2,0.0,0.0,0.0,0.0,0.0005230125523012552
2022,PE,PT,15,1,6,1.0,0.4,0.06666666666666667,0.16666666666666666,0.0015690376569037657
2022,PE,PTB,10,0,4,0.0,0.0,0.0,0.0,0.0010460251046025104
2022,PE,PV,3,1,2,1.0,0.6666666666666666,0.3333333333333333,0.5,0.0005230125523012552
2022,PE,REDE,9,1,2,1.0,0.2222222222222222,0.1111111111111111,0.5,0.0005230125523012552
2022,PE,REPUBLICANOS,25,2,9,2.0,0.72,0.08,0.2222222222222222,0.0023535564853556486
2022,PE,SOLIDARIEDADE,13,1,3,1.0,0.23076923076923078,0.07692307692307693,0.3333333333333333,0.0007845188284518828
2022,PE,UNIAO,26,3,21,3.0,2.423076923076923,0.11538461538461539,0.14285714285714285,0.0054916317991631795
2022,PE,UP,2,0,1,0.0,0.0,0.0,0.0,0.0002615062761506276
2022,PI,AGIR,6,0,1,0.0,0.0,0.0,0.0,0.0002615062761506276
2022,PI,CIDADANIA,9,0,9,0.0,0.0,0.0,0.0,0.0023535564853556486
2022,PI,NOVO,6,0,3,0.0,0.0,0.0,0.0,0.0007845188284518828
2022,PI,PATRIOTA,9,0,5,0.0,0.0,0.0,0.0,0.001307531380753138
2022,PI,PCB,2,0,0,0.0,0.0,,,0.0
2022,PI,PCO,1,0,0,0.0,0.0,,,0.0
2022,PI,PDT,8,0,2,0.0,0.0,0.0,0.0,0.0005230125523012552
2022,PI,PL,10,0,1,0.0,0.0,0.0,0.0,0.0002615062761506276
2022,PI,PMN,11,0,8,0.0,0.0,0.0,0.0,0.0020920502092050207
2022,PI,PODE,9,0,7,0.0,0.0,0.0,0.0,0.0018305439330543933
2022,PI,PP,9,2,7,2.0,1.5555555555555556,0.2222222222222222,0.2857142857142857,0.0018305439330543933
2022,PI,PSC,11,0,0,0.0,0.0,,,0.0
2022,PI,PSD,10,3,6,3.0,1.8,0.3,0.5,0.0015690376569037657
2022,PI,PSOL,4,0,4,0.0,0.0,0.0,0.0,0.0010460251046025104
2022,PI,PSTU,2,0,2,0.0,0.0,0.0,0.0,0.0005230125523012552
2022,PI,PT,9,4,5,3.0,2.2222222222222223,0.4444444444444444,0.6,0.001307531380753138
2022,PI,PTB,10,0,7,0.0,0.0,0.0,0.0,0.0018305439330543933
2022,PI,PV,2,1,1,0.0,0.5,0.5,0.0,0.0002615062761506276
2022,PI,REDE,3,0,3,0.0,0.0,0.0,0.0,0.0007845188284518828
2022,PI,REPUBLICANOS,11,0,2,0.0,0.0,0.0,0.0,0.0005230125523012552
2022,PI,SOLIDARIEDADE,11,0,3,0.0,0.0,0.0,0.0,0.0007845188284518828
2022,PI,UNIAO,10,0,7,0.0,0.0,0.0,0.0,0.0018305439330543933
2022,PI,UP,1,0,1,0.0,0.0,0.0,0.0,0.0002615062761506276
2022,PR,AGIR,26,0,6,0.0,0.0,0.0,0.0,0.0015690376569037657
2022,PR,CIDADANIA,12,0,2,0.0,0.0,0.0,0.0,0.0005230125523012552
2022,PR,DC,25,0,12,0.0,0.0,0.0,0.0,0.0031380753138075313
2022,PR,MDB,30,1,7,1.0,0.23333333333333334,0.03333333333333333,0.14285714285714285,0.0018305439330543933
2022,PR,NOVO,26,0,7,0.0,0.0,0.0,0.0,0.0018305439330543933
2022,PR,PATRIOTA,20,0,10,0.0,0.0,0.0,0.0,0.002615062761506276
2022,PR,PC DO B,4,0,4,0.0,0.0,0.0,0.0,0.0010460251046025104
2022,PR,PCB,2,0,0,0.0,0.0,,,0.0
2022,PR,PCO,1,0,1,0.0,0.0,0.0,0.0,0.0002615062761506276
2022,PR,PDT,30,0,5,0.0,0.0,0.0,0.0,0.001307531380753138
2022,PR,PL,26,3,4,3.0,0.46153846153846156,0.11538461538461539,0.75,0.0010460251046025104
2022,PR,PMB,27,0,18,0.0,0.0,0.0,0.0,0.004707112970711297
2022,PR,PMN,18,0,14,0.0,0.0,0.0,0.0,0.0036610878661087866
2022,PR,PODE,28,1,10,1.0,0.35714285714285715,0.03571428571428571,0.1,0.002615062761506276
2022,PR,PP,31,4,17,4.0,2.193548387096774,0.12903225806451613,0.23529411764705882,0.00444560669456067
2022,PR,PROS,30,1,8,1.0,0.26666666666666666,0.03333333333333333,0.125,0.0020920502092050207
2022,PR,PRTB,15,0,7,0.0,0.0,0.0,0.0,0.0018305439330543933
2022,PR,PSB,22,1,6,1.0,0.2727272727272727,0.045454545454545456,0.16666666666666666,0.0015690376569037657
2022,PR,PSC,24,0,9,0.0,0.0,0.0,0.0,0.0023535564853556486
2022,PR,PSD,29,7,14,7.0,3.3793103448275863,0.2413793103448276,0.5,0.0036610878661087866
2022,PR,PSDB,10,1,3,1.0,0.3,0.1,0.3333333333333333,0.0007845188284518828
2022,PR,PSOL,10,0,7,0.0,0.0,0.0,0.0,0.0018305439330543933
2022,PR,PSTU,1,0,0,0.0,0.0,,,0.0
2022,PR,PT,23,5,8,5.0,1.7391304347826086,0.21739130434782608,0.625,0.0020920502092050207
2022,PR,PTB,30,0,2,0.0,0.0,0.0,0.0,0.0005230125523012552
2022,PR,PV,2,1,1,1.0,0.5,0.5,1.0,0.0002615062761506276
2022,PR,REDE,21,0,14,0.0,0.0,0.0,0.0,0.0036610878661087866
2022,PR,REPUBLICANOS,28,1,12,1.0,0.42857142857142855,0.03571428571428571,0.08333333333333333,0.0031380753138075313
2022,PR,SOLIDARIEDADE,22,0,12,0.0,0.0,0.0,0.0,0.0031380753138075313
2022,PR,UNIAO,27,4,10,4.0,1.4814814814814814,0.14814814814814814,0.4,0.002615062761506276
2022,RJ,AGIR,45,0,11,0.0,0.0,0.0,0.0,0.002876569037656904
2022,RJ,AVANTE,43,0,14,0.0,0.0,0.0,0.0,0.0036610878661087866
2022,RJ,CIDADANIA,22,0,8,0.0,0.0,0.0,0.0,0.0020920502092050207
2022,RJ,DC,44,0,31,0.0,0.0,0.0,0.0,0.008106694560669456
2022,RJ,MDB,45,2,5,2.0,0.2222222222222222,0.044444444444444446,0.4,0.001307531380753138
2022,RJ,NOVO,21,0,3,0.0,0.0,0.0,0.0,0.0007845188284518828
2022,RJ,PATRIOTA,47,0,16,0.0,0.0,0.0,0.0,0.0041841004184100415
2022,RJ,PC DO B,3,1,2,1.0,0.6666666666666666,0.3333333333333333,0.5,0.0005230125523012552
2022,RJ,PCB,3,0,0,0.0,0.0,,,0.0
2022,RJ,PDT,44,1,9,1.0,0.20454545454545456,0.022727272727272728,0.1111111111111111,0.0023535564853556486
2022,RJ,PL,46,11,18,7.6923076923076925,4.304347826086956,0.2391304347826087,0.4273504273504274,0.004707112970711297
2022,RJ,PMB,41,0,10,0.0,0.0,0.0,0.0,0.002615062761506276
2022,RJ,PMN,47,0,14,0.0,0.0,0.0,0.0,0.0036610878661087866
2022,RJ,PODE,47,1,25,0.5,0.5319148936170213,0.02127659574468085,0.02,0.00653765690376569
2022,RJ,PP,46,3,10,3.0,0.6521739130434783,0.06521739130434782,0.3,0.002615062761506276
2022,RJ,PROS,42,1,3,1.0,0.07142857142857142,0.023809523809523808,0.3333333333333333,0.0007845188284518828
2022,RJ,PRTB,42,0,2,0.0,0.0,0.0,0.0,0.0005230125523012552
2022,RJ,PSB,36,1,14,1.0,0.3888888888888889,0.027777777777777776,0.07142857142857142,0.0036610878661087866
2022,RJ,PSC,26,0,3,0.0,0.0,0.0,0.0,0.0007845188284518828
2022,RJ,PSD,47,4,19,4.0,1.6170212765957446,0.0851063829787234,0.21052631578947367,0.004968619246861925
2022,RJ,PSDB,25,0,4,0.0,0.0,0.0,0.0,0.0010460251046025104
2022,RJ,PSOL,28,5,10,5.0,1.7857142857142858,0.17857142857142858,0.5,0.002615062761506276
2022,RJ,PSTU,2,0,2,0.0,0.0,0.0,0.0,0.0005230125523012552
2022,RJ,PT,36,5,10,5.0,1.3888888888888888,0.1388888888888889,0.5,0.002615062761506276
2022,RJ,PTB,47,1,5,0.0,0.10638297872340426,0.02127659574468085,0.0,0.001307531380753138
2022,RJ,PV,6,0,3,0.0,0.0,0.0,0.0,0.0007845188284518828
2022,RJ,REDE,3,0,1,0.0,0.0,0.0,0.0,0.0002615062761506276
2022,RJ,REPUBLICANOS,46,3,12,3.0,0.782608695652174,0.06521739130434782,0.25,0.0031380753138075313
2022,RJ,SOLIDARIEDADE,47,1,4,1.0,0.0851063829787234,0.02127659574468085,0.25,0.0010460251046025104
2022,RJ,UNIAO,47,6,23,6.0,2.9361702127659575,0.1276595744680851,0.2608695652173913,0.006014644351464435
2022,RN,AVANTE,9,0,7,0.0,0.0,0.0,0.0,0.0018305439330543933
2022,RN,CIDADANIA,2,0,2,0.0,0.0,0.0,0.0,0.0005230125523012552
2022,RN,DC,9,0,5,0.0,0.0,0.0,0.0,0.001307531380753138
2022,RN,MDB,8,0,6,0.0,0.0,0.0,0.0,0.0015690376569037657
2022,RN,PATRIOTA,7,0,3,0.0,0.0,0.0,0.0,0.0007845188284518828
2022,RN,PC DO B,3,0,2,0.0,0.0,0.0,0.0,0.0005230125523012552
2022,RN,PDT,9,0,3,0.0,0.0,0.0,0.0,0.0007845188284518828
2022,RN,PL,9,4,4,3.0,1.7777777777777777,0.4444444444444444,0.75,0.0010460251046025104
2022,RN,PMB,3,0,0,0.0,0.0,,,0.0
2022,RN,PMN,9,0,2,0.0,0.0,0.0,0.0,0.0005230125523012552
2022,RN,PODE,9,0,9,0.0,0.0,0.0,0.0,0.0023535564853556486
2022,RN,PP,9,0,7,0.0,0.0,0.0,0.0,0.0018305439330543933
2022,RN,PRTB,8,0,1,0.0,0.0,0.0,0.0,0.0002615062761506276
2022,RN,PSB,9,0,7,0.0,0.0,0.0,0.0,0.0018305439330543933
2022,RN,PSC,8,0,6,0.0,0.0,0.0,0.0,0.0015690376569037657
2022,RN,PSD,9,0,2,0.0,0.0,0.0,0.0,0.0005230125523012552
2022,RN,PSDB,7,0,2,0.0,0.0,0.0,0.0,0.0005230125523012552
2022,RN,PSOL,4,0,3,0.0,0.0,0.0,0.0,0.0007845188284518828
2022,RN,PSTU,1,0,1,0.0,0.0,0.0,0.0,0.0002615062761506276
2022,RN,PT,4,2,3,2.0,1.5,0.5,0.6666666666666666,0.0007845188284518828
2022,RN,PTB,7,0,0,0.0,0.0,,,0.0
2022,RN,PV,2,0,2,0.0,0.0,0.0,0.0,0.0005230125523012552
2022,RN,REDE,3,0,0,0.0,0.0,,,0.0
2022,RN,REPUBLICANOS,9,0,6,0.0,0.0,0.0,0.0,0.0015690376569037657
2022,RN,SOLIDARIEDADE,9,0,5,0.0,0.0,0.0,0.0,0.001307531380753138
2022,RN,UNIAO,9,2,8,2.0,1.7777777777777777,0.2222222222222222,0.25,0.0020920502092050207
2022,RO,AGIR,7,0,6,0.0,0.0,0.0,0.0,0.0015690376569037657
2022,RO,AVANTE,9,0,2,0.0,0.0,0.0,0.0,0.0005230125523012552
2022,RO,MDB,9,2,6,2.0,1.3333333333333333,0.2222222222222222,0.3333333333333333,0.0015690376569037657
2022,RO,PATRIOTA,7,0,3,0.0,0.0,0.0,0.0,0.0007845188284518828
2022,RO,PC DO B,3,0,2,0.0,0.0,0.0,0.0,0.0005230125523012552
2022,RO,PDT,8,0,6,0.0,0.0,0.0,0.0,0.0015690376569037657
2022,RO,PL,9,2,3,2.0,0.6666666666666666,0.2222222222222222,0.6666666666666666,0.0007845188284518828
2022,RO,PMB,2,0,0,0.0,0.0,,,0.0
2022,RO,PODE,9,0,6,0.0,0.0,0.0,0.0,0.0015690376569037657
2022,RO,PP,6,0,3,0.0,0.0,0.0,0.0,0.0007845188284518828
2022,RO,PROS,9,0,0,0.0,0.0,,,0.0
2022,RO,PSB,8,0,4,0.0,0.0,0.0,0.0,0.0010460251046025104
2022,RO,PSC,9,0,7,0.0,0.0,0.0,0.0,0.0018305439330543933
2022,RO,PSD,8,0,5,0.0,0.0,0.0,0.0,0.001307531380753138
2022,RO,PSOL,8,0,6,0.0,0.0,0.0,0.0,0.0015690376569037657
2022,RO,PT,3,0,3,0.0,0.0,0.0,0.0,0.0007845188284518828
2022,RO,PTB,9,0,8,0.0,0.0,0.0,0.0,0.0020920502092050207
2022,RO,PV,2,0,2,0.0,0.0,0.0,0.0,0.0005230125523012552
2022,RO,REPUBLICANOS,9,0,4,0.0,0.0,0.0,0.0,0.0010460251046025104
2022,RO,SOLIDARIEDADE,6,0,1,0.0,0.0,0.0,0.0,0.0002615062761506276
2022,RO,UNIAO,9,4,8,4.0,3.5555555555555554,0.4444444444444444,0.5,0.0020920502092050207
2022,RR,CIDADANIA,6,0,6,0.0,0.0,0.0,0.0,0.0015690376569037657
2022,RR,DC,6,0,5,0.0,0.0,0.0,0.0,0.001307531380753138
2022,RR,MDB,8,2,7,2.0,1.75,0.25,0.2857142857142857,0.0018305439330543933
2022,RR,PATRIOTA,7,0,4,0.0,0.0,0.0,0.0,0.0010460251046025104
2022,RR,PCO,1,0,1,0.0,0.0,0.0,0.0,0.0002615062761506276
2022,RR,PDT,8,0,3,0.0,0.0,0.0,0.0,0.0007845188284518828
2022,RR,PL,8,0,7,0.0,0.0,0.0,0.0,0.0018305439330543933
2022,RR,PMB,4,0,4,0.0,0.0,0.0,0.0,0.0010460251046025104
2022,RR,PMN,6,0,5,0.0,0.0,0.0,0.0,0.001307531380753138
2022,RR,PODE,8,0,6,0.0,0.0,0.0,0.0,0.0015690376569037657
2022,RR,PP,9,0,5,0.0,0.0,0.0,0.0,0.001307531380753138
2022,RR,PROS,8,0,4,0.0,0.0,0.0,0.0,0.0010460251046025104
2022,RR,PRTB,7,0,7,0.0,0.0,0.0,0.0,0.0018305439330543933
2022,RR,PSC,3,0,0,0.0,0.0,,,0.0
2022,RR,PSD,9,1,6,1.0,0.6666666666666666,0.1111111111111111,0.16666666666666666,0.0015690376569037657
2022,RR,PSDB,1,0,0,0.0,0.0,,,0.0
2022,RR,PSOL,3,0,3,0.0,0.0,0.0,0.0,0.0007845188284518828
2022,RR,PT,3,0,2,0.0,0.0,0.0,0.0,0.0005230125523012552
2022,RR,PTB,9,0,8,0.0,0.0,0.0,0.0,0.0020920502092050207
2022,RR,PV,3,0,2,0.0,0.0,0.0,0.0,0.0005230125523012552
2022,RR,REDE,5,0,3,0.0,0.0,0.0,0.0,0.0007845188284518828
2022,RR,REPUBLICANOS,9,3,7,3.0,2.3333333333333335,0.3333333333333333,0.42857142857142855,0.0018305439330543933
2022,RR,SOLIDARIEDADE,7,0,5,0.0,0.0,0.0,0.0,0.001307531380753138
2022,RR,UNIAO,8,2,6,2.0,1.5,0.25,0.3333333333333333,0.0015690376569037657
2022,RS,AGIR,1,0,0,0.0,0.0,,,0.0
2022,RS,AVANTE,30,0,8,0.0,0.0,0.0,0.0,0.0020920502092050207
2022,RS,CIDADANIA,8,1,1,1.0,0.125,0.125,1.0,0.0002615062761506276
2022,RS,DC,7,0,2,0.0,0.0,0.0,0.0,0.0005230125523012552
2022,RS,MDB,24,3,8,3.0,1.0,0.125,0.375,0.0020920502092050207
2022,RS,NOVO,6,1,2,1.0,0.3333333333333333,0.16666666666666666,0.5,0.0005230125523012552
2022,RS,PATRIOTA,23,0,18,0.0,0.0,0.0,0.0,0.004707112970711297
2022,RS,PC DO B,4,1,2,1.0,0.5,0.25,0.5,0.0005230125523012552
2022,RS,PCB,2,0,0,0.0,0.0,,,0.0
2022,RS,PDT,28,2,6,2.0,0.42857142857142855,0.07142857142857142,0.3333333333333333,0.0015690376569037657
2022,RS,PL,31,4,5,3.0,0.6451612903225806,0.12903225806451613,0.6,0.001307531380753138
2022,RS,PODE,28,1,5,0.0,0.17857142857142858,0.03571428571428571,0.0,0.001307531380753138
2022,RS,PP,27,3,6,3.0,0.6666666666666666,0.1111111111111111,0.5,0.0015690376569037657
2022,RS,PROS,3,0,0,0.0,0.0,,,0.0
2022,RS,PRTB,7,0,5,0.0,0.0,0.0,0.0,0.001307531380753138
2022,RS,PSB,23,1,7,1.0,0.30434782608695654,0.043478260869565216,0.14285714285714285,0.0018305439330543933
2022,RS,PSC,29,0,21,0.0,0.0,0.0,0.0,0.0054916317991631795
2022,RS,PSD,28,1,8,1.0,0.2857142857142857,0.03571428571428571,0.125,0.0020920502092050207
2022,RS,PSDB,23,2,8,2.0,0.6956521739130435,0.08695652173913043,0.25,0.0020920502092050207
2022,RS,PSOL,30,1,8,1.0,0.26666666666666666,0.03333333333333333,0.125,0.0020920502092050207
2022,RS,PSTU,3,0,2,0.0,0.0,0.0,0.0,0.0005230125523012552
2022,RS,PT,25,6,10,6.0,2.4,0.24,0.6,0.002615062761506276
2022,RS,PTB,31,0,8,0.0,0.0,0.0,0.0,0.0020920502092050207
2022,RS,PV,2,0,2,0.0,0.0,0.0,0.0,0.0005230125523012552
2022,RS,REDE,2,0,1,0.0,0.0,0.0,0.0,0.0002615062761506276
2022,RS,REPUBLICANOS,32,3,7,3.0,0.65625,0.09375,0.42857142857142855,0.0018305439330543933
2022,RS,SOLIDARIEDADE,25,0,17,0.0,0.0,0.0,0.0,0.00444560669456067
2022,RS,UNIAO,28,1,7,1.0,0.25,0.03571428571428571,0.14285714285714285,0.0018305439330543933
2022,RS,UP,2,0,2,0.0,0.0,0.0,0.0,0.0005230125523012552
2022,SC,AVANTE,12,0,7,0.0,0.0,0.0,0.0,0.0018305439330543933
2022,SC,CIDADANIA,5,1,1,1.0,0.2,0.2,1.0,0.0002615062761506276
2022,SC,DC,2,0,2,0.0,0.0,0.0,0.0,0.0005230125523012552
2022,SC,MDB,16,3,5,3.0,0.9375,0.1875,0.6,0.001307531380753138
2022,SC,NOVO,13,1,3,0.0,0.23076923076923078,0.07692307692307693,0.0,0.0007845188284518828
2022,SC,PATRIOTA,16,0,11,0.0,0.0,0.0,0.0,0.002876569037656904
2022,SC,PC DO B,2,0,1,0.0,0.0,0.0,0.0,0.0002615062761506276
2022,SC,PCO,1,0,1,0.0,0.0,0.0,0.0,0.0002615062761506276
2022,SC,PDT,12,0,9,0.0,0.0,0.0,0.0,0.0023535564853556486
2022,SC,PL,15,6,5,4.0,2.0,0.4,0.8,0.001307531380753138
2022,SC,PODE,16,0,8,0.0,0.0,0.0,0.0,0.0020920502092050207
2022,SC,PP,17,0,5,0.0,0.0,0.0,0.0,0.001307531380753138
2022,SC,PROS,13,0,0,0.0,0.0,,,0.0
2022,SC,PRTB,3,0,2,0.0,0.0,0.0,0.0,0.0005230125523012552
2022,SC,PSB,17,0,7,0.0,0.0,0.0,0.0,0.0018305439330543933
2022,SC,PSC,15,0,6,0.0,0.0,0.0,0.0,0.0015690376569037657
2022,SC,PSD,13,2,6,2.0,0.9230769230769231,0.15384615384615385,0.3333333333333333,0.0015690376569037657
2022,SC,PSDB,9,0,2,0.0,0.0,0.0,0.0,0.0005230125523012552
2022,SC,PSOL,11,0,6,0.0,0.0,0.0,0.0,0.0015690376569037657
2022,SC,PSTU,1,0,1,0.0,0.0,0.0,0.0,0.0002615062761506276
2022,SC,PT,13,2,5,2.0,0.7692307692307693,0.15384615384615385,0.4,0.001307531380753138
2022,SC,PTB,17,0,8,0.0,0.0,0.0,0.0,0.0020920502092050207
2022,SC,PV,2,0,2,0.0,0.0,0.0,0.0,0.0005230125523012552
2022,SC,REDE,6,0,6,0.0,0.0,0.0,0.0,0.0015690376569037657
2022,SC,REPUBLICANOS,16,0,10,0.0,0.0,0.0,0.0,0.002615062761506276
2022,SC,SOLIDARIEDADE,12,0,2,0.0,0.0,0.0,0.0,0.0005230125523012552
2022,SC,UNIAO,16,1,10,1.0,0.625,0.0625,0.1,0.002615062761506276
2022,SC,UP,1,0,1,0.0,0.0,0.0,0.0,0.0002615062761506276
2022,SE,CIDADANIA,5,0,2,0.0,0.0,0.0,0.0,0.0005230125523012552
2022,SE,DC,9,0,9,0.0,0.0,0.0,0.0,0.0023535564853556486
2022,SE,MDB,9,0,0,0.0,0.0,,,0.0
2022,SE,PATRIOTA,8,0,6,0.0,0.0,0.0,0.0,0.0015690376569037657
2022,SE,PC DO B,2,0,2,0.0,0.0,0.0,0.0,0.0005230125523012552
2022,SE,PDT,9,0,5,0.0,0.0,0.0,0.0,0.001307531380753138
2022,SE,PL,7,1,3,1.0,0.42857142857142855,0.14285714285714285,0.3333333333333333,0.0007845188284518828
2022,SE,PMN,8,0,7,0.0,0.0,0.0,0.0,0.0018305439330543933
2022,SE,PODE,7,0,1,0.0,0.0,0.0,0.0,0.0002615062761506276
2022,SE,PP,9,1,7,1.0,0.7777777777777778,0.1111111111111111,0.14285714285714285,0.0018305439330543933
2022,SE,PROS,5,0,0,0.0,0.0,,,0.0
2022,SE,PSB,9,0,3,0.0,0.0,0.0,0.0,0.0007845188284518828
2022,SE,PSD,9,2,4,2.0,0.8888888888888888,0.2222222222222222,0.5,0.0010460251046025104
2022,SE,PSDB,4,0,2,0.0,0.0,0.0,0.0,0.0005230125523012552
2022,SE,PSOL,7,0,4,0.0,0.0,0.0,0.0,0.0010460251046025104
2022,SE,PT,5,1,2,1.0,0.4,0.2,0.5,0.0005230125523012552
2022,SE,PTB,9,0,0,0.0,0.0,,,0.0
2022,SE,PV,2,0,2,0.0,0.0,0.0,0.0,0.0005230125523012552
2022,SE,REDE,1,0,1,0.0,0.0,0.0,0.0,0.0002615062761506276
2022,SE,REPUBLICANOS,9,1,5,1.0,0.5555555555555556,0.1111111111111111,0.2,0.001307531380753138
2022,SE,SOLIDARIEDADE,4,0,4,0.0,0.0,0.0,0.0,0.0010460251046025104
2022,SE,UNIAO,9,2,6,2.0,1.3333333333333333,0.2222222222222222,0.3333333333333333,0.0015690376569037657
2022,SE,UP,2,0,2,0.0,0.0,0.0,0.0,0.0005230125523012552
2022,SP,AGIR,68,0,2,0.0,0.0,0.0,0.0,0.0005230125523012552
2022,SP,AVANTE,70,0,11,0.0,0.0,0.0,0.0,0.002876569037656904
2022,SP,CIDADANIA,9,2,4,2.0,0.8888888888888888,0.2222222222222222,0.5,0.0010460251046025104
2022,SP,DC,16,0,15,0.0,0.0,0.0,0.0,0.003922594142259414
2022,SP,MDB,66,5,21,4.0,1.5909090909090908,0.07575757575757576,0.19047619047619047,0.0054916317991631795
2022,SP,NOVO,56,1,8,1.0,0.14285714285714285,0.017857142857142856,0.125,0.0020920502092050207
2022,SP,PATRIOTA,70,0,32,0.0,0.0,0.0,0.0,0.008368200836820083
2022,SP,PC DO B,2,0,2,0.0,0.0,0.0,0.0,0.0005230125523012552
2022,SP,PCB,9,0,0,0.0,0.0,,,0.0
2022,SP,PCO,9,0,9,0.0,0.0,0.0,0.0,0.0023535564853556486
2022,SP,PDT,45,0,6,0.0,0.0,0.0,0.0,0.0015690376569037657
2022,SP,PL,70,17,23,13.0,5.585714285714285,0.24285714285714285,0.5652173913043478,0.006014644351464435
2022,SP,PMB,26,0,0,0.0,0.0,,,0.0
2022,SP,PMN,47,0,13,0.0,0.0,0.0,0.0,0.003399581589958159
2022,SP,PODE,71,3,22,3.0,0.9295774647887324,0.04225352112676056,0.13636363636363635,0.005753138075313808
2022,SP,PP,65,4,8,4.0,0.49230769230769234,0.06153846153846154,0.5,0.0020920502092050207
2022,SP,PROS,59,0,7,0.0,0.0,0.0,0.0,0.0018305439330543933
2022,SP,PRTB,59,0,30,0.0,0.0,0.0,0.0,0.007845188284518828
2022,SP,PSB,67,2,11,1.0,0.3283582089552239,0.029850746268656716,0.09090909090909091,0.002876569037656904
2022,SP,PSC,59,1,8,1.0,0.13559322033898305,0.01694915254237288,0.125,0.0020920502092050207
2022,SP,PSD,48,3,18,3.0,1.125,0.0625,0.16666666666666666,0.004707112970711297
2022,SP,PSDB,43,3,13,2.0,0.9069767441860465,0.06976744186046512,0.15384615384615385,0.003399581589958159
2022,SP,PSOL,38,5,12,5.0,1.5789473684210527,0.13157894736842105,0.4166666666666667,0.0031380753138075313
2022,SP,PSTU,9,0,3,0.0,0.0,0.0,0.0,0.0007845188284518828
2022,SP,PT,57,11,28,11.0,5.4035087719298245,0.19298245614035087,0.39285714285714285,0.007322175732217573
2022,SP,PTB,70,0,5,0.0,0.0,0.0,0.0,0.001307531380753138
2022,SP,PV,11,0,4,0.0,0.0,0.0,0.0,0.0010460251046025104
2022,SP,REDE,21,1,3,1.0,0.14285714285714285,0.047619047619047616,0.3333333333333333,0.0007845188284518828
2022,SP,REPUBLICANOS,68,5,19,5.0,1.3970588235294117,0.07352941176470588,0.2631578947368421,0.004968619246861925
2022,SP,SOLIDARIEDADE,54,1,15,1.0,0.2777777777777778,0.018518518518518517,0.06666666666666667,0.003922594142259414
2022,SP,UNIAO,66,6,38,6.0,3.4545454545454546,0.09090909090909091,0.15789473684210525,0.00993723849372385
2022,SP,UP,1,0,1,0.0,0.0,0.0,0.0,0.0002615062761506276
2022,TO,AVANTE,9,0,7,0.0,0.0,0.0,0.0,0.0018305439330543933
2022,TO,CIDADANIA,2,0,2,0.0,0.0,0.0,0.0,0.0005230125523012552
2022,TO,DC,8,0,6,0.0,0.0,0.0,0.0,0.0015690376569037657
2022,TO,MDB,8,0,3,0.0,0.0,0.0,0.0,0.0007845188284518828
2022,TO,PATRIOTA,9,0,3,0.0,0.0,0.0,0.0,0.0007845188284518828
2022,TO,PC DO B,2,0,2,0.0,0.0,0.0,0.0,0.0005230125523012552
2022,TO,PDT,6,0,4,0.0,0.0,0.0,0.0,0.0010460251046025104
2022,TO,PL,9,2,4,2.0,0.8888888888888888,0.2222222222222222,0.5,0.0010460251046025104
2022,TO,PMB,2,0,0,0.0,0.0,,,0.0
2022,TO,PODE,9,0,6,0.0,0.0,0.0,0.0,0.0015690376569037657
2022,TO,PP,9,2,6,2.0,1.3333333333333333,0.2222222222222222,0.3333333333333333,0.0015690376569037657
2022,TO,PRTB,4,0,1,0.0,0.0,0.0,0.0,0.0002615062761506276
2022,TO,PSB,8,0,6,0.0,0.0,0.0,0.0,0.0015690376569037657
2022,TO,PSC,9,0,2,0.0,0.0,0.0,0.0,0.0005230125523012552
2022,TO,PSD,9,0,5,0.0,0.0,0.0,0.0,0.001307531380753138
2022,TO,PSDB,5,0,5,0.0,0.0,0.0,0.0,0.001307531380753138
2022,TO,PSOL,3,0,3,0.0,0.0,0.0,0.0,0.0007845188284518828
2022,TO,PT,5,0,3,0.0,0.0,0.0,0.0,0.0007845188284518828
2022,TO,PTB,9,0,6,0.0,0.0,0.0,0.0,0.0015690376569037657
2022,TO,PV,2,0,1,0.0,0.0,0.0,0.0,0.0002615062761506276
2022,TO,REDE,2,0,2,0.0,0.0,0.0,0.0,0.0005230125523012552
2022,TO,REPUBLICANOS,9,3,7,3.0,2.3333333333333335,0.3333333333333333,0.42857142857142855,0.0018305439330543933
2022,TO,UNIAO,7,1,5,1.0,0.7142857142857143,0.14285714285714285,0.2,0.001307531380753138
