Ano,UF,Partido,Dentro: eleitos,Dentro: não eleitos,Fora: eleitos,Fora: não eleitos
2018,AC,AVANTE,0.0,6.0,0.0,3.0
2018,AC,DC,0.0,3.0,0.0,0.0
2018,AC,DEM,1.0,0.0,0.0,0.0
2018,AC,MDB,2.0,0.0,0.0,1.0
2018,AC,PATRI,0.0,0.0,0.0,1.0
2018,AC,PC DO B,1.0,0.0,0.0,0.0
2018,AC,PDT,1.0,6.0,0.0,9.0
2018,AC,PHS,0.0,2.0,0.0,0.0
2018,AC,PMB,0.0,1.0,0.0,0.0
2018,AC,PMN,0.0,1.0,0.0,0.0
2018,AC,PODE,0.0,1.0,0.0,1.0
2018,AC,PP,0.0,2.0,0.0,1.0
2018,AC,PPL,0.0,1.0,0.0,0.0
2018,AC,PPS,0.0,1.0,0.0,0.0
2018,AC,PR,0.0,1.0,0.0,0.0
2018,AC,PROS,0.0,1.0,0.0,1.0
2018,AC,PRP,0.0,2.0,0.0,1.0
2018,AC,PRTB,0.0,1.0,0.0,1.0
2018,AC,PSB,0.0,1.0,0.0,0.0
2018,AC,PSC,0.0,1.0,0.0,0.0
2018,AC,PSD,0.0,1.0,0.0,0.0
2018,AC,PSDB,1.0,0.0,0.0,0.0
2018,AC,PSL,0.0,5.0,0.0,3.0
2018,AC,PSOL,0.0,3.0,0.0,1.0
2018,AC,PT,1.0,2.0,0.0,2.0
2018,AC,PTB,0.0,1.0,0.0,0.0
2018,AC,PTC,0.0,1.0,0.0,0.0
2018,AC,PV,0.0,1.0,0.0,1.0
2018,AC,REDE,0.0,1.0,0.0,1.0
2018,AC,SOLIDARIEDADE,1.0,0.0,0.0,0.0
2018,AL,AVANTE,0.0,1.0,0.0,0.0
2018,AL,DC,0.0,2.0,0.0,0.0
2018,AL,DEM,0.0,0.0,0.0,2.0
2018,AL,MDB,0.0,2.0,1.0,0.0
2018,AL,NOVO,0.0,2.0,0.0,1.0
2018,AL,PATRI,0.0,0.0,0.0,3.0
2018,AL,PC DO B,0.0,2.0,0.0,2.0
2018,AL,PDT,0.0,1.0,0.0,1.0
2018,AL,PHS,0.0,4.0,0.0,2.0
2018,AL,PMN,0.0,1.0,0.0,0.0
2018,AL,PODE,0.0,0.0,0.0,1.0
2018,AL,PP,1.0,1.0,0.0,3.0
2018,AL,PPL,0.0,2.0,0.0,0.0
2018,AL,PPS,0.0,1.0,0.0,0.0
2018,AL,PR,1.0,0.0,0.0,0.0
2018,AL,PRB,1.0,0.0,0.0,0.0
2018,AL,PROS,0.0,0.0,0.0,1.0
2018,AL,PRTB,0.0,1.0,0.0,1.0
2018,AL,PSB,1.0,0.0,0.0,1.0
2018,AL,PSC,0.0,2.0,0.0,0.0
2018,AL,PSD,1.0,1.0,0.0,0.0
2018,AL,PSDB,1.0,1.0,0.0,1.0
2018,AL,PSL,0.0,0.0,0.0,10.0
2018,AL,PSOL,0.0,1.0,0.0,1.0
2018,AL,PSTU,0.0,0.0,0.0,1.0
2018,AL,PT,1.0,0.0,0.0,0.0
2018,AL,PTB,1.0,1.0,0.0,0.0
2018,AL,PTC,0.0,1.0,0.0,1.0
2018,AL,PV,0.0,1.0,0.0,1.0
2018,AL,REDE,0.0,1.0,0.0,0.0
2018,AL,SOLIDARIEDADE,0.0,0.0,0.0,1.0
2018,AM,AVANTE,0.0,2.0,0.0,2.0
2018,AM,DC,0.0,3.0,0.0,3.0
2018,AM,DEM,0.0,1.0,0.0,1.0
2018,AM,MDB,0.0,1.0,0.0,6.0
2018,AM,PATRI,0.0,4.0,0.0,1.0
2018,AM,PC DO B,0.0,4.0,0.0,4.0
2018,AM,PDT,0.0,2.0,0.0,1.0
2018,AM,PHS,0.0,2.0,0.0,0.0
2018,AM,PMB,0.0,2.0,0.0,7.0
2018,AM,PMN,0.0,3.0,0.0,4.0
2018,AM,PODE,0.0,3.0,0.0,2.0
2018,AM,PP,1.0,0.0,0.0,1.0
2018,AM,PPL,0.0,0.0,0.0,5.0
2018,AM,PPS,0.0,1.0,0.0,1.0
2018,AM,PR,1.0,1.0,0.0,1.0
2018,AM,PRB,2.0,0.0,0.0,0.0
2018,AM,PROS,0.0,2.0,0.0,0.0
2018,AM,PRP,0.0,1.0,0.0,3.0
2018,AM,PRTB,0.0,0.0,0.0,3.0
2018,AM,PSB,0.0,2.0,0.0,0.0
2018,AM,PSC,0.0,1.0,0.0,3.0
2018,AM,PSD,1.0,2.0,0.0,1.0
2018,AM,PSDB,0.0,1.0,0.0,0.0
2018,AM,PSL,1.0,0.0,0.0,0.0
2018,AM,PSOL,0.0,6.0,0.0,7.0
2018,AM,PSTU,0.0,0.0,0.0,1.0
2018,AM,PT,1.0,1.0,0.0,2.0
2018,AM,PTB,0.0,1.0,0.0,0.0
2018,AM,PTC,0.0,3.0,0.0,1.0
2018,AM,PV,0.0,1.0,0.0,1.0
2018,AM,REDE,0.0,2.0,0.0,5.0
2018,AM,SOLIDARIEDADE,1.0,0.0,0.0,0.0
2018,AP,AVANTE,1.0,1.0,0.0,0.0
2018,AP,DC,0.0,1.0,0.0,0.0
2018,AP,DEM,0.0,3.0,0.0,1.0
2018,AP,MDB,0.0,1.0,0.0,3.0
2018,AP,PC DO B,1.0,0.0,0.0,0.0
2018,AP,PDT,0.0,1.0,0.0,6.0
2018,AP,PHS,0.0,4.0,0.0,2.0
2018,AP,PMN,0.0,3.0,0.0,0.0
2018,AP,PODE,0.0,1.0,0.0,0.0
2018,AP,PP,1.0,0.0,0.0,0.0
2018,AP,PPL,0.0,3.0,0.0,0.0
2018,AP,PR,1.0,2.0,0.0,4.0
2018,AP,PRB,1.0,0.0,0.0,0.0
2018,AP,PROS,1.0,0.0,0.0,1.0
2018,AP,PRP,0.0,1.0,0.0,1.0
2018,AP,PSB,1.0,1.0,0.0,6.0
2018,AP,PSC,0.0,1.0,0.0,1.0
2018,AP,PSD,0.0,2.0,0.0,1.0
2018,AP,PSDB,1.0,0.0,0.0,1.0
2018,AP,PSL,0.0,1.0,0.0,0.0
2018,AP,PSOL,0.0,6.0,0.0,0.0
2018,AP,PSTU,0.0,0.0,0.0,2.0
2018,AP,PTB,0.0,6.0,0.0,1.0
2018,AP,PTC,0.0,1.0,0.0,4.0
2018,AP,PV,0.0,5.0,0.0,1.0
2018,AP,REDE,0.0,1.0,0.0,6.0
2018,AP,SOLIDARIEDADE,0.0,1.0,0.0,2.0
2018,BA,AVANTE,2.0,1.0,0.0,11.0
2018,BA,DC,0.0,4.0,0.0,11.0
2018,BA,DEM,4.0,4.0,0.0,30.0
2018,BA,MDB,0.0,4.0,0.0,32.0
2018,BA,NOVO,0.0,7.0,0.0,1.0
2018,BA,PATRI,0.0,2.0,0.0,37.0
2018,BA,PC DO B,2.0,0.0,0.0,0.0
2018,BA,PCO,0.0,2.0,0.0,0.0
2018,BA,PDT,1.0,1.0,1.0,33.0
2018,BA,PHS,1.0,3.0,1.0,20.0
2018,BA,PMB,0.0,1.0,0.0,0.0
2018,BA,PMN,0.0,2.0,0.0,6.0
2018,BA,PODE,1.0,0.0,0.0,3.0
2018,BA,PP,4.0,1.0,0.0,3.0
2018,BA,PPL,1.0,0.0,0.0,8.0
2018,BA,PPS,0.0,1.0,0.0,0.0
2018,BA,PR,2.0,1.0,0.0,0.0
2018,BA,PRB,2.0,1.0,0.0,1.0
2018,BA,PROS,0.0,1.0,0.0,11.0
2018,BA,PRP,0.0,1.0,1.0,9.0
2018,BA,PRTB,0.0,2.0,0.0,7.0
2018,BA,PSB,2.0,0.0,0.0,4.0
2018,BA,PSC,0.0,2.0,0.0,7.0
2018,BA,PSD,5.0,4.0,0.0,1.0
2018,BA,PSDB,1.0,2.0,0.0,5.0
2018,BA,PSL,1.0,0.0,0.0,3.0
2018,BA,PSOL,0.0,12.0,0.0,38.0
2018,BA,PT,7.0,2.0,0.0,3.0
2018,BA,PTB,0.0,1.0,0.0,2.0
2018,BA,PTC,0.0,2.0,0.0,20.0
2018,BA,PV,0.0,4.0,0.0,8.0
2018,BA,REDE,0.0,2.0,0.0,18.0
2018,BA,SOLIDARIEDADE,0.0,1.0,0.0,5.0
2018,CE,AVANTE,0.0,1.0,0.0,5.0
2018,CE,DC,0.0,6.0,0.0,1.0
2018,CE,DEM,0.0,1.0,0.0,5.0
2018,CE,MDB,1.0,2.0,0.0,3.0
2018,CE,NOVO,0.0,4.0,0.0,2.0
2018,CE,PATRI,0.0,9.0,1.0,9.0
2018,CE,PC DO B,0.0,2.0,0.0,1.0
2018,CE,PDT,2.0,1.0,4.0,7.0
2018,CE,PHS,0.0,2.0,0.0,3.0
2018,CE,PMN,0.0,1.0,0.0,2.0
2018,CE,PODE,0.0,1.0,0.0,2.0
2018,CE,PP,1.0,1.0,0.0,1.0
2018,CE,PPL,0.0,0.0,0.0,2.0
2018,CE,PPS,0.0,1.0,0.0,4.0
2018,CE,PR,1.0,1.0,0.0,2.0
2018,CE,PRB,0.0,1.0,0.0,0.0
2018,CE,PROS,2.0,4.0,0.0,24.0
2018,CE,PRP,0.0,1.0,0.0,0.0
2018,CE,PRTB,0.0,4.0,0.0,1.0
2018,CE,PSB,1.0,1.0,0.0,1.0
2018,CE,PSC,0.0,1.0,0.0,0.0
2018,CE,PSD,1.0,1.0,0.0,3.0
2018,CE,PSDB,1.0,3.0,0.0,9.0
2018,CE,PSL,1.0,0.0,0.0,20.0
2018,CE,PSOL,0.0,6.0,0.0,17.0
2018,CE,PSTU,0.0,0.0,0.0,1.0
2018,CE,PT,3.0,2.0,0.0,7.0
2018,CE,PTB,1.0,1.0,0.0,0.0
2018,CE,PV,1.0,0.0,0.0,1.0
2018,CE,REDE,0.0,13.0,0.0,2.0
2018,CE,SOLIDARIEDADE,1.0,1.0,0.0,0.0
2018,DF,AVANTE,0.0,7.0,0.0,1.0
2018,DF,DC,0.0,10.0,0.0,0.0
2018,DF,DEM,0.0,1.0,1.0,1.0
2018,DF,MDB,0.0,1.0,0.0,2.0
2018,DF,NOVO,0.0,4.0,0.0,2.0
2018,DF,PATRI,0.0,1.0,0.0,0.0
2018,DF,PC DO B,0.0,1.0,0.0,1.0
2018,DF,PCB,0.0,1.0,0.0,0.0
2018,DF,PDT,0.0,2.0,0.0,2.0
2018,DF,PHS,0.0,2.0,0.0,1.0
2018,DF,PMB,0.0,1.0,0.0,0.0
2018,DF,PMN,0.0,1.0,0.0,4.0
2018,DF,PODE,0.0,1.0,0.0,0.0
2018,DF,PP,1.0,1.0,0.0,0.0
2018,DF,PPL,0.0,6.0,0.0,7.0
2018,DF,PPS,1.0,1.0,0.0,2.0
2018,DF,PR,1.0,1.0,0.0,3.0
2018,DF,PRB,1.0,0.0,0.0,2.0
2018,DF,PROS,0.0,3.0,0.0,4.0
2018,DF,PRP,1.0,1.0,0.0,7.0
2018,DF,PRTB,0.0,4.0,0.0,1.0
2018,DF,PSB,0.0,2.0,0.0,0.0
2018,DF,PSC,0.0,3.0,0.0,1.0
2018,DF,PSD,0.0,1.0,0.0,0.0
2018,DF,PSDB,0.0,5.0,0.0,3.0
2018,DF,PSL,0.0,2.0,0.0,1.0
2018,DF,PSOL,0.0,6.0,0.0,9.0
2018,DF,PSTU,0.0,1.0,0.0,0.0
2018,DF,PT,1.0,2.0,0.0,13.0
2018,DF,PTB,0.0,1.0,0.0,0.0
2018,DF,PTC,0.0,2.0,0.0,4.0
2018,DF,PV,1.0,1.0,0.0,0.0
2018,DF,REDE,0.0,1.0,0.0,5.0
2018,DF,SOLIDARIEDADE,0.0,1.0,0.0,0.0
2018,ES,AVANTE,0.0,2.0,0.0,0.0
2018,ES,DC,0.0,9.0,0.0,2.0
2018,ES,DEM,1.0,0.0,0.0,1.0
2018,ES,MDB,0.0,1.0,0.0,3.0
2018,ES,NOVO,0.0,6.0,0.0,0.0
2018,ES,PATRI,0.0,0.0,0.0,1.0
2018,ES,PC DO B,0.0,1.0,0.0,0.0
2018,ES,PDT,1.0,0.0,0.0,4.0
2018,ES,PHS,0.0,2.0,0.0,1.0
2018,ES,PMB,0.0,4.0,0.0,1.0
2018,ES,PMN,0.0,1.0,0.0,0.0
2018,ES,PODE,0.0,6.0,0.0,0.0
2018,ES,PP,1.0,2.0,0.0,4.0
2018,ES,PPL,0.0,1.0,0.0,0.0
2018,ES,PPS,1.0,2.0,0.0,2.0
2018,ES,PR,1.0,1.0,0.0,1.0
2018,ES,PRB,1.0,3.0,0.0,6.0
2018,ES,PROS,0.0,1.0,0.0,2.0
2018,ES,PRP,0.0,3.0,0.0,0.0
2018,ES,PRTB,0.0,2.0,0.0,4.0
2018,ES,PSB,1.0,2.0,1.0,6.0
2018,ES,PSC,0.0,1.0,0.0,0.0
2018,ES,PSD,0.0,2.0,0.0,0.0
2018,ES,PSDB,0.0,1.0,0.0,2.0
2018,ES,PSL,1.0,0.0,0.0,6.0
2018,ES,PSOL,0.0,7.0,0.0,0.0
2018,ES,PT,1.0,2.0,0.0,12.0
2018,ES,PTB,0.0,3.0,0.0,10.0
2018,ES,PTC,0.0,1.0,0.0,0.0
2018,ES,PV,0.0,4.0,0.0,1.0
2018,ES,REDE,0.0,1.0,0.0,5.0
2018,ES,SOLIDARIEDADE,0.0,1.0,0.0,1.0
2018,GO,AVANTE,0.0,0.0,0.0,6.0
2018,GO,DC,0.0,2.0,0.0,10.0
2018,GO,DEM,2.0,1.0,0.0,3.0
2018,GO,MDB,0.0,2.0,0.0,12.0
2018,GO,NOVO,0.0,5.0,0.0,1.0
2018,GO,PATRI,0.0,0.0,0.0,8.0
2018,GO,PC DO B,0.0,1.0,0.0,2.0
2018,GO,PCB,0.0,1.0,0.0,0.0
2018,GO,PCO,0.0,1.0,0.0,0.0
2018,GO,PDT,1.0,0.0,0.0,1.0
2018,GO,PHS,0.0,8.0,0.0,12.0
2018,GO,PMN,0.0,2.0,0.0,2.0
2018,GO,PODE,1.0,1.0,0.0,2.0
2018,GO,PP,2.0,2.0,0.0,2.0
2018,GO,PPS,0.0,1.0,0.0,0.0
2018,GO,PR,1.0,0.0,0.0,0.0
2018,GO,PRB,1.0,0.0,0.0,0.0
2018,GO,PROS,0.0,1.0,0.0,0.0
2018,GO,PRP,1.0,0.0,0.0,3.0
2018,GO,PRTB,0.0,8.0,0.0,2.0
2018,GO,PSB,1.0,0.0,0.0,1.0
2018,GO,PSC,1.0,0.0,0.0,5.0
2018,GO,PSD,1.0,2.0,0.0,2.0
2018,GO,PSDB,1.0,3.0,0.0,2.0
2018,GO,PSL,1.0,0.0,1.0,7.0
2018,GO,PSOL,0.0,13.0,0.0,3.0
2018,GO,PT,1.0,1.0,0.0,13.0
2018,GO,PTB,0.0,2.0,0.0,1.0
2018,GO,PTC,0.0,1.0,0.0,10.0
2018,GO,PV,0.0,4.0,0.0,1.0
2018,GO,REDE,0.0,5.0,0.0,2.0
2018,GO,SOLIDARIEDADE,1.0,0.0,0.0,0.0
2018,MA,AVANTE,0.0,0.0,0.0,1.0
2018,MA,DC,0.0,0.0,0.0,2.0
2018,MA,DEM,1.0,0.0,0.0,1.0
2018,MA,MDB,2.0,1.0,0.0,5.0
2018,MA,PATRI,1.0,0.0,0.0,5.0
2018,MA,PC DO B,2.0,0.0,0.0,2.0
2018,MA,PCB,0.0,2.0,0.0,0.0
2018,MA,PDT,1.0,2.0,0.0,5.0
2018,MA,PHS,0.0,6.0,0.0,6.0
2018,MA,PMB,0.0,1.0,0.0,2.0
2018,MA,PMN,2.0,1.0,0.0,9.0
2018,MA,PODE,1.0,1.0,0.0,3.0
2018,MA,PP,1.0,1.0,0.0,2.0
2018,MA,PPL,0.0,0.0,0.0,1.0
2018,MA,PPS,0.0,0.0,0.0,1.0
2018,MA,PR,2.0,1.0,0.0,1.0
2018,MA,PRB,1.0,0.0,0.0,1.0
2018,MA,PROS,0.0,2.0,0.0,1.0
2018,MA,PRP,0.0,0.0,0.0,1.0
2018,MA,PRTB,0.0,1.0,0.0,3.0
2018,MA,PSB,1.0,0.0,0.0,3.0
2018,MA,PSC,0.0,1.0,0.0,2.0
2018,MA,PSD,1.0,1.0,0.0,0.0
2018,MA,PSDB,0.0,3.0,0.0,8.0
2018,MA,PSL,0.0,2.0,0.0,21.0
2018,MA,PSOL,0.0,15.0,0.0,0.0
2018,MA,PSTU,0.0,0.0,0.0,3.0
2018,MA,PT,1.0,1.0,0.0,20.0
2018,MA,PTB,1.0,0.0,0.0,2.0
2018,MA,PTC,0.0,3.0,0.0,0.0
2018,MA,PV,0.0,2.0,0.0,4.0
2018,MA,REDE,0.0,2.0,0.0,3.0
2018,MA,SOLIDARIEDADE,0.0,1.0,0.0,1.0
2018,MG,AVANTE,2.0,4.0,1.0,70.0
2018,MG,DC,0.0,5.0,0.0,6.0
2018,MG,DEM,1.0,3.0,0.0,9.0
2018,MG,MDB,3.0,5.0,1.0,11.0
2018,MG,NOVO,2.0,13.0,0.0,21.0
2018,MG,PATRI,1.0,1.0,1.0,30.0
2018,MG,PC DO B,0.0,1.0,0.0,7.0
2018,MG,PCB,0.0,3.0,0.0,9.0
2018,MG,PDT,2.0,2.0,0.0,20.0
2018,MG,PHS,1.0,1.0,1.0,68.0
2018,MG,PMB,0.0,0.0,0.0,5.0
2018,MG,PMN,1.0,0.0,0.0,11.0
2018,MG,PODE,0.0,4.0,1.0,21.0
2018,MG,PP,2.0,3.0,0.0,3.0
2018,MG,PPL,0.0,1.0,0.0,27.0
2018,MG,PPS,0.0,3.0,0.0,11.0
2018,MG,PR,1.0,5.0,0.0,0.0
2018,MG,PRB,2.0,3.0,0.0,3.0
2018,MG,PROS,2.0,2.0,0.0,29.0
2018,MG,PRP,0.0,2.0,0.0,3.0
2018,MG,PRTB,0.0,1.0,0.0,51.0
2018,MG,PSB,3.0,4.0,0.0,19.0
2018,MG,PSC,1.0,3.0,0.0,30.0
2018,MG,PSD,3.0,2.0,0.0,6.0
2018,MG,PSDB,5.0,3.0,0.0,12.0
2018,MG,PSL,1.0,3.0,5.0,67.0
2018,MG,PSOL,1.0,13.0,0.0,19.0
2018,MG,PSTU,0.0,0.0,0.0,5.0
2018,MG,PT,8.0,6.0,0.0,12.0
2018,MG,PTB,0.0,4.0,0.0,16.0
2018,MG,PTC,0.0,1.0,0.0,24.0
2018,MG,PV,0.0,9.0,0.0,5.0
2018,MG,REDE,0.0,1.0,0.0,24.0
2018,MG,SOLIDARIEDADE,1.0,0.0,0.0,7.0
2018,MS,AVANTE,0.0,0.0,0.0,1.0
2018,MS,DC,0.0,1.0,0.0,0.0
2018,MS,DEM,1.0,0.0,0.0,4.0
2018,MS,MDB,0.0,3.0,0.0,8.0
2018,MS,NOVO,0.0,4.0,0.0,1.0
2018,MS,PATRI,0.0,0.0,0.0,2.0
2018,MS,PC DO B,0.0,1.0,0.0,3.0
2018,MS,PDT,1.0,1.0,0.0,6.0
2018,MS,PHS,0.0,3.0,0.0,1.0
2018,MS,PMB,0.0,0.0,0.0,1.0
2018,MS,PMN,0.0,1.0,0.0,0.0
2018,MS,PODE,0.0,4.0,0.0,1.0
2018,MS,PPL,0.0,0.0,0.0,3.0
2018,MS,PPS,0.0,2.0,0.0,0.0
2018,MS,PR,0.0,1.0,0.0,0.0
2018,MS,PRB,0.0,1.0,0.0,2.0
2018,MS,PROS,0.0,3.0,0.0,1.0
2018,MS,PRP,0.0,1.0,0.0,1.0
2018,MS,PRTB,0.0,0.0,0.0,3.0
2018,MS,PSB,0.0,1.0,0.0,0.0
2018,MS,PSC,0.0,0.0,0.0,2.0
2018,MS,PSD,1.0,0.0,0.0,1.0
2018,MS,PSDB,2.0,2.0,0.0,1.0
2018,MS,PSL,0.0,0.0,2.0,2.0
2018,MS,PSOL,0.0,5.0,0.0,1.0
2018,MS,PT,1.0,3.0,0.0,12.0
2018,MS,PTB,0.0,1.0,0.0,0.0
2018,MS,PTC,0.0,1.0,0.0,0.0
2018,MS,PV,0.0,5.0,0.0,3.0
2018,MS,REDE,0.0,3.0,0.0,0.0
2018,MS,SOLIDARIEDADE,0.0,2.0,0.0,0.0
2018,MT,DEM,0.0,1.0,0.0,1.0
2018,MT,MDB,1.0,2.0,1.0,3.0
2018,MT,NOVO,0.0,13.0,0.0,0.0
2018,MT,PATRI,0.0,3.0,0.0,0.0
2018,MT,PC DO B,0.0,2.0,0.0,0.0
2018,MT,PDT,0.0,2.0,0.0,2.0
2018,MT,PHS,0.0,2.0,0.0,1.0
2018,MT,PMB,0.0,0.0,0.0,1.0
2018,MT,PMN,0.0,1.0,0.0,0.0
2018,MT,PODE,1.0,0.0,0.0,1.0
2018,MT,PP,0.0,1.0,0.0,0.0
2018,MT,PPL,0.0,2.0,0.0,1.0
2018,MT,PPS,0.0,1.0,0.0,5.0
2018,MT,PR,0.0,2.0,0.0,0.0
2018,MT,PRB,0.0,1.0,0.0,0.0
2018,MT,PROS,0.0,4.0,0.0,0.0
2018,MT,PRP,0.0,1.0,0.0,1.0
2018,MT,PSB,0.0,1.0,0.0,3.0
2018,MT,PSC,0.0,2.0,0.0,4.0
2018,MT,PSD,0.0,2.0,0.0,0.0
2018,MT,PSDB,0.0,3.0,1.0,0.0
2018,MT,PSL,1.0,2.0,0.0,2.0
2018,MT,PSOL,0.0,2.0,0.0,7.0
2018,MT,PT,1.0,1.0,0.0,0.0
2018,MT,PTB,1.0,0.0,0.0,1.0
2018,MT,PTC,0.0,1.0,0.0,1.0
2018,MT,PV,0.0,7.0,0.0,2.0
2018,MT,REDE,0.0,4.0,0.0,2.0
2018,MT,SOLIDARIEDADE,1.0,0.0,0.0,1.0
2018,PA,AVANTE,0.0,1.0,0.0,1.0
2018,PA,DC,0.0,1.0,0.0,0.0
2018,PA,DEM,2.0,0.0,0.0,3.0
2018,PA,MDB,2.0,1.0,0.0,3.0
2018,PA,PATRI,0.0,0.0,0.0,16.0
2018,PA,PC DO B,0.0,1.0,0.0,0.0
2018,PA,PCB,0.0,1.0,0.0,0.0
2018,PA,PDT,0.0,1.0,0.0,3.0
2018,PA,PHS,0.0,1.0,0.0,4.0
2018,PA,PMB,0.0,1.0,0.0,0.0
2018,PA,PMN,0.0,1.0,0.0,2.0
2018,PA,PODE,0.0,1.0,0.0,0.0
2018,PA,PP,0.0,1.0,0.0,0.0
2018,PA,PPL,0.0,4.0,0.0,3.0
2018,PA,PPS,0.0,1.0,0.0,0.0
2018,PA,PR,1.0,0.0,0.0,0.0
2018,PA,PRB,1.0,0.0,0.0,0.0
2018,PA,PROS,0.0,1.0,0.0,0.0
2018,PA,PRP,0.0,0.0,0.0,10.0
2018,PA,PRTB,0.0,3.0,0.0,1.0
2018,PA,PSB,1.0,0.0,0.0,0.0
2018,PA,PSC,0.0,1.0,0.0,1.0
2018,PA,PSD,2.0,0.0,1.0,1.0
2018,PA,PSDB,1.0,2.0,1.0,2.0
2018,PA,PSL,0.0,1.0,0.0,1.0
2018,PA,PSOL,1.0,2.0,0.0,15.0
2018,PA,PT,2.0,2.0,0.0,3.0
2018,PA,PTB,1.0,0.0,1.0,0.0
2018,PA,PTC,0.0,1.0,0.0,4.0
2018,PA,PV,0.0,1.0,0.0,1.0
2018,PA,REDE,0.0,0.0,0.0,5.0
2018,PA,SOLIDARIEDADE,0.0,1.0,0.0,2.0
2018,PB,AVANTE,0.0,2.0,0.0,9.0
2018,PB,DC,0.0,1.0,0.0,0.0
2018,PB,DEM,1.0,0.0,0.0,1.0
2018,PB,MDB,0.0,2.0,0.0,8.0
2018,PB,NOVO,0.0,2.0,0.0,0.0
2018,PB,PATRI,0.0,1.0,0.0,9.0
2018,PB,PC DO B,0.0,2.0,0.0,2.0
2018,PB,PDT,1.0,0.0,0.0,0.0
2018,PB,PHS,0.0,4.0,0.0,1.0
2018,PB,PMN,0.0,1.0,0.0,1.0
2018,PB,PODE,0.0,1.0,0.0,1.0
2018,PB,PP,1.0,3.0,0.0,3.0
2018,PB,PPL,0.0,0.0,0.0,1.0
2018,PB,PPS,0.0,1.0,0.0,2.0
2018,PB,PR,1.0,0.0,0.0,1.0
2018,PB,PRB,1.0,1.0,0.0,1.0
2018,PB,PROS,0.0,1.0,0.0,0.0
2018,PB,PRP,0.0,2.0,0.0,3.0
2018,PB,PRTB,0.0,4.0,0.0,3.0
2018,PB,PSB,1.0,1.0,0.0,2.0
2018,PB,PSC,0.0,2.0,0.0,1.0
2018,PB,PSD,0.0,0.0,0.0,2.0
2018,PB,PSDB,3.0,1.0,0.0,4.0
2018,PB,PSL,1.0,1.0,0.0,12.0
2018,PB,PSOL,0.0,5.0,0.0,0.0
2018,PB,PT,1.0,1.0,0.0,2.0
2018,PB,PTB,1.0,1.0,0.0,0.0
2018,PB,PTC,0.0,2.0,0.0,4.0
2018,PB,PV,0.0,2.0,0.0,3.0
2018,PB,REDE,0.0,1.0,0.0,3.0
2018,PB,SOLIDARIEDADE,0.0,0.0,0.0,1.0
2018,PE,AVANTE,0.0,1.0,0.0,5.0
2018,PE,DC,0.0,8.0,0.0,7.0
2018,PE,DEM,1.0,1.0,0.0,2.0
2018,PE,MDB,1.0,0.0,0.0,1.0
2018,PE,NOVO,0.0,3.0,0.0,6.0
2018,PE,PATRI,1.0,1.0,0.0,33.0
2018,PE,PC DO B,1.0,0.0,0.0,0.0
2018,PE,PCB,0.0,2.0,0.0,2.0
2018,PE,PDT,1.0,0.0,1.0,7.0
2018,PE,PHS,1.0,5.0,0.0,4.0
2018,PE,PMN,0.0,1.0,0.0,10.0
2018,PE,PODE,1.0,0.0,0.0,1.0
2018,PE,PP,2.0,2.0,0.0,4.0
2018,PE,PPL,0.0,8.0,0.0,9.0
2018,PE,PPS,1.0,0.0,0.0,3.0
2018,PE,PR,1.0,1.0,0.0,9.0
2018,PE,PRB,2.0,0.0,0.0,1.0
2018,PE,PROS,0.0,1.0,0.0,18.0
2018,PE,PRP,0.0,1.0,0.0,13.0
2018,PE,PRTB,0.0,2.0,0.0,1.0
2018,PE,PSB,5.0,3.0,0.0,8.0
2018,PE,PSC,1.0,0.0,0.0,5.0
2018,PE,PSD,1.0,0.0,0.0,0.0
2018,PE,PSDB,0.0,2.0,0.0,2.0
2018,PE,PSL,1.0,1.0,0.0,9.0
2018,PE,PSOL,0.0,12.0,0.0,19.0
2018,PE,PSTU,0.0,0.0,0.0,2.0
2018,PE,PT,2.0,2.0,0.0,12.0
2018,PE,PTB,0.0,1.0,0.0,6.0
2018,PE,PTC,0.0,5.0,0.0,0.0
2018,PE,PV,0.0,5.0,0.0,3.0
2018,PE,REDE,0.0,3.0,0.0,23.0
2018,PE,SOLIDARIEDADE,1.0,1.0,0.0,4.0
2018,PI,AVANTE,0.0,1.0,0.0,1.0
2018,PI,DC,0.0,2.0,0.0,6.0
2018,PI,DEM,0.0,1.0,0.0,0.0
2018,PI,MDB,1.0,1.0,0.0,1.0
2018,PI,PATRI,0.0,1.0,0.0,0.0
2018,PI,PC DO B,0.0,1.0,0.0,0.0
2018,PI,PCB,0.0,1.0,0.0,0.0
2018,PI,PDT,1.0,0.0,0.0,0.0
2018,PI,PHS,0.0,2.0,0.0,2.0
2018,PI,PMN,0.0,1.0,0.0,3.0
2018,PI,PODE,0.0,0.0,0.0,2.0
2018,PI,PP,2.0,1.0,0.0,2.0
2018,PI,PPS,0.0,2.0,0.0,2.0
2018,PI,PR,1.0,0.0,0.0,0.0
2018,PI,PRB,0.0,2.0,0.0,3.0
2018,PI,PROS,0.0,1.0,0.0,5.0
2018,PI,PRP,0.0,5.0,0.0,5.0
2018,PI,PRTB,0.0,0.0,0.0,8.0
2018,PI,PSB,1.0,1.0,0.0,2.0
2018,PI,PSC,0.0,1.0,0.0,5.0
2018,PI,PSD,1.0,0.0,0.0,0.0
2018,PI,PSDB,0.0,2.0,0.0,3.0
2018,PI,PSL,0.0,0.0,0.0,6.0
2018,PI,PSOL,0.0,6.0,0.0,1.0
2018,PI,PSTU,0.0,0.0,0.0,1.0
2018,PI,PT,2.0,2.0,0.0,3.0
2018,PI,PTB,0.0,1.0,0.0,0.0
2018,PI,PTC,1.0,0.0,0.0,0.0
2018,PI,PV,0.0,8.0,0.0,1.0
2018,PI,REDE,0.0,1.0,0.0,4.0
2018,PI,SOLIDARIEDADE,0.0,1.0,0.0,2.0
2018,PR,AVANTE,0.0,2.0,0.0,4.0
2018,PR,DC,0.0,3.0,0.0,4.0
2018,PR,DEM,1.0,1.0,0.0,2.0
2018,PR,MDB,2.0,1.0,0.0,15.0
2018,PR,NOVO,0.0,11.0,0.0,5.0
2018,PR,PATRI,0.0,1.0,0.0,3.0
2018,PR,PC DO B,0.0,1.0,0.0,14.0
2018,PR,PCO,0.0,1.0,0.0,0.0
2018,PR,PDT,1.0,2.0,0.0,6.0
2018,PR,PHS,0.0,2.0,0.0,9.0
2018,PR,PMB,0.0,0.0,0.0,2.0
2018,PR,PMN,0.0,1.0,0.0,2.0
2018,PR,PODE,1.0,1.0,0.0,7.0
2018,PR,PP,2.0,4.0,0.0,4.0
2018,PR,PPL,0.0,20.0,0.0,5.0
2018,PR,PPS,1.0,0.0,0.0,3.0
2018,PR,PR,3.0,0.0,0.0,0.0
2018,PR,PRB,2.0,2.0,0.0,18.0
2018,PR,PROS,1.0,2.0,1.0,1.0
2018,PR,PRP,0.0,2.0,0.0,3.0
2018,PR,PRTB,0.0,11.0,0.0,26.0
2018,PR,PSB,2.0,1.0,0.0,6.0
2018,PR,PSC,1.0,2.0,0.0,4.0
2018,PR,PSD,3.0,4.0,1.0,14.0
2018,PR,PSDB,0.0,4.0,0.0,6.0
2018,PR,PSL,0.0,2.0,3.0,24.0
2018,PR,PSOL,0.0,29.0,0.0,0.0
2018,PR,PT,3.0,2.0,0.0,28.0
2018,PR,PTB,1.0,0.0,0.0,0.0
2018,PR,PTC,0.0,2.0,0.0,5.0
2018,PR,PV,1.0,2.0,0.0,37.0
2018,PR,REDE,0.0,9.0,0.0,2.0
2018,PR,SOLIDARIEDADE,0.0,1.0,0.0,0.0
2018,RJ,AVANTE,1.0,1.0,0.0,46.0
2018,RJ,DC,0.0,10.0,1.0,33.0
2018,RJ,DEM,3.0,5.0,1.0,13.0
2018,RJ,MDB,2.0,7.0,1.0,8.0
2018,RJ,NOVO,1.0,10.0,0.0,8.0
2018,RJ,PATRI,0.0,2.0,0.0,29.0
2018,RJ,PC DO B,1.0,0.0,0.0,8.0
2018,RJ,PCB,0.0,1.0,0.0,0.0
2018,RJ,PDT,2.0,3.0,0.0,44.0
2018,RJ,PHS,0.0,2.0,1.0,60.0
2018,RJ,PMB,0.0,1.0,0.0,36.0
2018,RJ,PMN,0.0,1.0,0.0,18.0
2018,RJ,PODE,0.0,2.0,0.0,36.0
2018,RJ,PP,2.0,2.0,0.0,9.0
2018,RJ,PPL,0.0,10.0,0.0,30.0
2018,RJ,PPS,1.0,5.0,0.0,8.0
2018,RJ,PR,2.0,5.0,0.0,19.0
2018,RJ,PRB,2.0,6.0,0.0,51.0
2018,RJ,PROS,1.0,1.0,0.0,9.0
2018,RJ,PRP,0.0,2.0,1.0,54.0
2018,RJ,PRTB,0.0,5.0,0.0,47.0
2018,RJ,PSB,1.0,1.0,0.0,13.0
2018,RJ,PSC,0.0,4.0,1.0,49.0
2018,RJ,PSD,3.0,6.0,0.0,47.0
2018,RJ,PSDB,0.0,3.0,0.0,18.0
2018,RJ,PSL,4.0,3.0,8.0,48.0
2018,RJ,PSOL,4.0,4.0,0.0,36.0
2018,RJ,PT,1.0,7.0,0.0,16.0
2018,RJ,PTB,0.0,4.0,0.0,10.0
2018,RJ,PTC,0.0,1.0,0.0,28.0
2018,RJ,PV,0.0,4.0,0.0,10.0
2018,RJ,REDE,0.0,2.0,0.0,11.0
2018,RJ,SOLIDARIEDADE,1.0,1.0,0.0,27.0
2018,RN,AVANTE,0.0,1.0,0.0,1.0
2018,RN,DC,0.0,1.0,0.0,0.0
2018,RN,DEM,0.0,1.0,0.0,0.0
2018,RN,MDB,1.0,1.0,0.0,2.0
2018,RN,NOVO,0.0,5.0,0.0,0.0
2018,RN,PATRI,0.0,0.0,0.0,11.0
2018,RN,PC DO B,0.0,2.0,0.0,4.0
2018,RN,PCO,0.0,1.0,0.0,0.0
2018,RN,PDT,0.0,3.0,0.0,1.0
2018,RN,PHS,0.0,4.0,0.0,0.0
2018,RN,PMB,0.0,0.0,0.0,2.0
2018,RN,PMN,0.0,1.0,0.0,0.0
2018,RN,PODE,0.0,1.0,0.0,2.0
2018,RN,PP,1.0,1.0,0.0,1.0
2018,RN,PPL,0.0,0.0,0.0,4.0
2018,RN,PPS,0.0,1.0,0.0,0.0
2018,RN,PR,1.0,0.0,0.0,0.0
2018,RN,PRB,0.0,2.0,0.0,0.0
2018,RN,PROS,0.0,1.0,0.0,0.0
2018,RN,PRP,0.0,0.0,0.0,2.0
2018,RN,PRTB,0.0,4.0,0.0,7.0
2018,RN,PSB,1.0,0.0,0.0,0.0
2018,RN,PSC,0.0,1.0,0.0,1.0
2018,RN,PSD,1.0,0.0,0.0,1.0
2018,RN,PSDB,0.0,1.0,0.0,0.0
2018,RN,PSL,1.0,0.0,0.0,0.0
2018,RN,PSOL,0.0,11.0,0.0,0.0
2018,RN,PSTU,0.0,0.0,0.0,1.0
2018,RN,PT,1.0,2.0,0.0,3.0
2018,RN,PTB,0.0,0.0,0.0,1.0
2018,RN,PTC,1.0,0.0,0.0,1.0
2018,RN,PV,0.0,1.0,0.0,0.0
2018,RN,REDE,0.0,1.0,0.0,2.0
2018,RN,SOLIDARIEDADE,0.0,7.0,0.0,4.0
2018,RO,DEM,0.0,3.0,0.0,4.0
2018,RO,MDB,1.0,1.0,0.0,5.0
2018,RO,NOVO,0.0,3.0,0.0,0.0
2018,RO,PATRI,0.0,0.0,0.0,3.0
2018,RO,PC DO B,0.0,1.0,0.0,1.0
2018,RO,PDT,1.0,0.0,0.0,2.0
2018,RO,PHS,0.0,3.0,0.0,1.0
2018,RO,PMB,0.0,0.0,0.0,1.0
2018,RO,PMN,0.0,2.0,0.0,2.0
2018,RO,PODE,1.0,0.0,0.0,0.0
2018,RO,PP,1.0,0.0,0.0,3.0
2018,RO,PPS,0.0,1.0,0.0,1.0
2018,RO,PR,0.0,1.0,0.0,1.0
2018,RO,PRB,0.0,1.0,0.0,0.0
2018,RO,PROS,0.0,1.0,0.0,3.0
2018,RO,PRP,0.0,2.0,0.0,1.0
2018,RO,PRTB,0.0,0.0,0.0,2.0
2018,RO,PSB,1.0,0.0,0.0,0.0
2018,RO,PSC,0.0,1.0,0.0,0.0
2018,RO,PSD,1.0,0.0,0.0,1.0
2018,RO,PSDB,1.0,0.0,0.0,1.0
2018,RO,PSL,0.0,0.0,1.0,10.0
2018,RO,PSOL,0.0,1.0,0.0,2.0
2018,RO,PSTU,0.0,0.0,0.0,1.0
2018,RO,PT,0.0,2.0,0.0,2.0
2018,RO,PTB,0.0,1.0,0.0,0.0
2018,RO,PTC,0.0,1.0,0.0,0.0
2018,RO,PV,0.0,3.0,0.0,2.0
2018,RO,REDE,0.0,0.0,0.0,6.0
2018,RO,SOLIDARIEDADE,0.0,1.0,0.0,0.0
2018,RR,AVANTE,0.0,1.0,0.0,5.0
2018,RR,DC,0.0,2.0,0.0,1.0
2018,RR,DEM,0.0,1.0,0.0,4.0
2018,RR,MDB,0.0,1.0,0.0,2.0
2018,RR,PATRI,0.0,3.0,0.0,6.0
2018,RR,PC DO B,0.0,1.0,0.0,3.0
2018,RR,PCB,0.0,1.0,0.0,0.0
2018,RR,PDT,0.0,2.0,0.0,1.0
2018,RR,PHS,0.0,1.0,0.0,6.0
2018,RR,PMB,0.0,1.0,0.0,1.0
2018,RR,PODE,0.0,5.0,0.0,1.0
2018,RR,PP,1.0,0.0,0.0,2.0
2018,RR,PPL,0.0,1.0,0.0,0.0
2018,RR,PPS,0.0,3.0,0.0,1.0
2018,RR,PR,1.0,2.0,0.0,3.0
2018,RR,PRB,1.0,0.0,0.0,1.0
2018,RR,PROS,0.0,1.0,0.0,5.0
2018,RR,PRP,0.0,4.0,0.0,0.0
2018,RR,PRTB,0.0,3.0,0.0,1.0
2018,RR,PSB,0.0,2.0,0.0,3.0
2018,RR,PSC,0.0,1.0,0.0,1.0
2018,RR,PSD,0.0,1.0,1.0,2.0
2018,RR,PSDB,1.0,0.0,0.0,4.0
2018,RR,PSL,1.0,3.0,0.0,5.0
2018,RR,PSOL,0.0,4.0,0.0,0.0
2018,RR,PSTU,0.0,1.0,0.0,0.0
2018,RR,PT,0.0,1.0,0.0,1.0
2018,RR,PTB,0.0,1.0,0.0,3.0
2018,RR,PTC,0.0,1.0,0.0,1.0
2018,RR,PV,0.0,2.0,0.0,4.0
2018,RR,REDE,1.0,0.0,0.0,3.0
2018,RR,SOLIDARIEDADE,1.0,3.0,0.0,2.0
2018,RS,AVANTE,0.0,2.0,0.0,3.0
2018,RS,DC,0.0,2.0,0.0,0.0
2018,RS,DEM,1.0,0.0,0.0,7.0
2018,RS,MDB,4.0,6.0,0.0,15.0
2018,RS,NOVO,1.0,9.0,0.0,8.0
2018,RS,PATRI,0.0,2.0,0.0,3.0
2018,RS,PC DO B,0.0,4.0,0.0,22.0
2018,RS,PCB,0.0,1.0,0.0,0.0
2018,RS,PDT,3.0,1.0,0.0,19.0
2018,RS,PHS,0.0,3.0,0.0,0.0
2018,RS,PMB,0.0,1.0,0.0,11.0
2018,RS,PMN,0.0,1.0,0.0,2.0
2018,RS,PODE,0.0,1.0,0.0,0.0
2018,RS,PP,4.0,3.0,0.0,11.0
2018,RS,PPL,0.0,10.0,0.0,12.0
2018,RS,PPS,0.0,11.0,0.0,19.0
2018,RS,PR,1.0,0.0,0.0,6.0
2018,RS,PRB,1.0,1.0,0.0,5.0
2018,RS,PROS,0.0,1.0,0.0,8.0
2018,RS,PRP,0.0,3.0,0.0,5.0
2018,RS,PSB,2.0,5.0,0.0,22.0
2018,RS,PSC,0.0,1.0,0.0,8.0
2018,RS,PSD,1.0,2.0,0.0,14.0
2018,RS,PSDB,1.0,1.0,1.0,4.0
2018,RS,PSL,0.0,5.0,3.0,13.0
2018,RS,PSOL,1.0,3.0,0.0,35.0
2018,RS,PSTU,0.0,0.0,0.0,4.0
2018,RS,PT,5.0,4.0,0.0,11.0
2018,RS,PTB,2.0,3.0,0.0,4.0
2018,RS,PTC,0.0,6.0,0.0,1.0
2018,RS,PV,0.0,1.0,0.0,0.0
2018,RS,REDE,0.0,1.0,0.0,5.0
2018,RS,SOLIDARIEDADE,0.0,2.0,0.0,0.0
2018,SC,AVANTE,0.0,2.0,0.0,7.0
2018,SC,DC,0.0,1.0,0.0,0.0
2018,SC,DEM,0.0,2.0,0.0,0.0
2018,SC,MDB,3.0,3.0,0.0,9.0
2018,SC,NOVO,1.0,9.0,0.0,6.0
2018,SC,PATRI,0.0,8.0,0.0,8.0
2018,SC,PC DO B,0.0,1.0,0.0,0.0
2018,SC,PCB,0.0,2.0,0.0,1.0
2018,SC,PDT,0.0,1.0,0.0,0.0
2018,SC,PHS,0.0,0.0,0.0,2.0
2018,SC,PMN,0.0,2.0,0.0,3.0
2018,SC,PODE,0.0,1.0,0.0,4.0
2018,SC,PP,1.0,3.0,0.0,5.0
2018,SC,PPL,0.0,1.0,0.0,1.0
2018,SC,PPS,1.0,0.0,0.0,1.0
2018,SC,PR,0.0,1.0,0.0,0.0
2018,SC,PRB,1.0,1.0,0.0,3.0
2018,SC,PROS,0.0,1.0,0.0,1.0
2018,SC,PRP,0.0,3.0,0.0,6.0
2018,SC,PRTB,0.0,2.0,0.0,3.0
2018,SC,PSB,1.0,3.0,0.0,9.0
2018,SC,PSC,0.0,1.0,0.0,0.0
2018,SC,PSD,2.0,1.0,0.0,6.0
2018,SC,PSDB,1.0,3.0,0.0,13.0
2018,SC,PSL,2.5,9.5,1.5,5.5
2018,SC,PSOL,0.0,5.0,0.0,11.0
2018,SC,PSTU,0.0,0.0,0.0,2.0
2018,SC,PT,1.0,4.0,0.0,6.0
2018,SC,PTB,0.0,1.0,0.0,0.0
2018,SC,PTC,0.0,1.0,0.0,20.0
2018,SC,PV,0.0,1.0,0.0,3.0
2018,SC,REDE,0.0,2.0,0.0,4.0
2018,SC,SOLIDARIEDADE,0.0,1.0,0.0,0.0
2018,SE,AVANTE,0.0,4.0,0.0,2.0
2018,SE,DC,0.0,1.0,0.0,2.0
2018,SE,DEM,0.0,0.0,0.0,5.0
2018,SE,MDB,1.0,0.0,0.0,2.0
2018,SE,NOVO,0.0,2.0,0.0,0.0
2018,SE,PATRI,0.0,1.0,0.0,1.0
2018,SE,PC DO B,0.0,1.0,0.0,1.0
2018,SE,PCB,0.0,0.0,0.0,1.0
2018,SE,PDT,1.0,1.0,0.0,1.0
2018,SE,PHS,0.0,3.0,0.0,0.0
2018,SE,PMN,0.0,1.0,0.0,3.0
2018,SE,PODE,0.0,0.0,0.0,4.0
2018,SE,PP,1.0,0.0,0.0,0.0
2018,SE,PPL,0.0,2.0,0.0,1.0
2018,SE,PPS,0.0,1.0,0.0,1.0
2018,SE,PR,1.0,1.0,0.0,2.0
2018,SE,PRB,0.0,1.0,0.0,1.0
2018,SE,PROS,0.0,1.0,0.0,0.0
2018,SE,PRTB,0.0,2.0,0.0,1.0
2018,SE,PSB,0.0,2.0,0.0,4.0
2018,SE,PSC,0.0,1.0,0.0,0.0
2018,SE,PSD,1.0,0.0,0.0,0.0
2018,SE,PSDB,0.0,2.0,0.0,1.0
2018,SE,PSL,0.0,0.0,0.0,8.0
2018,SE,PSOL,0.0,7.0,0.0,2.0
2018,SE,PSTU,0.0,0.0,0.0,2.0
2018,SE,PT,2.0,0.0,0.0,1.0
2018,SE,PTB,0.0,2.0,0.0,0.0
2018,SE,PV,0.0,6.0,0.0,1.0
2018,SE,REDE,0.0,10.0,0.0,2.0
2018,SE,SOLIDARIEDADE,1.0,0.0,0.0,1.0
2018,SP,AVANTE,0.0,10.0,0.0,86.0
2018,SP,DC,0.0,19.0,0.0,7.0
2018,SP,DEM,4.0,3.0,1.0,6.0
2018,SP,MDB,2.0,7.0,0.0,54.0
2018,SP,NOVO,2.0,8.0,1.0,34.0
2018,SP,PATRI,0.0,5.0,0.0,86.0
2018,SP,PC DO B,1.0,0.0,0.0,1.0
2018,SP,PCB,0.0,2.0,0.0,0.0
2018,SP,PDT,1.0,4.0,0.0,20.0
2018,SP,PHS,0.0,3.0,0.0,8.0
2018,SP,PMB,0.0,0.0,0.0,10.0
2018,SP,PMN,0.0,5.0,0.0,39.0
2018,SP,PODE,3.0,2.0,0.0,68.0
2018,SP,PP,4.0,1.0,0.0,1.0
2018,SP,PPL,0.0,27.0,0.0,24.0
2018,SP,PPS,2.0,2.0,0.0,7.0
2018,SP,PR,7.0,8.0,0.0,29.0
2018,SP,PRB,6.0,11.0,0.0,80.0
2018,SP,PROS,0.0,9.0,0.0,88.0
2018,SP,PRP,0.0,9.0,0.0,69.0
2018,SP,PRTB,0.0,6.0,0.0,33.0
2018,SP,PSB,2.0,7.0,2.0,37.0
2018,SP,PSC,1.0,0.0,0.0,2.0
2018,SP,PSD,2.0,8.0,0.0,12.0
2018,SP,PSDB,5.0,14.0,1.0,37.0
2018,SP,PSL,4.0,12.0,6.0,36.0
2018,SP,PSOL,3.0,3.0,0.0,76.0
2018,SP,PSTU,0.0,3.0,0.0,4.0
2018,SP,PT,8.0,16.0,0.0,48.0
2018,SP,PTB,0.0,3.0,0.0,22.0
2018,SP,PTC,0.0,5.0,0.0,24.0
2018,SP,PV,0.5,5.5,0.5,73.5
2018,SP,REDE,0.0,2.0,0.0,28.0
2018,SP,SOLIDARIEDADE,1.0,8.0,0.0,36.0
2018,TO,AVANTE,0.0,1.0,0.0,0.0
2018,TO,DC,0.0,1.0,0.0,2.0
2018,TO,DEM,2.0,0.0,0.0,0.0
2018,TO,MDB,1.0,0.0,0.0,0.0
2018,TO,PATRI,0.0,1.0,0.0,0.0
2018,TO,PC DO B,0.0,1.0,0.0,1.0
2018,TO,PDT,0.0,1.0,0.0,0.0
2018,TO,PHS,0.0,2.0,0.0,0.0
2018,TO,PMB,0.0,0.0,0.0,2.0
2018,TO,PMN,0.0,1.0,0.0,1.0
2018,TO,PODE,0.0,0.0,0.0,1.0
2018,TO,PP,0.0,1.0,0.0,0.0
2018,TO,PPL,0.0,0.0,0.0,2.0
2018,TO,PPS,0.0,1.0,0.0,0.0
2018,TO,PR,1.0,0.0,0.0,1.0
2018,TO,PRB,0.0,1.0,0.0,1.0
2018,TO,PROS,0.0,1.0,0.0,0.0
2018,TO,PRP,0.0,0.0,0.0,2.0
2018,TO,PRTB,0.0,7.0,0.0,3.0
2018,TO,PSB,0.0,2.0,0.0,1.0
2018,TO,PSC,1.0,0.0,0.0,0.0
2018,TO,PSD,0.0,0.0,0.0,2.0
2018,TO,PSDB,0.0,3.0,0.0,3.0
2018,TO,PSL,0.0,8.0,0.0,2.0
2018,TO,PSOL,0.0,4.0,0.0,0.0
2018,TO,PT,1.0,1.0,0.0,6.0
2018,TO,PTC,0.0,0.0,0.0,1.0
2018,TO,PV,0.0,2.0,0.0,1.0
2018,TO,REDE,0.0,0.0,0.0,1.0
2018,TO,SOLIDARIEDADE,2.0,0.0,0.0,0.0
2022,AC,AGIR,0.0,0.0,0.0,7.0
2022,AC,CIDADANIA,0.0,2.0,0.0,0.0
2022,AC,MDB,0.0,3.0,0.0,6.0
2022,AC,PATRIOTA,0.0,3.0,0.0,3.0
2022,AC,PC DO B,0.0,1.0,0.0,1.0
2022,AC,PDT,0.0,2.0,0.0,7.0
2022,AC,PMN,0.0,0.0,0.0,3.0
2022,AC,PODE,0.0,8.0,0.0,1.0
2022,AC,PP,3.0,4.0,0.0,2.0
2022,AC,PROS,0.0,4.0,0.0,3.0
2022,AC,PSB,0.0,5.0,0.0,2.0
2022,AC,PSC,0.0,0.0,0.0,3.0
2022,AC,PSD,0.0,6.0,0.0,3.0
2022,AC,PSDB,0.0,3.0,0.0,4.0
2022,AC,PSOL,0.0,4.0,0.0,1.0
2022,AC,PT,0.0,2.0,0.0,3.0
2022,AC,PV,0.0,2.0,0.0,0.0
2022,AC,REDE,0.0,2.0,0.0,0.0
2022,AC,REPUBLICANOS,2.0,1.0,0.0,4.0
2022,AC,SOLIDARIEDADE,0.0,8.0,0.0,1.0
2022,AC,UNIAO,3.0,5.0,0.0,1.0
2022,AL,AGIR,0.0,3.0,0.0,4.0
2022,AL,AVANTE,0.0,6.0,0.0,3.0
2022,AL,CIDADANIA,0.0,1.0,0.0,1.0
2022,AL,DC,0.0,2.0,0.0,0.0
2022,AL,MDB,1.0,4.0,1.0,4.0
2022,AL,PATRIOTA,0.0,6.0,0.0,3.0
2022,AL,PCO,0.0,2.0,0.0,0.0
2022,AL,PDT,0.0,9.0,0.0,1.0
2022,AL,PMB,0.0,0.0,0.0,3.0
2022,AL,PMN,0.0,3.0,0.0,0.0
2022,AL,PP,4.0,5.0,0.0,1.0
2022,AL,PROS,0.0,0.0,0.0,7.0
2022,AL,PSB,0.0,6.0,0.0,4.0
2022,AL,PSD,0.0,4.0,0.0,6.0
2022,AL,PSDB,0.0,4.0,0.0,4.0
2022,AL,PSOL,0.0,4.0,0.0,1.0
2022,AL,PSTU,0.0,0.0,0.0,1.0
2022,AL,PT,1.0,0.0,0.0,1.0
2022,AL,PTB,0.0,1.0,0.0,8.0
2022,AL,PV,0.0,5.0,1.0,2.0
2022,AL,REPUBLICANOS,0.0,4.0,0.0,6.0
2022,AL,SOLIDARIEDADE,0.0,0.0,0.0,7.0
2022,AL,UNIAO,1.0,4.0,0.0,4.0
2022,AL,UP,0.0,1.0,0.0,0.0
2022,AM,AGIR,0.0,0.0,0.0,7.0
2022,AM,AVANTE,0.0,7.0,0.0,2.0
2022,AM,CIDADANIA,0.0,3.0,1.0,1.0
2022,AM,DC,0.0,2.0,0.0,3.0
2022,AM,MDB,0.0,4.0,0.0,5.0
2022,AM,NOVO,0.0,1.0,0.0,0.0
2022,AM,PATRIOTA,0.0,5.0,0.0,4.0
2022,AM,PC DO B,0.0,1.0,0.0,1.0
2022,AM,PDT,0.0,6.0,0.0,3.0
2022,AM,PL,1.0,2.0,0.0,6.0
2022,AM,PMN,0.0,4.0,0.0,5.0
2022,AM,PODE,0.0,0.0,0.0,1.0
2022,AM,PROS,0.0,1.0,0.0,4.0
2022,AM,PSB,0.0,0.0,0.0,2.0
2022,AM,PSC,0.0,7.0,0.0,2.0
2022,AM,PSD,2.0,4.0,0.0,3.0
2022,AM,PSDB,0.0,3.0,0.0,1.0
2022,AM,PSOL,0.0,3.0,0.0,0.0
2022,AM,PT,0.0,3.0,0.0,2.0
2022,AM,PTB,0.0,3.0,0.0,3.0
2022,AM,PV,0.0,2.0,0.0,0.0
2022,AM,REDE,0.0,2.0,0.0,4.0
2022,AM,REPUBLICANOS,2.0,1.0,0.0,6.0
2022,AM,SOLIDARIEDADE,0.0,5.0,0.0,0.0
2022,AM,UNIAO,2.0,6.0,0.0,1.0
2022,AP,AGIR,0.0,0.0,0.0,3.0
2022,AP,AVANTE,0.0,0.0,0.0,5.0
2022,AP,MDB,2.0,4.0,0.0,3.0
2022,AP,PATRIOTA,0.0,9.0,0.0,0.0
2022,AP,PC DO B,0.0,2.0,0.0,0.0
2022,AP,PCO,0.0,1.0,0.0,0.0
2022,AP,PDT,3.0,5.0,0.0,1.0
2022,AP,PL,2.0,5.0,1.0,1.0
2022,AP,PODE,0.0,5.0,0.0,4.0
2022,AP,PP,0.0,4.0,0.0,5.0
2022,AP,PRTB,0.0,3.0,0.0,3.0
2022,AP,PSB,0.0,2.0,0.0,3.0
2022,AP,PSC,0.0,2.0,0.0,7.0
2022,AP,PSD,0.0,7.0,0.0,2.0
2022,AP,PSDB,0.0,3.0,0.0,4.0
2022,AP,PSOL,0.0,2.0,0.0,1.0
2022,AP,PT,0.0,3.0,0.0,1.0
2022,AP,PTB,0.0,4.0,0.0,5.0
2022,AP,PV,0.0,1.0,0.0,2.0
2022,AP,REDE,0.0,4.0,0.0,2.0
2022,AP,REPUBLICANOS,0.0,3.0,0.0,5.0
2022,BA,AGIR,0.0,3.0,0.0,10.0
2022,BA,AVANTE,1.0,5.0,0.0,20.0
2022,BA,CIDADANIA,0.0,2.0,0.0,10.0
2022,BA,DC,0.0,13.0,0.0,2.0
2022,BA,MDB,1.0,3.0,0.0,35.0
2022,BA,NOVO,0.0,6.0,0.0,0.0
2022,BA,PATRIOTA,0.0,3.0,0.0,21.0
2022,BA,PC DO B,2.0,0.0,0.0,1.0
2022,BA,PCB,0.0,0.0,0.0,2.0
2022,BA,PDT,2.0,7.0,0.0,30.0
2022,BA,PL,3.0,7.0,0.0,27.0
2022,BA,PMB,0.0,30.0,0.0,1.0
2022,BA,PODE,1.0,13.0,0.0,25.0
2022,BA,PP,4.0,9.0,0.0,25.0
2022,BA,PROS,0.0,7.0,0.0,16.0
2022,BA,PRTB,0.0,2.0,0.0,9.0
2022,BA,PSB,1.0,2.0,0.0,27.0
2022,BA,PSC,0.0,5.0,0.0,33.0
2022,BA,PSD,6.0,5.0,0.0,2.0
2022,BA,PSDB,1.0,3.0,0.0,13.0
2022,BA,PSOL,0.0,16.0,0.0,11.0
2022,BA,PT,7.0,9.0,0.0,10.0
2022,BA,PTB,0.0,5.0,0.0,31.0
2022,BA,PV,1.0,0.0,0.0,2.0
2022,BA,REDE,0.0,8.0,0.0,5.0
2022,BA,REPUBLICANOS,3.0,11.0,0.0,26.0
2022,BA,SOLIDARIEDADE,0.0,14.0,0.0,19.0
2022,BA,UNIAO,6.0,14.0,0.0,14.0
2022,BA,UP,0.0,1.0,0.0,0.0
2022,CE,AGIR,0.0,12.0,0.0,2.0
2022,CE,AVANTE,0.0,17.0,0.0,6.0
2022,CE,CIDADANIA,0.0,1.0,0.0,2.0
2022,CE,MDB,1.0,3.0,0.0,18.0
2022,CE,NOVO,0.0,1.0,0.0,0.0
2022,CE,PATRIOTA,0.0,16.0,0.0,1.0
2022,CE,PC DO B,0.0,1.0,0.0,1.0
2022,CE,PCB,0.0,0.0,0.0,2.0
2022,CE,PCO,0.0,1.0,0.0,0.0
2022,CE,PDT,5.0,4.0,0.0,10.0
2022,CE,PL,3.0,4.0,2.0,9.0
2022,CE,PMB,0.0,8.0,0.0,0.0
2022,CE,PMN,0.0,4.0,0.0,4.0
2022,CE,PODE,0.0,16.0,0.0,2.0
2022,CE,PP,1.0,6.0,0.0,9.0
2022,CE,PROS,0.0,0.0,0.0,12.0
2022,CE,PSB,0.0,6.0,0.0,16.0
2022,CE,PSC,0.0,11.0,0.0,7.0
2022,CE,PSD,3.0,5.0,0.0,9.0
2022,CE,PSDB,0.0,2.0,0.0,9.0
2022,CE,PSOL,0.0,12.0,0.0,6.0
2022,CE,PT,3.0,2.0,0.0,10.0
2022,CE,PTB,0.0,3.0,0.0,16.0
2022,CE,PV,0.0,1.0,0.0,1.0
2022,CE,REDE,0.0,2.0,0.0,2.0
2022,CE,REPUBLICANOS,0.0,7.0,0.0,9.0
2022,CE,UNIAO,4.0,9.0,0.0,10.0
2022,CE,UP,0.0,1.0,0.0,0.0
2022,DF,AGIR,0.0,5.0,0.0,3.0
2022,DF,AVANTE,0.0,4.0,0.0,5.0
2022,DF,CIDADANIA,0.0,3.0,0.0,3.0
2022,DF,DC,0.0,7.0,0.0,2.0
2022,DF,MDB,1.0,3.0,0.0,4.0
2022,DF,NOVO,0.0,1.0,0.0,5.0
2022,DF,PATRIOTA,0.0,2.0,0.0,5.0
2022,DF,PC DO B,0.0,2.0,0.0,0.0
2022,DF,PCO,0.0,5.0,0.0,0.0
2022,DF,PDT,0.0,9.0,0.0,0.0
2022,DF,PL,2.0,2.0,0.0,4.0
2022,DF,PMN,0.0,1.0,0.0,8.0
2022,DF,PODE,0.0,7.0,0.0,2.0
2022,DF,PP,0.0,7.0,0.0,2.0
2022,DF,PROS,0.0,2.0,0.0,6.0
2022,DF,PRTB,0.0,2.0,0.0,1.0
2022,DF,PSB,0.0,4.0,0.0,5.0
2022,DF,PSC,0.0,7.0,0.0,2.0
2022,DF,PSD,0.0,8.0,0.0,1.0
2022,DF,PSDB,0.0,1.0,0.0,2.0
2022,DF,PSOL,0.0,5.0,0.0,1.0
2022,DF,PSTU,0.0,2.0,0.0,0.0
2022,DF,PT,1.0,1.0,0.0,2.0
2022,DF,PTB,0.0,5.0,0.0,4.0
2022,DF,PV,1.0,0.0,0.0,1.0
2022,DF,REDE,0.0,3.0,0.0,0.0
2022,DF,REPUBLICANOS,3.0,4.0,0.0,2.0
2022,DF,SOLIDARIEDADE,0.0,3.0,0.0,4.0
2022,DF,UNIAO,0.0,6.0,0.0,3.0
2022,DF,UP,0.0,1.0,0.0,0.0
2022,ES,AGIR,0.0,0.0,0.0,3.0
2022,ES,AVANTE,0.0,1.0,0.0,6.0
2022,ES,CIDADANIA,0.0,1.0,0.0,1.0
2022,ES,DC,0.0,8.0,0.0,0.0
2022,ES,NOVO,0.0,1.0,0.0,0.0
2022,ES,PATRIOTA,0.0,6.0,0.0,5.0
2022,ES,PC DO B,0.0,1.0,0.0,1.0
2022,ES,PDT,0.0,4.0,0.0,7.0
2022,ES,PL,1.0,10.0,0.0,0.0
2022,ES,PMB,0.0,0.0,0.0,6.0
2022,ES,PODE,2.0,6.0,0.0,3.0
2022,ES,PP,2.0,7.0,0.0,2.0
2022,ES,PRTB,0.0,0.0,0.0,8.0
2022,ES,PSB,1.0,6.0,0.0,4.0
2022,ES,PSC,0.0,4.0,0.0,6.0
2022,ES,PSD,0.0,3.0,0.0,2.0
2022,ES,PSDB,0.0,6.0,0.0,3.0
2022,ES,PSOL,0.0,3.0,0.0,0.0
2022,ES,PT,2.0,1.0,0.0,4.0
2022,ES,PTB,0.0,3.0,0.0,8.0
2022,ES,PV,0.0,2.0,0.0,0.0
2022,ES,REDE,0.0,5.0,0.0,3.0
2022,ES,REPUBLICANOS,2.0,4.0,0.0,5.0
2022,ES,SOLIDARIEDADE,0.0,3.0,0.0,2.0
2022,ES,UNIAO,0.0,9.0,0.0,2.0
2022,GO,AGIR,0.0,12.0,0.0,6.0
2022,GO,AVANTE,0.0,10.0,0.0,8.0
2022,GO,CIDADANIA,0.0,3.0,0.0,0.0
2022,GO,DC,0.0,7.0,0.0,2.0
2022,GO,MDB,2.0,3.0,0.0,7.0
2022,GO,NOVO,0.0,6.0,0.0,8.0
2022,GO,PATRIOTA,0.0,8.0,0.0,8.0
2022,GO,PC DO B,0.0,1.0,0.0,1.0
2022,GO,PCB,0.0,0.0,0.0,2.0
2022,GO,PCO,0.0,1.0,0.0,0.0
2022,GO,PDT,1.0,1.0,0.0,6.0
2022,GO,PL,2.0,2.0,2.0,11.0
2022,GO,PMN,0.0,4.0,0.0,10.0
2022,GO,PODE,0.0,7.0,0.0,8.0
2022,GO,PP,2.0,4.0,0.0,8.0
2022,GO,PROS,0.0,5.0,0.0,8.0
2022,GO,PRTB,0.0,10.0,0.0,8.0
2022,GO,PSB,0.0,8.0,0.0,10.0
2022,GO,PSC,1.0,3.0,0.0,9.0
2022,GO,PSD,0.0,2.0,1.0,10.0
2022,GO,PSDB,1.0,4.0,0.0,9.0
2022,GO,PSOL,0.0,8.0,0.0,0.0
2022,GO,PT,2.0,1.0,0.0,11.0
2022,GO,PTB,0.0,2.0,0.0,14.0
2022,GO,PV,0.0,2.0,0.0,0.0
2022,GO,REDE,0.0,6.0,0.0,1.0
2022,GO,REPUBLICANOS,1.0,9.0,0.0,6.0
2022,GO,SOLIDARIEDADE,0.0,8.0,0.0,10.0
2022,GO,UNIAO,2.0,2.0,0.0,4.0
2022,GO,UP,0.0,1.0,0.0,0.0
2022,MA,AGIR,0.0,5.0,0.0,12.0
2022,MA,AVANTE,0.0,0.0,0.0,6.0
2022,MA,CIDADANIA,0.0,13.0,0.0,3.0
2022,MA,DC,0.0,11.0,0.0,1.0
2022,MA,MDB,1.0,5.0,0.0,11.0
2022,MA,NOVO,0.0,6.0,0.0,0.0
2022,MA,PATRIOTA,1.0,7.0,0.0,11.0
2022,MA,PC DO B,1.0,1.0,0.0,3.0
2022,MA,PCO,0.0,1.0,0.0,0.0
2022,MA,PDT,1.0,9.0,0.0,6.0
2022,MA,PL,4.0,4.0,0.0,10.0
2022,MA,PMB,0.0,0.0,0.0,8.0
2022,MA,PODE,1.0,6.0,0.0,10.0
2022,MA,PP,2.0,4.0,0.0,11.0
2022,MA,PROS,0.0,7.0,0.0,7.0
2022,MA,PRTB,0.0,3.0,0.0,7.0
2022,MA,PSB,1.0,4.0,0.0,8.0
2022,MA,PSC,1.0,5.0,0.0,11.0
2022,MA,PSD,1.0,3.0,0.0,14.0
2022,MA,PSDB,0.0,1.0,0.0,0.0
2022,MA,PSOL,0.0,10.0,0.0,4.0
2022,MA,PSTU,0.0,3.0,0.0,2.0
2022,MA,PT,1.0,5.0,0.0,3.0
2022,MA,PTB,0.0,0.0,0.0,4.0
2022,MA,PV,0.0,4.0,0.0,0.0
2022,MA,REDE,0.0,2.0,0.0,1.0
2022,MA,REPUBLICANOS,1.0,4.0,0.0,5.0
2022,MA,SOLIDARIEDADE,0.0,0.0,0.0,8.0
2022,MA,UNIAO,2.0,8.0,0.0,9.0
2022,MG,AGIR,0.0,9.0,0.0,10.0
2022,MG,AVANTE,5.0,10.0,0.0,39.0
2022,MG,CIDADANIA,0.0,5.0,0.0,11.0
2022,MG,DC,0.0,1.0,0.0,0.0
2022,MG,MDB,2.0,5.0,0.0,37.0
2022,MG,NOVO,0.0,24.0,0.0,6.0
2022,MG,PATRIOTA,3.0,10.0,0.0,38.0
2022,MG,PC DO B,0.0,1.0,0.0,1.0
2022,MG,PCB,0.0,0.0,0.0,9.0
2022,MG,PCO,0.0,3.0,0.0,0.0
2022,MG,PDT,2.0,6.0,0.0,37.0
2022,MG,PL,10.0,2.0,1.0,32.0
2022,MG,PMB,0.0,0.0,0.0,5.0
2022,MG,PMN,0.0,6.0,0.0,47.0
2022,MG,PODE,2.0,5.0,0.0,46.0
2022,MG,PP,3.0,6.0,0.0,44.0
2022,MG,PROS,1.0,7.0,0.0,45.0
2022,MG,PRTB,0.0,8.0,0.0,32.0
2022,MG,PSB,0.0,4.0,0.0,37.0
2022,MG,PSC,1.0,3.0,0.0,41.0
2022,MG,PSD,4.0,8.0,0.0,27.0
2022,MG,PSDB,2.0,6.0,0.0,29.0
2022,MG,PSOL,1.0,3.0,0.0,19.0
2022,MG,PSTU,0.0,2.0,0.0,4.0
2022,MG,PT,10.0,8.0,0.0,24.0
2022,MG,PTB,0.0,8.0,0.0,39.0
2022,MG,PV,0.0,3.0,0.0,6.0
2022,MG,REDE,0.0,3.0,0.0,24.0
2022,MG,REPUBLICANOS,2.0,8.0,0.0,43.0
2022,MG,SOLIDARIEDADE,1.0,9.0,0.0,26.0
2022,MG,UNIAO,3.0,18.0,0.0,32.0
2022,MG,UP,0.0,1.0,0.0,0.0
2022,MS,AGIR,0.0,3.0,0.0,2.0
2022,MS,AVANTE,0.0,4.0,0.0,4.0
2022,MS,DC,0.0,3.0,0.0,0.0
2022,MS,MDB,0.0,2.0,0.0,7.0
2022,MS,NOVO,0.0,6.0,0.0,0.0
2022,MS,PC DO B,0.0,1.0,0.0,1.0
2022,MS,PDT,0.0,4.0,0.0,2.0
2022,MS,PL,2.0,3.0,0.0,3.0
2022,MS,PODE,0.0,7.0,0.0,0.0
2022,MS,PP,1.0,5.0,0.0,3.0
2022,MS,PROS,0.0,0.0,0.0,4.0
2022,MS,PRTB,0.0,0.0,0.0,9.0
2022,MS,PSB,0.0,1.0,0.0,4.0
2022,MS,PSD,0.0,3.0,0.0,6.0
2022,MS,PSDB,3.0,3.0,0.0,3.0
2022,MS,PSOL,0.0,4.0,0.0,1.0
2022,MS,PT,2.0,1.0,0.0,2.0
2022,MS,PTB,0.0,2.0,0.0,7.0
2022,MS,PV,0.0,2.0,0.0,0.0
2022,MS,REDE,0.0,1.0,0.0,2.0
2022,MS,REPUBLICANOS,0.0,7.0,0.0,2.0
2022,MS,SOLIDARIEDADE,0.0,4.0,0.0,3.0
2022,MS,UNIAO,0.0,4.0,0.0,5.0
2022,MT,AGIR,0.0,0.0,0.0,6.0
2022,MT,CIDADANIA,0.0,1.0,0.0,1.0
2022,MT,DC,0.0,7.0,0.0,1.0
2022,MT,MDB,2.0,4.0,0.0,3.0
2022,MT,NOVO,0.0,5.0,0.0,0.0
2022,MT,PATRIOTA,0.0,7.0,0.0,2.0
2022,MT,PC DO B,0.0,2.0,0.0,0.0
2022,MT,PDT,0.0,9.0,0.0,0.0
2022,MT,PL,4.0,2.0,0.0,3.0
2022,MT,PODE,0.0,7.0,0.0,2.0
2022,MT,PROS,0.0,6.0,0.0,3.0
2022,MT,PSB,0.0,8.0,0.0,1.0
2022,MT,PSD,0.0,6.0,0.0,3.0
2022,MT,PSDB,0.0,5.0,0.0,2.0
2022,MT,PSOL,0.0,3.0,0.0,2.0
2022,MT,PT,0.0,1.0,0.0,3.0
2022,MT,PTB,0.0,3.0,0.0,6.0
2022,MT,PV,0.0,1.0,0.0,2.0
2022,MT,REDE,0.0,2.0,0.0,1.0
2022,MT,REPUBLICANOS,0.0,6.0,0.0,3.0
2022,MT,SOLIDARIEDADE,0.0,5.0,0.0,1.0
2022,MT,UNIAO,1.5,5.5,0.5,1.5
2022,PA,AGIR,0.0,7.0,0.0,6.0
2022,PA,AVANTE,0.0,0.0,0.0,5.0
2022,PA,CIDADANIA,0.0,1.0,0.0,2.0
2022,PA,MDB,4.5,0.5,4.5,4.5
2022,PA,PATRIOTA,0.0,0.0,0.0,1.0
2022,PA,PC DO B,0.0,5.0,0.0,0.0
2022,PA,PDT,0.0,4.0,0.0,14.0
2022,PA,PL,2.0,0.0,1.0,15.0
2022,PA,PMB,0.0,0.0,0.0,8.0
2022,PA,PODE,0.0,10.0,0.0,8.0
2022,PA,PP,0.0,10.0,0.0,7.0
2022,PA,PROS,0.0,1.0,0.0,9.0
2022,PA,PRTB,0.0,1.0,0.0,9.0
2022,PA,PSB,0.0,12.0,0.0,6.0
2022,PA,PSC,0.0,2.0,0.0,16.0
2022,PA,PSD,1.0,8.0,1.0,3.0
2022,PA,PSDB,0.0,7.0,0.0,7.0
2022,PA,PSOL,0.0,4.0,0.0,11.0
2022,PA,PSTU,0.0,1.0,0.0,0.0
2022,PA,PT,2.0,3.0,0.0,6.0
2022,PA,PTB,0.0,4.0,0.0,14.0
2022,PA,PV,0.0,1.0,0.0,1.0
2022,PA,REDE,0.0,1.0,0.0,1.0
2022,PA,REPUBLICANOS,0.0,14.0,0.0,4.0
2022,PA,SOLIDARIEDADE,0.0,2.0,0.0,8.0
2022,PA,UNIAO,1.0,8.0,0.0,9.0
2022,PB,AGIR,0.0,0.0,0.0,8.0
2022,PB,AVANTE,0.0,0.0,0.0,9.0
2022,PB,DC,0.0,2.0,0.0,0.0
2022,PB,MDB,0.0,6.0,0.0,7.0
2022,PB,PATRIOTA,0.0,9.0,0.0,1.0
2022,PB,PC DO B,0.0,1.0,0.0,1.0
2022,PB,PCO,0.0,3.0,0.0,0.0
2022,PB,PDT,0.0,7.0,0.0,1.0
2022,PB,PL,2.0,3.0,0.0,7.0
2022,PB,PMB,0.0,0.0,0.0,9.0
2022,PB,PODE,0.0,0.0,0.0,3.0
2022,PB,PP,2.0,4.0,0.0,5.0
2022,PB,PROS,0.0,3.0,0.0,0.0
2022,PB,PRTB,0.0,3.0,0.0,8.0
2022,PB,PSB,1.0,5.0,0.0,7.0
2022,PB,PSC,2.0,2.0,0.0,9.0
2022,PB,PSDB,0.0,2.0,0.0,3.0
2022,PB,PSOL,0.0,2.0,0.0,0.0
2022,PB,PT,1.0,3.0,0.0,4.0
2022,PB,PTB,0.0,4.0,0.0,8.0
2022,PB,PV,0.0,2.0,0.0,0.0
2022,PB,REDE,0.0,7.0,0.0,4.0
2022,PB,REPUBLICANOS,3.0,6.0,0.0,4.0
2022,PB,SOLIDARIEDADE,0.0,5.0,0.0,7.0
2022,PB,UNIAO,1.0,7.0,0.0,5.0
2022,PB,UP,0.0,3.0,0.0,0.0
2022,PE,AGIR,0.0,9.0,0.0,8.0
2022,PE,AVANTE,1.0,7.0,0.0,18.0
2022,PE,CIDADANIA,0.0,1.0,0.0,1.0
2022,PE,DC,0.0,13.0,0.0,5.0
2022,PE,MDB,1.0,6.0,0.0,13.0
2022,PE,NOVO,0.0,4.0,0.0,2.0
2022,PE,PATRIOTA,0.0,9.0,0.0,12.0
2022,PE,PC DO B,1.0,0.0,0.0,2.0
2022,PE,PCB,0.0,0.0,0.0,2.0
2022,PE,PDT,0.0,6.0,0.0,18.0
2022,PE,PL,3.0,0.0,1.0,22.0
2022,PE,PMB,0.0,0.0,0.0,1.0
2022,PE,PMN,0.0,6.0,0.0,15.0
2022,PE,PODE,0.0,5.0,0.0,17.0
2022,PE,PP,4.0,4.0,0.0,13.0
2022,PE,PROS,0.0,0.0,0.0,3.0
2022,PE,PRTB,0.0,13.0,0.0,11.0
2022,PE,PSB,5.0,3.0,0.0,6.0
2022,PE,PSC,0.0,0.0,0.0,9.0
2022,PE,PSD,0.0,0.0,0.0,2.0
2022,PE,PSDB,0.0,8.0,0.0,5.0
2022,PE,PSOL,0.0,9.0,0.0,8.0
2022,PE,PSTU,0.0,2.0,0.0,0.0
2022,PE,PT,1.0,5.0,0.0,9.0
2022,PE,PTB,0.0,4.0,0.0,6.0
2022,PE,PV,1.0,1.0,0.0,1.0
2022,PE,REDE,1.0,1.0,0.0,7.0
2022,PE,REPUBLICANOS,2.0,7.0,0.0,16.0
2022,PE,SOLIDARIEDADE,1.0,2.0,0.0,10.0
2022,PE,UNIAO,3.0,18.0,0.0,5.0
2022,PE,UP,0.0,1.0,0.0,1.0
2022,PI,AGIR,0.0,1.0,0.0,5.0
2022,PI,CIDADANIA,0.0,9.0,0.0,0.0
2022,PI,NOVO,0.0,3.0,0.0,3.0
2022,PI,PATRIOTA,0.0,5.0,0.0,4.0
2022,PI,PCB,0.0,0.0,0.0,2.0
2022,PI,PCO,0.0,0.0,0.0,1.0
2022,PI,PDT,0.0,2.0,0.0,6.0
2022,PI,PL,0.0,1.0,0.0,9.0
2022,PI,PMN,0.0,8.0,0.0,3.0
2022,PI,PODE,0.0,7.0,0.0,2.0
2022,PI,PP,2.0,5.0,0.0,2.0
2022,PI,PSC,0.0,0.0,0.0,11.0
2022,PI,PSD,3.0,3.0,0.0,4.0
2022,PI,PSOL,0.0,4.0,0.0,0.0
2022,PI,PSTU,0.0,2.0,0.0,0.0
2022,PI,PT,3.0,2.0,1.0,3.0
2022,PI,PTB,0.0,7.0,0.0,3.0
2022,PI,PV,0.0,1.0,1.0,0.0
2022,PI,REDE,0.0,3.0,0.0,0.0
2022,PI,REPUBLICANOS,0.0,2.0,0.0,9.0
2022,PI,SOLIDARIEDADE,0.0,3.0,0.0,8.0
2022,PI,UNIAO,0.0,7.0,0.0,3.0
2022,PI,UP,0.0,1.0,0.0,0.0
2022,PR,AGIR,0.0,6.0,0.0,20.0
2022,PR,CIDADANIA,0.0,2.0,0.0,10.0
2022,PR,DC,0.0,12.0,0.0,13.0
2022,PR,MDB,1.0,6.0,0.0,23.0
2022,PR,NOVO,0.0,7.0,0.0,19.0
2022,PR,PATRIOTA,0.0,10.0,0.0,10.0
2022,PR,PC DO B,0.0,4.0,0.0,0.0
2022,PR,PCB,0.0,0.0,0.0,2.0
2022,PR,PCO,0.0,1.0,0.0,0.0
2022,PR,PDT,0.0,5.0,0.0,25.0
2022,PR,PL,3.0,1.0,0.0,22.0
2022,PR,PMB,0.0,18.0,0.0,9.0
2022,PR,PMN,0.0,14.0,0.0,4.0
2022,PR,PODE,1.0,9.0,0.0,18.0
2022,PR,PP,4.0,13.0,0.0,14.0
2022,PR,PROS,1.0,7.0,0.0,22.0
2022,PR,PRTB,0.0,7.0,0.0,8.0
2022,PR,PSB,1.0,5.0,0.0,16.0
2022,PR,PSC,0.0,9.0,0.0,15.0
2022,PR,PSD,7.0,7.0,0.0,15.0
2022,PR,PSDB,1.0,2.0,0.0,7.0
2022,PR,PSOL,0.0,7.0,0.0,3.0
2022,PR,PSTU,0.0,0.0,0.0,1.0
2022,PR,PT,5.0,3.0,0.0,15.0
2022,PR,PTB,0.0,2.0,0.0,28.0
2022,PR,PV,1.0,0.0,0.0,1.0
2022,PR,REDE,0.0,14.0,0.0,7.0
2022,PR,REPUBLICANOS,1.0,11.0,0.0,16.0
2022,PR,SOLIDARIEDADE,0.0,12.0,0.0,10.0
2022,PR,UNIAO,4.0,6.0,0.0,17.0
2022,RJ,AGIR,0.0,11.0,0.0,34.0
2022,RJ,AVANTE,0.0,14.0,0.0,29.0
2022,RJ,CIDADANIA,0.0,8.0,0.0,14.0
2022,RJ,DC,0.0,31.0,0.0,13.0
2022,RJ,MDB,2.0,3.0,0.0,40.0
2022,RJ,NOVO,0.0,3.0,0.0,18.0
2022,RJ,PATRIOTA,0.0,16.0,0.0,31.0
2022,RJ,PC DO B,1.0,1.0,0.0,1.0
2022,RJ,PCB,0.0,0.0,0.0,3.0
2022,RJ,PDT,1.0,8.0,0.0,35.0
2022,RJ,PL,7.6923076923076925,10.307692307692307,3.3076923076923075,24.692307692307693
2022,RJ,PMB,0.0,10.0,0.0,31.0
2022,RJ,PMN,0.0,14.0,0.0,33.0
2022,RJ,PODE,0.5,24.5,0.5,21.5
2022,RJ,PP,3.0,7.0,0.0,36.0
2022,RJ,PROS,1.0,2.0,0.0,39.0
2022,RJ,PRTB,0.0,2.0,0.0,40.0
2022,RJ,PSB,1.0,13.0,0.0,22.0
2022,RJ,PSC,0.0,3.0,0.0,23.0
2022,RJ,PSD,4.0,15.0,0.0,28.0
2022,RJ,PSDB,0.0,4.0,0.0,21.0
2022,RJ,PSOL,5.0,5.0,0.0,18.0
2022,RJ,PSTU,0.0,2.0,0.0,0.0
2022,RJ,PT,5.0,5.0,0.0,26.0
2022,RJ,PTB,0.0,5.0,1.0,41.0
2022,RJ,PV,0.0,3.0,0.0,3.0
2022,RJ,REDE,0.0,1.0,0.0,2.0
2022,RJ,REPUBLICANOS,3.0,9.0,0.0,34.0
2022,RJ,SOLIDARIEDADE,1.0,3.0,0.0,43.0
2022,RJ,UNIAO,6.0,17.0,0.0,24.0
2022,RN,AVANTE,0.0,7.0,0.0,2.0
2022,RN,CIDADANIA,0.0,2.0,0.0,0.0
2022,RN,DC,0.0,5.0,0.0,4.0
2022,RN,MDB,0.0,6.0,0.0,2.0
2022,RN,PATRIOTA,0.0,3.0,0.0,4.0
2022,RN,PC DO B,0.0,2.0,0.0,1.0
2022,RN,PDT,0.0,3.0,0.0,6.0
2022,RN,PL,3.0,1.0,1.0,4.0
2022,RN,PMB,0.0,0.0,0.0,3.0
2022,RN,PMN,0.0,2.0,0.0,7.0
2022,RN,PODE,0.0,9.0,0.0,0.0
2022,RN,PP,0.0,7.0,0.0,2.0
2022,RN,PRTB,0.0,1.0,0.0,7.0
2022,RN,PSB,0.0,7.0,0.0,2.0
2022,RN,PSC,0.0,6.0,0.0,2.0
2022,RN,PSD,0.0,2.0,0.0,7.0
2022,RN,PSDB,0.0,2.0,0.0,5.0
2022,RN,PSOL,0.0,3.0,0.0,1.0
2022,RN,PSTU,0.0,1.0,0.0,0.0
2022,RN,PT,2.0,1.0,0.0,1.0
2022,RN,PTB,0.0,0.0,0.0,7.0
2022,RN,PV,0.0,2.0,0.0,0.0
2022,RN,REDE,0.0,0.0,0.0,3.0
2022,RN,REPUBLICANOS,0.0,6.0,0.0,3.0
2022,RN,SOLIDARIEDADE,0.0,5.0,0.0,4.0
2022,RN,UNIAO,2.0,6.0,0.0,1.0
2022,RO,AGIR,0.0,6.0,0.0,1.0
2022,RO,AVANTE,0.0,2.0,0.0,7.0
2022,RO,MDB,2.0,4.0,0.0,3.0
2022,RO,PATRIOTA,0.0,3.0,0.0,4.0
2022,RO,PC DO B,0.0,2.0,0.0,1.0
2022,RO,PDT,0.0,6.0,0.0,2.0
2022,RO,PL,2.0,1.0,0.0,6.0
2022,RO,PMB,0.0,0.0,0.0,2.0
2022,RO,PODE,0.0,6.0,0.0,3.0
2022,RO,PP,0.0,3.0,0.0,3.0
2022,RO,PROS,0.0,0.0,0.0,9.0
2022,RO,PSB,0.0,4.0,0.0,4.0
2022,RO,PSC,0.0,7.0,0.0,2.0
2022,RO,PSD,0.0,5.0,0.0,3.0
2022,RO,PSOL,0.0,6.0,0.0,2.0
2022,RO,PT,0.0,3.0,0.0,0.0
2022,RO,PTB,0.0,8.0,0.0,1.0
2022,RO,PV,0.0,2.0,0.0,0.0
2022,RO,REPUBLICANOS,0.0,4.0,0.0,5.0
2022,RO,SOLIDARIEDADE,0.0,1.0,0.0,5.0
2022,RO,UNIAO,4.0,4.0,0.0,1.0
2022,RR,CIDADANIA,0.0,6.0,0.0,0.0
2022,RR,DC,0.0,5.0,0.0,1.0
2022,RR,MDB,2.0,5.0,0.0,1.0
2022,RR,PATRIOTA,0.0,4.0,0.0,3.0
2022,RR,PCO,0.0,1.0,0.0,0.0
2022,RR,PDT,0.0,3.0,0.0,5.0
2022,RR,PL,0.0,7.0,0.0,1.0
2022,RR,PMB,0.0,4.0,0.0,0.0
2022,RR,PMN,0.0,5.0,0.0,1.0
2022,RR,PODE,0.0,6.0,0.0,2.0
2022,RR,PP,0.0,5.0,0.0,4.0
2022,RR,PROS,0.0,4.0,0.0,4.0
2022,RR,PRTB,0.0,7.0,0.0,0.0
2022,RR,PSC,0.0,0.0,0.0,3.0
2022,RR,PSD,1.0,5.0,0.0,3.0
2022,RR,PSDB,0.0,0.0,0.0,1.0
2022,RR,PSOL,0.0,3.0,0.0,0.0
2022,RR,PT,0.0,2.0,0.0,1.0
2022,RR,PTB,0.0,8.0,0.0,1.0
2022,RR,PV,0.0,2.0,0.0,1.0
2022,RR,REDE,0.0,3.0,0.0,2.0
2022,RR,REPUBLICANOS,3.0,4.0,0.0,2.0
2022,RR,SOLIDARIEDADE,0.0,5.0,0.0,2.0
2022,RR,UNIAO,2.0,4.0,0.0,2.0
2022,RS,AGIR,0.0,0.0,0.0,1.0
2022,RS,AVANTE,0.0,8.0,0.0,22.0
2022,RS,CIDADANIA,1.0,0.0,0.0,7.0
2022,RS,DC,0.0,2.0,0.0,5.0
2022,RS,MDB,3.0,5.0,0.0,16.0
2022,RS,NOVO,1.0,1.0,0.0,4.0
2022,RS,PATRIOTA,0.0,18.0,0.0,5.0
2022,RS,PC DO B,1.0,1.0,0.0,2.0
2022,RS,PCB,0.0,0.0,0.0,2.0
2022,RS,PDT,2.0,4.0,0.0,22.0
2022,RS,PL,3.0,2.0,1.0,25.0
2022,RS,PODE,0.0,5.0,1.0,22.0
2022,RS,PP,3.0,3.0,0.0,21.0
2022,RS,PROS,0.0,0.0,0.0,3.0
2022,RS,PRTB,0.0,5.0,0.0,2.0
2022,RS,PSB,1.0,6.0,0.0,16.0
2022,RS,PSC,0.0,21.0,0.0,8.0
2022,RS,PSD,1.0,7.0,0.0,20.0
2022,RS,PSDB,2.0,6.0,0.0,15.0
2022,RS,PSOL,1.0,7.0,0.0,22.0
2022,RS,PSTU,0.0,2.0,0.0,1.0
2022,RS,PT,6.0,4.0,0.0,15.0
2022,RS,PTB,0.0,8.0,0.0,23.0
2022,RS,PV,0.0,2.0,0.0,0.0
2022,RS,REDE,0.0,1.0,0.0,1.0
2022,RS,REPUBLICANOS,3.0,4.0,0.0,25.0
2022,RS,SOLIDARIEDADE,0.0,17.0,0.0,8.0
2022,RS,UNIAO,1.0,6.0,0.0,21.0
2022,RS,UP,0.0,2.0,0.0,0.0
2022,SC,AVANTE,0.0,7.0,0.0,5.0
2022,SC,CIDADANIA,1.0,0.0,0.0,4.0
2022,SC,DC,0.0,2.0,0.0,0.0
2022,SC,MDB,3.0,2.0,0.0,11.0
2022,SC,NOVO,0.0,3.0,1.0,9.0
2022,SC,PATRIOTA,0.0,11.0,0.0,5.0
2022,SC,PC DO B,0.0,1.0,0.0,1.0
2022,SC,PCO,0.0,1.0,0.0,0.0
2022,SC,PDT,0.0,9.0,0.0,3.0
2022,SC,PL,4.0,1.0,2.0,8.0
2022,SC,PODE,0.0,8.0,0.0,8.0
2022,SC,PP,0.0,5.0,0.0,12.0
2022,SC,PROS,0.0,0.0,0.0,13.0
2022,SC,PRTB,0.0,2.0,0.0,1.0
2022,SC,PSB,0.0,7.0,0.0,10.0
2022,SC,PSC,0.0,6.0,0.0,9.0
2022,SC,PSD,2.0,4.0,0.0,7.0
2022,SC,PSDB,0.0,2.0,0.0,7.0
2022,SC,PSOL,0.0,6.0,0.0,5.0
2022,SC,PSTU,0.0,1.0,0.0,0.0
2022,SC,PT,2.0,3.0,0.0,8.0
2022,SC,PTB,0.0,8.0,0.0,9.0
2022,SC,PV,0.0,2.0,0.0,0.0
2022,SC,REDE,0.0,6.0,0.0,0.0
2022,SC,REPUBLICANOS,0.0,10.0,0.0,6.0
2022,SC,SOLIDARIEDADE,0.0,2.0,0.0,10.0
2022,SC,UNIAO,1.0,9.0,0.0,6.0
2022,SC,UP,0.0,1.0,0.0,0.0
2022,SE,CIDADANIA,0.0,2.0,0.0,3.0
2022,SE,DC,0.0,9.0,0.0,0.0
2022,SE,MDB,0.0,0.0,0.0,9.0
2022,SE,PATRIOTA,0.0,6.0,0.0,2.0
2022,SE,PC DO B,0.0,2.0,0.0,0.0
2022,SE,PDT,0.0,5.0,0.0,4.0
2022,SE,PL,1.0,2.0,0.0,4.0
2022,SE,PMN,0.0,7.0,0.0,1.0
2022,SE,PODE,0.0,1.0,0.0,6.0
2022,SE,PP,1.0,6.0,0.0,2.0
2022,SE,PROS,0.0,0.0,0.0,5.0
2022,SE,PSB,0.0,3.0,0.0,6.0
2022,SE,PSD,2.0,2.0,0.0,5.0
2022,SE,PSDB,0.0,2.0,0.0,2.0
2022,SE,PSOL,0.0,4.0,0.0,3.0
2022,SE,PT,1.0,1.0,0.0,3.0
2022,SE,PTB,0.0,0.0,0.0,9.0
2022,SE,PV,0.0,2.0,0.0,0.0
2022,SE,REDE,0.0,1.0,0.0,0.0
2022,SE,REPUBLICANOS,1.0,4.0,0.0,4.0
2022,SE,SOLIDARIEDADE,0.0,4.0,0.0,0.0
2022,SE,UNIAO,2.0,4.0,0.0,3.0
2022,SE,UP,0.0,2.0,0.0,0.0
2022,SP,AGIR,0.0,2.0,0.0,66.0
2022,SP,AVANTE,0.0,11.0,0.0,59.0
2022,SP,CIDADANIA,2.0,2.0,0.0,5.0
2022,SP,DC,0.0,15.0,0.0,1.0
2022,SP,MDB,4.0,17.0,1.0,44.0
2022,SP,NOVO,1.0,7.0,0.0,48.0
2022,SP,PATRIOTA,0.0,32.0,0.0,38.0
2022,SP,PC DO B,0.0,2.0,0.0,0.0
2022,SP,PCB,0.0,0.0,0.0,9.0
2022,SP,PCO,0.0,9.0,0.0,0.0
2022,SP,PDT,0.0,6.0,0.0,39.0
2022,SP,PL,13.0,10.0,4.0,43.0
2022,SP,PMB,0.0,0.0,0.0,26.0
2022,SP,PMN,0.0,13.0,0.0,34.0
2022,SP,PODE,3.0,19.0,0.0,49.0
2022,SP,PP,4.0,4.0,0.0,57.0
2022,SP,PROS,0.0,7.0,0.0,52.0
2022,SP,PRTB,0.0,30.0,0.0,29.0
2022,SP,PSB,1.0,10.0,1.0,55.0
2022,SP,PSC,1.0,7.0,0.0,51.0
2022,SP,PSD,3.0,15.0,0.0,30.0
2022,SP,PSDB,2.0,11.0,1.0,29.0
2022,SP,PSOL,5.0,7.0,0.0,26.0
2022,SP,PSTU,0.0,3.0,0.0,6.0
2022,SP,PT,11.0,17.0,0.0,29.0
2022,SP,PTB,0.0,5.0,0.0,65.0
2022,SP,PV,0.0,4.0,0.0,7.0
2022,SP,REDE,1.0,2.0,0.0,18.0
2022,SP,REPUBLICANOS,5.0,14.0,0.0,49.0
2022,SP,SOLIDARIEDADE,1.0,14.0,0.0,39.0
2022,SP,UNIAO,6.0,32.0,0.0,28.0
2022,SP,UP,0.0,1.0,0.0,0.0
2022,TO,AVANTE,0.0,7.0,0.0,2.0
2022,TO,CIDADANIA,0.0,2.0,0.0,0.0
2022,TO,DC,0.0,6.0,0.0,2.0
2022,TO,MDB,0.0,3.0,0.0,5.0
2022,TO,PATRIOTA,0.0,3.0,0.0,6.0
2022,TO,PC DO B,0.0,2.0,0.0,0.0
2022,TO,PDT,0.0,4.0,0.0,2.0
2022,TO,PL,2.0,2.0,0.0,5.0
2022,TO,PMB,0.0,0.0,0.0,2.0
2022,TO,PODE,0.0,6.0,0.0,3.0
2022,TO,PP,2.0,4.0,0.0,3.0
2022,TO,PRTB,0.0,1.0,0.0,3.0
2022,TO,PSB,0.0,6.0,0.0,2.0
2022,TO,PSC,0.0,2.0,0.0,7.0
2022,TO,PSD,0.0,5.0,0.0,4.0
2022,TO,PSDB,0.0,5.0,0.0,0.0
2022,TO,PSOL,0.0,3.0,0.0,0.0
2022,TO,PT,0.0,3.0,0.0,2.0
2022,TO,PTB,0.0,6.0,0.0,3.0
2022,TO,PV,0.0,1.0,0.0,1.0
2022,TO,REDE,0.0,2.0,0.0,0.0
2022,TO,REPUBLICANOS,3.0,4.0,0.0,2.0
2022,TO,UNIAO,1.0,4.0,0.0,2.0
