Ano,Partido,Listas,Listas sem núcleo,Candidatos,Posições no núcleo,Eleitos,Eleitos dentro,Eleitos fora,Não eleitos dentro,Amplitude agregada %,Amplitude mediana das listas %,Cobertura %,Precisão %,Lift
2018,AVANTE,25,3,331,60.0,7,6.0,1.0,54.0,18.12688821752266,33.333333333333336,85.71428571428571,10.0,3.5211178151794216
2018,DC,25,1,196,98.0,1,0.0,1.0,98.0,50.0,73.07692307692308,0.0,0.0,0.0
2018,DEM,27,2,168,59.0,29,26.0,3.0,33.0,35.11904761904762,50.0,89.65517241379311,44.067796610169495,1.9904037492765243
2018,MDB,27,0,304,86.0,34,30.0,4.0,56.0,28.289473684210527,37.5,88.23529411764706,34.883720930232556,2.0118154239182497
2018,NOVO,19,0,224,127.0,8,7.0,1.0,120.0,56.69642857142857,68.75,87.5,5.511811023622047,2.1475667189952907
2018,PATRI,26,8,356,49.0,5,3.0,2.0,46.0,13.764044943820224,8.225806451612904,60.0,6.122448979591836,3.6643197061197235
2018,PC DO B,27,0,119,40.0,9,9.0,0.0,31.0,33.61344537815126,50.0,100.0,22.5,1.361344537815126
2018,PCB,13,1,31,18.0,0,0.0,0.0,18.0,58.064516129032256,100.0,,0.0,
2018,PCO,4,0,5,5.0,0,0.0,0.0,5.0,100.0,100.0,,0.0,
2018,PDT,27,0,269,62.0,28,22.0,6.0,40.0,23.04832713754647,37.5,78.57142857142857,35.483870967741936,2.758954514917121
2018,PHS,27,1,296,79.0,6,3.0,3.0,76.0,26.68918918918919,66.66666666666667,50.0,3.7974683544303796,2.9759423041098563
2018,PMB,18,8,96,14.0,0,0.0,0.0,14.0,14.583333333333334,5.518018018018019,,0.0,
2018,PMN,26,0,164,40.0,3,3.0,0.0,37.0,24.390243902439025,36.66666666666667,100.0,7.5,5.142857142857142
2018,PODE,27,4,213,48.0,11,10.0,1.0,38.0,22.535211267605632,50.0,90.9090909090909,20.833333333333332,2.6798530959817892
2018,PP,26,0,139,74.0,37,37.0,0.0,37.0,53.23741007194245,61.25,100.0,50.0,1.701249705258194
2018,PPL,24,7,246,100.0,1,1.0,0.0,99.0,40.65040650406504,46.606334841628964,100.0,1.0,9.0
2018,PPS,26,1,126,52.0,8,8.0,0.0,44.0,41.26984126984127,50.0,100.0,15.384615384615385,2.4571200638213004
2018,PR,27,0,152,69.0,33,33.0,0.0,36.0,45.39473684210526,66.66666666666667,100.0,47.82608695652174,1.6167431677228898
2018,PRB,26,0,248,68.0,29,29.0,0.0,39.0,27.419354838709676,56.25,100.0,42.64705882352941,1.9521498697023552
2018,PROS,27,1,268,54.0,8,7.0,1.0,47.0,20.149253731343283,50.0,87.5,12.962962962962964,2.7731092436974794
2018,PRP,25,4,254,49.0,4,2.0,2.0,47.0,19.291338582677167,37.5,50.0,4.081632653061225,3.3432570539880024
2018,PRTB,24,4,286,73.0,0,0.0,0.0,73.0,25.524475524475523,38.18181818181819,,0.0,
2018,PSB,27,0,226,72.0,32,29.0,3.0,43.0,31.858407079646017,50.0,90.625,40.27777777777778,2.2168751246185407
2018,PSC,27,1,173,40.0,7,6.0,1.0,34.0,23.121387283236995,50.0,85.71428571428571,15.0,2.6235710397387044
2018,PSD,27,2,195,75.0,35,32.0,3.0,43.0,38.46153846153846,50.0,91.42857142857143,42.666666666666664,1.6519765804345072
2018,PSDB,27,0,237,91.0,30,26.0,4.0,65.0,38.39662447257384,50.0,86.66666666666667,28.571428571428573,1.8741780201969684
2018,PSL,27,5,434,82.0,52,21.5,30.5,60.5,18.89400921658986,18.181818181818183,41.34615384615385,26.21951219512195,1.8086894893403116
2018,PSOL,27,0,501,201.0,10,10.0,0.0,191.0,40.119760479041915,50.0,100.0,4.975124378109452,6.0966014453822295
2018,PSTU,16,13,35,5.0,0,0.0,0.0,5.0,14.285714285714286,0.0,,0.0,
2018,PT,26,0,363,125.0,56,56.0,0.0,69.0,34.43526170798898,47.72727272727273,100.0,44.8,2.129474056262939
2018,PTB,26,1,129,49.0,10,9.0,1.0,40.0,37.98449612403101,76.19047619047619,90.0,18.367346938775512,1.296
2018,PTC,25,1,199,45.0,2,2.0,0.0,43.0,22.613065326633166,50.0,100.0,4.444444444444445,1.3333333333333333
2018,PV,27,0,260,91.0,4,3.5,0.5,87.5,35.0,60.0,87.5,3.8461538461538463,2.121212121212121
2018,REDE,27,3,242,70.0,1,1.0,0.0,69.0,28.925619834710744,25.0,100.0,1.4285714285714286,4.0
2018,SOLIDARIEDADE,27,2,145,48.0,13,13.0,0.0,35.0,33.10344827586207,50.0,100.0,27.083333333333332,1.548731642189586
2022,AGIR,22,7,318,94.0,0,0.0,0.0,94.0,29.559748427672957,23.76068376068376,,0.0,
2022,AVANTE,21,4,396,134.0,7,7.0,0.0,127.0,33.83838383838384,30.76923076923077,100.0,5.223880597014926,3.631929046563193
2022,CIDADANIA,23,0,154,74.0,5,4.0,1.0,70.0,48.05194805194805,50.0,80.0,5.405405405405405,2.2052067381316998
2022,DC,21,0,218,163.0,0,0.0,0.0,163.0,74.77064220183486,86.66666666666667,,0.0,
2022,MDB,25,1,467,142.0,42,35.5,6.5,106.5,30.406852248394003,35.294117647058826,84.52380952380952,25.0,2.1402188206461386
2022,NOVO,17,0,210,87.0,3,2.0,1.0,85.0,41.42857142857143,66.66666666666667,66.66666666666667,2.2988505747126435,2.829015544041451
2022,PATRIOTA,26,1,442,215.0,4,4.0,0.0,211.0,48.64253393665158,50.0,100.0,1.8604651162790697,3.3733681462140996
2022,PC DO B,24,0,63,43.0,6,6.0,0.0,37.0,68.25396825396825,58.333333333333336,100.0,13.953488372093023,1.8556701030927836
2022,PCB,10,10,35,0.0,0,0.0,0.0,0.0,0.0,0.0,,,
2022,PCO,13,1,30,29.0,0,0.0,0.0,29.0,96.66666666666667,100.0,,0.0,
2022,PDT,27,0,456,164.0,17,17.0,0.0,147.0,35.96491228070175,37.5,100.0,10.365853658536585,2.309688896988492
2022,PL,25,0,485,164.0,99,79.6923076923077,19.307692307692307,84.3076923076923,33.81443298969072,38.888888888888886,80.4972804972805,48.59287054409006,2.2526111007227128
2022,PMB,16,11,184,70.0,0,0.0,0.0,70.0,38.04347826086956,0.0,,0.0,
2022,PMN,15,1,266,91.0,0,0.0,0.0,91.0,34.21052631578947,29.78723404255319,,0.0,
2022,PODE,26,2,481,213.0,12,10.5,1.5,202.5,44.28274428274428,54.37352245862884,87.5,4.929577464788732,2.340280269694106
2022,PP,25,0,481,188.0,47,47.0,0.0,141.0,39.08523908523909,54.54545454545455,100.0,25.0,2.0981369354755
2022,PROS,22,8,340,66.0,3,3.0,0.0,63.0,19.41176470588235,13.479373201151263,100.0,4.545454545454546,6.134484659195297
2022,PRTB,19,2,295,100.0,0,0.0,0.0,100.0,33.898305084745765,30.0,,0.0,
2022,PSB,25,1,426,150.0,14,13.0,1.0,137.0,35.2112676056338,41.1764705882353,92.85714285714286,8.666666666666666,2.2671851401114016
2022,PSC,23,4,404,118.0,6,6.0,0.0,112.0,29.207920792079207,30.76923076923077,100.0,5.084745762711864,3.998666554599705
2022,PSD,26,1,403,182.0,42,40.0,2.0,142.0,45.16129032258065,47.667342799188646,95.23809523809524,21.978021978021978,1.8605384566833754
2022,PSDB,25,1,293,107.0,13,12.0,1.0,95.0,36.51877133105802,40.0,92.3076923076923,11.214953271028037,2.435312852027646
2022,PSOL,27,0,305,159.0,12,12.0,0.0,147.0,52.131147540983605,71.42857142857143,100.0,7.547169811320755,3.153545032029713
2022,PSTU,13,2,36,21.0,0,0.0,0.0,21.0,58.333333333333336,100.0,,0.0,
2022,PT,27,0,359,160.0,69,68.0,1.0,92.0,44.56824512534819,49.12280701754386,98.55072463768116,42.5,2.1671331630867336
2022,PTB,26,3,472,108.0,1,0.0,1.0,108.0,22.88135593220339,24.014336917562723,0.0,0.0,0.0
2022,PV,27,0,87,54.0,6,4.0,2.0,50.0,62.06896551724138,66.66666666666667,66.66666666666667,7.407407407407407,1.28
2022,REDE,25,1,174,84.0,2,2.0,0.0,82.0,48.275862068965516,62.5,100.0,2.380952380952381,5.478260869565218
2022,REPUBLICANOS,27,0,509,208.0,40,40.0,0.0,168.0,40.86444007858546,44.44444444444444,100.0,19.23076923076923,2.1294668251530817
2022,SOLIDARIEDADE,24,2,373,138.0,4,4.0,0.0,134.0,36.997319034852545,42.640692640692635,100.0,2.898550724637681,4.590150250417362
2022,UNIAO,26,0,495,281.0,59,58.5,0.5,222.5,56.76767676767677,62.019230769230774,99.15254237288136,20.818505338078293,1.5916739388067835
2022,UP,13,0,18,17.0,0,0.0,0.0,17.0,94.44444444444444,100.0,,0.0,
