Ano,Grupo,Perfil,N válido ponderado,Ausência ponderada,Percentual
2018,Núcleo · eleito,Eleito federal no pleito anterior,444.0,1.0,38.06306306306306
2018,Núcleo · eleito,"Vitória federal mais antiga, sem vitória no pleito anterior",444.0,1.0,11.936936936936936
2018,Núcleo · eleito,Vitória anterior para deputado estadual/distrital,444.0,1.0,33.78378378378378
2018,Núcleo · eleito,Vitória anterior para prefeito,444.0,1.0,0.45045045045045046
2018,Núcleo · eleito,Vitória anterior para vereador,444.0,1.0,3.3783783783783785
2018,Núcleo · eleito,Votação histórica ≥ 10% do QE,444.0,1.0,71.62162162162163
2018,Núcleo · eleito,Alguma vitória eleitoral anterior,444.0,1.0,69.81981981981981
2018,Núcleo · eleito,Sem vitória nem votação relevante registrada,444.0,1.0,26.35135135135135
2018,Núcleo · eleito,Mulheres,444.0,1.0,16.835585585585587
2018,Núcleo · eleito,Pessoas pretas ou pardas,444.0,1.0,22.52252252252252
2018,Núcleo · não eleito,Eleito federal no pleito anterior,1872.0,1.0,4.8076923076923075
2018,Núcleo · não eleito,"Vitória federal mais antiga, sem vitória no pleito anterior",1872.0,1.0,5.795940170940171
2018,Núcleo · não eleito,Vitória anterior para deputado estadual/distrital,1872.0,1.0,6.490384615384615
2018,Núcleo · não eleito,Vitória anterior para prefeito,1872.0,1.0,0.32051282051282054
2018,Núcleo · não eleito,Vitória anterior para vereador,1872.0,1.0,4.763176638176639
2018,Núcleo · não eleito,Votação histórica ≥ 10% do QE,1872.0,1.0,20.606303418803417
2018,Núcleo · não eleito,Alguma vitória eleitoral anterior,1872.0,1.0,19.319800569800574
2018,Núcleo · não eleito,Sem vitória nem votação relevante registrada,1872.0,1.0,76.09953703703704
2018,Núcleo · não eleito,Mulheres,1872.0,1.0,36.709646868161364
2018,Núcleo · não eleito,Pessoas pretas ou pardas,1872.0,1.0,38.57713006263731
2018,Fora · eleito,Eleito federal no pleito anterior,68.0,0.0,1.4705882352941178
2018,Fora · eleito,"Vitória federal mais antiga, sem vitória no pleito anterior",68.0,0.0,1.4705882352941178
2018,Fora · eleito,Vitória anterior para deputado estadual/distrital,68.0,0.0,11.764705882352942
2018,Fora · eleito,Vitória anterior para prefeito,68.0,0.0,0.0
2018,Fora · eleito,Vitória anterior para vereador,68.0,0.0,5.882352941176471
2018,Fora · eleito,Votação histórica ≥ 10% do QE,68.0,0.0,20.58823529411765
2018,Fora · eleito,Alguma vitória eleitoral anterior,68.0,0.0,16.176470588235293
2018,Fora · eleito,Sem vitória nem votação relevante registrada,68.0,0.0,76.47058823529412
2018,Fora · eleito,Mulheres,68.0,0.0,3.3088235294117645
2018,Fora · eleito,Pessoas pretas ou pardas,68.0,0.0,33.8235294117647
2018,Fora · não eleito,Eleito federal no pleito anterior,5242.0,2.0,0.01907668828691339
2018,Fora · não eleito,"Vitória federal mais antiga, sem vitória no pleito anterior",5242.0,2.0,0.18122853872567724
2018,Fora · não eleito,Vitória anterior para deputado estadual/distrital,5242.0,2.0,0.6962991224723388
2018,Fora · não eleito,Vitória anterior para prefeito,5242.0,2.0,0.20984357115604732
2018,Fora · não eleito,Vitória anterior para vereador,5242.0,2.0,2.9727839247106704
2018,Fora · não eleito,Votação histórica ≥ 10% do QE,5242.0,2.0,2.8853491033956504
2018,Fora · não eleito,Alguma vitória eleitoral anterior,5242.0,2.0,3.9552333714867096
2018,Fora · não eleito,Sem vitória nem votação relevante registrada,5242.0,2.0,94.41847895205393
2018,Fora · não eleito,Mulheres,5242.0,2.0,31.47263278573101
2018,Fora · não eleito,Pessoas pretas ou pardas,5242.0,2.0,43.26280284676517
2022,Núcleo · eleito,Eleito federal no pleito anterior,475.1923076923077,0.0,56.7057871307163
2022,Núcleo · eleito,"Vitória federal mais antiga, sem vitória no pleito anterior",475.1923076923077,0.0,4.524484014569
2022,Núcleo · eleito,Vitória anterior para deputado estadual/distrital,475.1923076923077,0.0,34.32618373128288
2022,Núcleo · eleito,Vitória anterior para prefeito,475.1923076923077,0.0,1.2626467017401861
2022,Núcleo · eleito,Vitória anterior para vereador,475.1923076923077,0.0,4.888709024686362
2022,Núcleo · eleito,Votação histórica ≥ 10% do QE,475.1923076923077,0.0,77.43423715095103
2022,Núcleo · eleito,Alguma vitória eleitoral anterior,475.1923076923077,0.0,76.61675435046541
2022,Núcleo · eleito,Sem vitória nem votação relevante registrada,475.1923076923077,0.0,20.331849453662485
2022,Núcleo · eleito,Mulheres,475.1923076923077,0.0,18.12221772561716
2022,Núcleo · eleito,Pessoas pretas ou pardas,475.1923076923077,0.0,26.960744637798463
2022,Núcleo · não eleito,Eleito federal no pleito anterior,3346.8076923076924,2.0,4.242849098452027
2022,Núcleo · não eleito,"Vitória federal mais antiga, sem vitória no pleito anterior",3346.8076923076924,2.0,3.1024589064971972
2022,Núcleo · não eleito,Vitória anterior para deputado estadual/distrital,3346.8076923076924,2.0,5.6356803842927246
2022,Núcleo · não eleito,Vitória anterior para prefeito,3346.8076923076924,2.0,0.3137317995334245
2022,Núcleo · não eleito,Vitória anterior para vereador,3346.8076923076924,2.0,5.41329362571189
2022,Núcleo · não eleito,Votação histórica ≥ 10% do QE,3346.8076923076924,2.0,20.53161575144095
2022,Núcleo · não eleito,Alguma vitória eleitoral anterior,3346.8076923076924,2.0,16.22803863722305
2022,Núcleo · não eleito,Sem vitória nem votação relevante registrada,3346.8076923076924,2.0,75.83635175572925
2022,Núcleo · não eleito,Mulheres,3346.8076923076924,2.0,38.77646380436292
2022,Núcleo · não eleito,Pessoas pretas ou pardas,3338.5576923076924,10.25,49.56177159366733
2022,Fora · eleito,Eleito federal no pleito anterior,37.80769230769231,0.0,33.16378433367244
2022,Fora · eleito,"Vitória federal mais antiga, sem vitória no pleito anterior",37.80769230769231,0.0,1.3224821973550356
2022,Fora · eleito,Vitória anterior para deputado estadual/distrital,37.80769230769231,0.0,10.27466937945066
2022,Fora · eleito,Vitória anterior para prefeito,37.80769230769231,0.0,0.0
2022,Fora · eleito,Vitória anterior para vereador,37.80769230769231,0.0,9.969481180061038
2022,Fora · eleito,Votação histórica ≥ 10% do QE,37.80769230769231,0.0,47.71108850457783
2022,Fora · eleito,Alguma vitória eleitoral anterior,37.80769230769231,0.0,44.76093591047813
2022,Fora · eleito,Sem vitória nem votação relevante registrada,37.80769230769231,0.0,48.6266531027467
2022,Fora · eleito,Mulheres,37.80769230769231,0.0,12.919633774160735
2022,Fora · eleito,Pessoas pretas ou pardas,36.80769230769231,1.0,18.7042842215256
2022,Fora · não eleito,Eleito federal no pleito anterior,5812.192307692308,1.0,0.017205211855714445
2022,Fora · não eleito,"Vitória federal mais antiga, sem vitória no pleito anterior",5812.192307692308,1.0,0.27815092500071686
2022,Fora · não eleito,Vitória anterior para deputado estadual/distrital,5812.192307692308,1.0,0.5399789567024227
2022,Fora · não eleito,Vitória anterior para prefeito,5812.192307692308,1.0,0.3182964193307173
2022,Fora · não eleito,Vitória anterior para vereador,5812.192307692308,1.0,3.69615217726284
2022,Fora · não eleito,Votação histórica ≥ 10% do QE,5812.192307692308,1.0,3.4900136460945017
2022,Fora · não eleito,Alguma vitória eleitoral anterior,5812.192307692308,1.0,4.7981680545852665
2022,Fora · não eleito,Sem vitória nem votação relevante registrada,5812.192307692308,1.0,93.23337665035508
2022,Fora · não eleito,Mulheres,5812.192307692308,1.0,34.672395886205734
2022,Fora · não eleito,Pessoas pretas ou pardas,5765.442307692308,47.75,49.2477681760402
