ano_eleicao,sg_partido_norm,n_listas,n_listas_financiadas,bancada,bancada_listas_financiadas,alvo,H_observado,E_esperado,H_maximo,lift,teto_lift,lift_normalizado,dp_nulo_lift,denominador_pequeno
2018,AVANTE,25,22,7,7,competitividade,11.0,5.103084415584416,19.0,2.1555590901860984,3.7232384285032607,0.4243326908474972,0.2786449478506451,False
2018,AVANTE,25,22,7,7,eleicao,6.0,1.7040043290043292,7.0,3.5211178151794216,4.107970784375992,0.8111780933891898,0.43941177047837854,True
2018,DC,25,24,1,1,competitividade,1.25,1.4030303030303028,5.0,0.8909287257019439,3.5637149028077757,-0.04254422914911536,0.6931746490527028,True
2018,DC,25,24,1,1,eleicao,0.0,0.22727272727272727,1.0,0.0,4.4,-0.29411764705882354,1.8439088914585777,True
2018,DEM,27,25,29,29,competitividade,44.0,21.78504171267329,46.0,2.0197344848049257,2.111540597750604,0.917406423902587,0.12184268941976067,False
2018,DEM,27,25,29,29,eleicao,26.0,13.062676358728991,29.0,1.9904037492765243,2.2200657203468923,0.811762622914223,0.1709110250689747,False
2018,MDB,27,27,34,34,competitividade,63.0,29.083152958152958,72.0,2.1662025465618933,2.4756600532135926,0.7902921435206005,0.11607603464489545,False
2018,MDB,27,27,34,34,eleicao,30.0,14.911904761904763,34.0,2.0118154239182497,2.280057480440683,0.7904453037295747,0.17074289101469117,False
2018,NOVO,19,19,8,8,competitividade,1.0,0.7777777777777778,2.0,1.2857142857142856,2.571428571428571,0.1818181818181818,0.8329931278350429,True
2018,NOVO,19,19,8,8,eleicao,7.0,3.259502923976608,8.0,2.1475667189952907,2.454361964566046,0.7890516576715498,0.3990965866394561,True
2018,PATRI,26,18,5,5,competitividade,11.0,3.3254622005046457,15.0,3.3078108656086145,4.510651180375383,0.6573740161111213,0.35729147727852917,True
2018,PATRI,26,18,5,5,eleicao,3.0,0.8187058555479607,5.0,3.6643197061197235,6.107199510199539,0.5216791904837154,0.9078031429482245,True
2018,PC DO B,27,27,9,9,competitividade,17.0,11.431623931623932,17.0,1.4871028037383178,1.4871028037383178,1.0,0.10885086488847158,False
2018,PC DO B,27,27,9,9,eleicao,9.0,6.611111111111111,9.0,1.361344537815126,1.361344537815126,1.0,0.12492494745645802,False
2018,PCB,13,12,0,0,competitividade,0.0,0.0,0.0,,,,,True
2018,PCB,13,12,0,0,eleicao,0.0,0.0,0.0,,,,,True
2018,PCO,4,4,0,0,competitividade,0.0,0.0,0.0,,,,,True
2018,PCO,4,4,0,0,eleicao,0.0,0.0,0.0,,,,,True
2018,PDT,27,27,28,28,competitividade,34.0,14.30338903677413,40.0,2.3770590251433226,2.7965400295803793,0.7665061743516867,0.1768431088622336,False
2018,PDT,27,27,28,28,eleicao,22.0,7.974035048802129,24.0,2.758954514917121,3.0097685617277685,0.8752025225257647,0.23919687748745158,False
2018,PHS,27,26,6,6,competitividade,13.0,6.537497307074772,19.0,1.9885285437795308,2.9063109486008525,0.5185557710325626,0.23764647983269477,False
2018,PHS,27,26,6,6,eleicao,3.0,1.0080840599150458,6.0,2.9759423041098563,5.9518846082197125,0.3990283418216083,0.7569710962084787,True
2018,PMB,18,10,0,0,competitividade,2.0,1.5,2.0,1.3333333333333333,1.3333333333333333,1.0,0.3333333333333333,True
2018,PMB,18,10,0,0,eleicao,0.0,0.0,0.0,,,,,True
2018,PMN,26,26,3,3,competitividade,7.0,2.1996012759170656,8.0,3.182394953413334,3.6370228039009533,0.8275980587596409,0.4994805005138391,True
2018,PMN,26,26,3,3,eleicao,3.0,0.5833333333333334,3.0,5.142857142857142,5.142857142857142,1.0,1.1074046611279638,True
2018,PODE,27,23,11,11,competitividade,20.0,9.508345195619889,21.0,2.1034154301858115,2.208586201695102,0.912980330768477,0.15469939525669446,False
2018,PODE,27,23,11,11,eleicao,10.0,3.7315478281231704,11.0,2.6798530959817892,2.9478384055799682,0.8624191263348735,0.34596122110128286,True
2018,PP,26,26,37,37,competitividade,58.0,37.04371184371185,61.0,1.56571782667739,1.6467032315055308,0.874771918736812,0.07614165828233027,False
2018,PP,26,26,37,37,eleicao,37.0,21.748717948717946,37.0,1.701249705258194,1.701249705258194,1.0,0.1148093109185481,False
2018,PPL,24,17,1,1,competitividade,4.0,2.5656565656565657,4.0,1.5590551181102361,1.5590551181102361,1.0,0.2294975061699161,True
2018,PPL,24,17,1,1,eleicao,1.0,0.1111111111111111,1.0,9.0,9.0,1.0,2.82842712474619,True
2018,PPS,26,25,8,8,competitividade,18.0,9.197402597402597,18.0,1.9570742728042927,1.9570742728042927,1.0,0.17734876045153236,False
2018,PPS,26,25,8,8,eleicao,8.0,3.255844155844156,8.0,2.4571200638213004,2.4571200638213004,1.0,0.40936438858826435,True
2018,PR,27,27,33,33,competitividade,54.0,34.6972027972028,55.0,1.5563214220932342,1.5851421891690347,0.9507457031653636,0.07112730262668852,False
2018,PR,27,27,33,33,eleicao,33.0,20.41140526140526,33.0,1.6167431677228898,1.6167431677228898,1.0,0.10313611170010217,False
2018,PRB,26,26,29,29,competitividade,38.0,19.863090737383068,42.0,1.9130960283276863,2.1144745576253374,0.8193063018623433,0.11754869343866015,False
2018,PRB,26,26,29,29,eleicao,29.0,14.855416815114527,29.0,1.9521498697023552,1.9521498697023552,1.0,0.131882514659499,False
2018,PROS,27,26,8,8,competitividade,21.0,10.60399499216645,30.0,1.9803856957225507,2.8291224224607867,0.5359869212054167,0.18798520838296381,False
2018,PROS,27,26,8,8,eleicao,7.0,2.524242424242424,8.0,2.7731092436974794,3.1692677070828337,0.81737686773658,0.44716935595407076,True
2018,PRP,25,21,4,4,competitividade,6.0,3.138567572778099,8.0,1.9117001182450593,2.5489334909934125,0.5885986219203887,0.3359822143155576,True
2018,PRP,25,21,4,4,eleicao,2.0,0.5982190324295588,4.0,3.3432570539880024,6.686514107976005,0.412072670443446,1.154320570056773,True
2018,PRTB,24,20,0,0,competitividade,3.0,1.8876068376068376,5.0,1.5893140140366766,2.6488566900611277,0.35740766167788,0.41919234205730244,True
2018,PRTB,24,20,0,0,eleicao,0.0,0.0,0.0,,,,,True
2018,PSB,27,27,32,32,competitividade,47.0,22.28125552608311,51.0,2.109396391284162,2.2889194884147286,0.860718145125289,0.12360695604130421,False
2018,PSB,27,27,32,32,eleicao,29.0,13.081476569407602,32.0,2.2168751246185407,2.446207034061838,0.8414252565214039,0.17808143231521154,False
2018,PSC,27,26,7,7,competitividade,20.0,10.308045440398383,22.0,1.9402320367756398,2.1342552404532036,0.8289422021096063,0.16779356642361976,False
2018,PSC,27,26,7,7,eleicao,6.0,2.2869592281356987,7.0,2.6235710397387044,3.060832879695155,0.7878227563890906,0.4187889495282038,True
2018,PSD,27,25,35,35,competitividade,52.0,30.747033358798063,56.0,1.6912200729479658,1.821313924713194,0.8416027686238762,0.08660921649175833,False
2018,PSD,27,25,35,35,eleicao,32.0,19.370734657499366,34.0,1.6519765804345072,1.7552251167116641,0.8632877350177222,0.11357639890558893,False
2018,PSDB,27,27,30,30,competitividade,56.0,28.439357211416038,64.0,1.9691021700561029,2.2504024800641176,0.7750321880410935,0.11210090151346412,False
2018,PSDB,27,27,30,30,eleicao,26.0,13.87274833010127,30.0,1.8741780201969684,2.1625131002272715,0.751972618653559,0.17053216982680514,False
2018,PSL,27,22,52,49,competitividade,7.0,4.911564811693037,20.0,1.425207702305993,4.0720220065885515,0.13841297405879646,0.328413320134008,True
2018,PSL,27,22,52,49,eleicao,21.5,11.887059733974434,40.0,1.8086894893403116,3.3650037010982543,0.34194005234104896,0.2002617820657284,False
2018,PSOL,27,27,10,10,competitividade,14.0,4.850396279566224,17.0,2.8863621017893477,3.5048682664584936,0.7530783662553159,0.31448054688680105,True
2018,PSOL,27,27,10,10,eleicao,10.0,1.640258115867872,10.0,6.0966014453822295,6.0966014453822295,1.0,0.6753614811102617,True
2018,PSTU,16,3,0,0,competitividade,0.0,0.0,0.0,,,,,True
2018,PSTU,16,3,0,0,eleicao,0.0,0.0,0.0,,,,,True
2018,PT,26,26,56,56,competitividade,85.5,41.63375374625375,93.0,2.053622176878379,2.2337644730957806,0.8539897199622016,0.08645679175890907,False
2018,PT,26,26,56,56,eleicao,56.0,26.29757326007326,56.0,2.129474056262939,2.129474056262939,1.0,0.11596443437395798,False
2018,PTB,26,25,10,10,competitividade,22.0,13.249975579975578,25.0,1.6603804186060658,1.8867959302341657,0.7446813816925016,0.129472252535347,False
2018,PTB,26,25,10,10,eleicao,9.0,6.944444444444444,9.0,1.296,1.296,1.0,0.13693794214898955,False
2018,PTC,25,24,2,2,competitividade,5.0,2.8405433646812956,8.0,1.7602266038846381,2.816362566215421,0.4185434219053791,0.37585467946512807,True
2018,PTC,25,24,2,2,eleicao,2.0,1.5,2.0,1.3333333333333333,1.3333333333333333,1.0,0.3333333333333333,True
2018,PV,27,27,4,4,competitividade,18.0,9.032142857142858,21.0,1.9928825622775799,2.3250296559905097,0.7493285586392121,0.19845408973684037,False
2018,PV,27,27,4,4,eleicao,3.5,1.65,4.0,2.121212121212121,2.4242424242424243,0.7872340425531915,0.37787769434363416,True
2018,REDE,27,24,1,1,competitividade,4.0,1.8415750915750915,6.0,2.172053704624565,3.2580805569368474,0.5190486676943404,0.4509947212981045,True
2018,REDE,27,24,1,1,eleicao,1.0,0.25,1.0,4.0,4.0,1.0,1.7320508075688772,True
2018,SOLIDARIEDADE,27,25,13,13,competitividade,30.0,19.976619644723094,33.0,1.501755578948745,1.6519311368436194,0.7696450600258758,0.094379517702813,False
2018,SOLIDARIEDADE,27,25,13,13,eleicao,13.0,8.39396551724138,13.0,1.548731642189586,1.548731642189586,1.0,0.13468000560589197,False
2022,AGIR,22,15,0,0,competitividade,1.0,0.8571428571428571,1.0,1.1666666666666667,1.1666666666666667,1.0,0.4082482904638631,True
2022,AGIR,22,15,0,0,eleicao,0.0,0.0,0.0,,,,,True
2022,AVANTE,21,17,7,7,competitividade,27.333333333333332,14.191446448170412,35.0,1.9260428056547538,2.466274324314014,0.6315617686942695,0.1667953502848839,False
2022,AVANTE,21,17,7,7,eleicao,7.0,1.9273504273504274,7.0,3.631929046563193,3.631929046563193,1.0,0.5956386976927823,True
2022,CIDADANIA,23,23,5,5,competitividade,15.0,5.249242424242424,15.0,2.8575552027709628,2.8575552027709628,1.0,0.3258254537472005,False
2022,CIDADANIA,23,23,5,5,eleicao,4.0,1.8138888888888889,5.0,2.2052067381316998,2.756508422664625,0.6861377506538797,0.5349256595850284,True
2022,DC,21,21,0,0,competitividade,0.0,0.48,1.0,0.0,2.0833333333333335,-0.923076923076923,1.0408329997330665,True
2022,DC,21,21,0,0,eleicao,0.0,0.0,0.0,,,,,True
2022,MDB,25,24,42,42,competitividade,73.0,36.404517786135436,93.0,2.0052456244263688,2.5546279872829083,0.6466149025036406,0.10477159908720286,False
2022,MDB,25,24,42,42,eleicao,35.5,16.587088973118384,38.0,2.1402188206461386,2.290938455902909,0.8832480087895794,0.15721690799801058,False
2022,NOVO,17,17,3,3,competitividade,10.058823529411764,5.328205128205129,13.0,1.8878446470022077,2.439846005774783,0.6166247247562125,0.263831488378281,False
2022,NOVO,17,17,3,3,eleicao,2.0,0.7069597069597069,3.0,2.829015544041451,4.243523316062176,0.5638977635782748,1.0221578019016975,True
2022,PATRIOTA,26,25,4,4,competitividade,26.0,14.763347905927443,33.0,1.7611181532585216,2.235265348366585,0.6161576168755666,0.1734885269639673,False
2022,PATRIOTA,26,25,4,4,eleicao,4.0,1.1857585139318885,4.0,3.3733681462140996,3.3733681462140996,1.0,0.7499378137089755,True
2022,PC DO B,24,24,6,6,competitividade,15.0,10.3,16.0,1.4563106796116503,1.5533980582524272,0.8245614035087719,0.14649152489004888,False
2022,PC DO B,24,24,6,6,eleicao,6.0,3.2333333333333334,6.0,1.8556701030927836,1.8556701030927836,1.0,0.3326240372144676,True
2022,PCB,10,0,0,0,competitividade,0.0,0.0,0.0,,,,,True
2022,PCB,10,0,0,0,eleicao,0.0,0.0,0.0,,,,,True
2022,PCO,13,12,0,0,competitividade,0.0,0.0,0.0,,,,,True
2022,PCO,13,12,0,0,eleicao,0.0,0.0,0.0,,,,,True
2022,PDT,27,27,17,17,competitividade,43.83333333333333,17.416839885260934,51.0,2.5167213812666125,2.928200542462295,0.7865993955845345,0.15851324377914558,False
2022,PDT,27,27,17,17,eleicao,17.0,7.360298619509146,17.0,2.309688896988492,2.309688896988492,1.0,0.2245658175522075,False
2022,PL,25,25,99,99,competitividade,95.72307692307692,46.43830559649387,119.0,2.0612956414650947,2.5625396635699946,0.6792119689559185,0.09445503840099176,False
2022,PL,25,25,99,99,eleicao,79.6923076923077,35.3777479240601,96.0,2.2526111007227128,2.713570129055932,0.7309949441128633,0.11268552506210097,False
2022,PMB,16,5,0,0,competitividade,1.0,0.6666666666666666,1.0,1.5,1.5,1.0,0.7071067811865476,True
2022,PMB,16,5,0,0,eleicao,0.0,0.0,0.0,,,,,True
2022,PMN,15,14,0,0,competitividade,2.0,0.7089522280208751,3.0,2.821064552661382,4.231596828992073,0.563518486069739,1.0069137602208882,True
2022,PMN,15,14,0,0,eleicao,0.0,0.0,0.0,,,,,True
2022,PODE,26,24,12,12,competitividade,45.5,27.937228411393697,60.0,1.628651179350477,2.147671884857772,0.5477621153265284,0.11398771317970048,False
2022,PODE,26,24,12,12,eleicao,10.5,4.486642106918432,12.0,2.340280269694106,2.6746060225075494,0.8003555771805804,0.33821635361267427,True
2022,PP,25,25,47,47,competitividade,97.16666666666667,54.24774458127742,112.0,1.7911650966628738,2.0646019639064344,0.7431557741635049,0.07524625092132997,False
2022,PP,25,25,47,47,eleicao,47.0,22.400825801843293,47.0,2.0981369354755,2.0981369354755,1.0,0.12516207340442173,False
2022,PROS,22,14,3,3,competitividade,11.0,3.4037086887102874,13.0,3.231768933835537,3.8193632854419985,0.791586151866079,0.4164035118872831,True
2022,PROS,22,14,3,3,eleicao,3.0,0.4890386343216532,3.0,6.134484659195297,6.134484659195297,1.0,1.277062875169448,True
2022,PRTB,19,17,0,0,competitividade,1.0,0.5555555555555556,1.0,1.7999999999999998,1.7999999999999998,1.0,0.8944271909999159,True
2022,PRTB,19,17,0,0,eleicao,0.0,0.0,0.0,,,,,True
2022,PSB,25,24,14,14,competitividade,57.0,31.870770374875107,71.0,1.7884726139200948,2.22774658926889,0.6422112028750345,0.10321095922029326,False
2022,PSB,25,24,14,14,eleicao,13.0,5.733982536318681,14.0,2.2671851401114016,2.441583997043048,0.8790227574047921,0.27971031001770685,False
2022,PSC,23,19,6,6,competitividade,26.0,9.566579522140607,31.0,2.7177947917357894,3.2404476363003645,0.766719455480054,0.2253501902561182,False
2022,PSC,23,19,6,6,eleicao,6.0,1.5005002087753834,6.0,3.998666554599705,3.998666554599705,1.0,0.6764064071119188,True
2022,PSD,26,25,42,42,competitividade,98.66666666666666,57.95589453476144,114.0,1.702444030218311,1.9670130349144002,0.7264059581994066,0.07237470543930628,False
2022,PSD,26,25,42,42,eleicao,40.0,21.49915249336185,42.0,1.8605384566833754,1.953565379517544,0.9024430575686004,0.1298878797015625,False
2022,PSDB,25,24,13,13,competitividade,44.5,19.991236417867597,49.0,2.225975375901571,2.4510740094197074,0.8448744639784744,0.14243438270756198,False
2022,PSDB,25,24,13,13,eleicao,12.0,4.927498325321438,13.0,2.435312852027646,2.6382555896966164,0.8761226642867411,0.3199003178941048,True
2022,PSOL,27,27,12,12,competitividade,15.0,7.885162252035316,20.0,1.902307082663797,2.5364094435517295,0.5872829579711036,0.2523694078904368,False
2022,PSOL,27,27,12,12,eleicao,12.0,3.805241364280266,12.0,3.153545032029713,3.153545032029713,1.0,0.3968692645785119,True
2022,PSTU,13,11,0,0,competitividade,0.0,0.0,0.0,,,,,True
2022,PSTU,13,11,0,0,eleicao,0.0,0.0,0.0,,,,,True
2022,PT,27,27,69,69,competitividade,96.0,54.74162699746224,111.0,1.753692852506018,2.027707360710083,0.733373021659845,0.07776686245061427,False
2022,PT,27,27,69,69,eleicao,68.0,31.377859541932768,69.0,2.1671331630867336,2.199002768426244,0.973419906793592,0.11594310536523854,False
2022,PTB,26,23,1,1,competitividade,25.0,8.75479291423314,34.0,2.8555786807196943,3.883587005778784,0.64349668555208,0.25388352354334115,False
2022,PTB,26,23,1,1,eleicao,0.0,0.10638297872340426,1.0,0.0,9.4,-0.11904761904761905,2.898275349237888,True
2022,PV,27,27,6,6,competitividade,12.0,6.613636363636363,13.0,1.8144329896907216,1.9656357388316152,0.8434163701067616,0.24793314796871624,False
2022,PV,27,27,6,6,eleicao,4.0,3.125,6.0,1.28,1.92,0.30434782608695654,0.382506354340828,True
2022,REDE,25,24,2,2,competitividade,11.5,5.933333333333334,13.0,1.9382022471910112,2.191011235955056,0.7877358490566038,0.24741885288902135,False
2022,REDE,25,24,2,2,eleicao,2.0,0.36507936507936506,2.0,5.478260869565218,5.478260869565218,1.0,1.488455892923799,True
2022,REPUBLICANOS,27,27,40,40,competitividade,96.0,49.461937040270236,108.0,1.940886381417696,2.183497179094908,0.7950051745262704,0.0847738463545213,False
2022,REPUBLICANOS,27,27,40,40,eleicao,40.0,18.784044685516296,40.0,2.1294668251530817,2.1294668251530817,1.0,0.14371005753748223,False
2022,SOLIDARIEDADE,24,22,4,4,competitividade,27.0,12.208557400046761,31.0,2.211563505438946,2.539202543281753,0.7871371514601038,0.1865015615052786,False
2022,SOLIDARIEDADE,24,22,4,4,eleicao,4.0,0.8714311693035097,4.0,4.590150250417362,4.590150250417362,1.0,0.9298684918993181,True
2022,UNIAO,26,26,59,59,competitividade,122.0,86.4470337230634,142.0,1.4112687821172902,1.642624320169305,0.6399832206925158,0.05353698547109716,False
2022,UNIAO,26,26,59,59,eleicao,58.5,36.753758777916026,59.0,1.5916739388067835,1.605277989565816,0.9775242929801711,0.08942240716606065,False
2022,UP,13,13,0,0,competitividade,0.0,0.0,0.0,,,,,True
2022,UP,13,13,0,0,eleicao,0.0,0.0,0.0,,,,,True
