ano_eleicao,sg_partido_norm,alvo,n_listas,H_observado,E_esperado,lift,denominador_pequeno
2018,PATRI,competitivos,26,11.0,3.3254622005046457,3.3078108656086145,True
2018,PMN,competitivos,26,7.0,2.1996012759170656,3.182394953413334,True
2018,PSOL,competitivos,27,14.0,4.850396279566224,2.8863621017893477,True
2018,PDT,competitivos,27,34.0,14.30338903677413,2.3770590251433226,False
2018,REDE,competitivos,27,4.0,1.8415750915750915,2.172053704624565,True
2018,MDB,competitivos,27,63.0,29.083152958152958,2.1662025465618933,False
2018,AVANTE,competitivos,25,11.0,5.103084415584416,2.1555590901860984,False
2018,PSB,competitivos,27,47.0,22.28125552608311,2.109396391284162,False
2018,PODE,competitivos,27,20.0,9.508345195619889,2.1034154301858115,False
2018,PT,competitivos,26,85.5,41.63375374625375,2.053622176878379,False
2018,DEM,competitivos,27,44.0,21.78504171267329,2.0197344848049257,False
2018,PV,competitivos,27,18.0,9.032142857142858,1.9928825622775799,False
2018,PHS,competitivos,27,13.0,6.537497307074772,1.9885285437795308,False
2018,PROS,competitivos,27,21.0,10.60399499216645,1.9803856957225507,False
2018,PSDB,competitivos,27,56.0,28.439357211416038,1.9691021700561029,False
2018,PPS,competitivos,26,18.0,9.197402597402597,1.9570742728042927,False
2018,PSC,competitivos,27,20.0,10.308045440398383,1.9402320367756398,False
2018,PRB,competitivos,26,38.0,19.863090737383068,1.9130960283276863,False
2018,PRP,competitivos,25,6.0,3.138567572778099,1.9117001182450593,True
2018,PTC,competitivos,25,5.0,2.8405433646812956,1.7602266038846381,True
2018,PSD,competitivos,27,52.0,30.747033358798063,1.6912200729479658,False
2018,PTB,competitivos,26,22.0,13.249975579975578,1.6603804186060658,False
2018,PRTB,competitivos,24,3.0,1.8876068376068376,1.5893140140366766,True
2018,PP,competitivos,26,58.0,37.04371184371185,1.56571782667739,False
2018,PPL,competitivos,24,4.0,2.5656565656565657,1.5590551181102361,True
2018,PR,competitivos,27,54.0,34.6972027972028,1.5563214220932342,False
2018,SOLIDARIEDADE,competitivos,27,30.0,19.976619644723094,1.501755578948745,False
2018,PC DO B,competitivos,27,17.0,11.431623931623932,1.4871028037383178,False
2018,PSL,competitivos,27,7.0,4.911564811693037,1.425207702305993,True
2018,PMB,competitivos,18,2.0,1.5,1.3333333333333333,True
2018,NOVO,competitivos,19,1.0,0.7777777777777778,1.2857142857142856,True
2018,DC,competitivos,25,1.25,1.4030303030303028,0.8909287257019439,True
2018,PCB,competitivos,13,0.0,0.0,,True
2018,PCO,competitivos,4,0.0,0.0,,True
2018,PSTU,competitivos,16,0.0,0.0,,True
2018,PPL,eleitos,24,1.0,0.1111111111111111,9.0,True
2018,PSOL,eleitos,27,10.0,1.640258115867872,6.0966014453822295,True
2018,PMN,eleitos,26,3.0,0.5833333333333334,5.142857142857142,True
2018,REDE,eleitos,27,1.0,0.25,4.0,True
2018,PATRI,eleitos,26,3.0,0.8187058555479607,3.6643197061197235,True
2018,AVANTE,eleitos,25,6.0,1.7040043290043292,3.5211178151794216,True
2018,PRP,eleitos,25,2.0,0.5982190324295588,3.3432570539880024,True
2018,PHS,eleitos,27,3.0,1.0080840599150458,2.9759423041098563,True
2018,PROS,eleitos,27,7.0,2.524242424242424,2.7731092436974794,True
2018,PDT,eleitos,27,22.0,7.974035048802129,2.758954514917121,False
2018,PODE,eleitos,27,10.0,3.7315478281231704,2.6798530959817892,True
2018,PSC,eleitos,27,6.0,2.2869592281356987,2.6235710397387044,True
2018,PPS,eleitos,26,8.0,3.255844155844156,2.4571200638213004,True
2018,PSB,eleitos,27,29.0,13.081476569407602,2.2168751246185407,False
2018,NOVO,eleitos,19,7.0,3.259502923976608,2.1475667189952907,True
2018,PT,eleitos,26,56.0,26.29757326007326,2.129474056262939,False
2018,PV,eleitos,27,3.5,1.65,2.121212121212121,True
2018,MDB,eleitos,27,30.0,14.911904761904763,2.0118154239182497,False
2018,DEM,eleitos,27,26.0,13.062676358728991,1.9904037492765243,False
2018,PRB,eleitos,26,29.0,14.855416815114527,1.9521498697023552,False
2018,PSDB,eleitos,27,26.0,13.87274833010127,1.8741780201969684,False
2018,PSL,eleitos,27,21.5,11.887059733974434,1.8086894893403116,False
2018,PP,eleitos,26,37.0,21.748717948717946,1.701249705258194,False
2018,PSD,eleitos,27,32.0,19.370734657499366,1.6519765804345072,False
2018,PR,eleitos,27,33.0,20.41140526140526,1.6167431677228898,False
2018,SOLIDARIEDADE,eleitos,27,13.0,8.39396551724138,1.548731642189586,False
2018,PC DO B,eleitos,27,9.0,6.611111111111111,1.361344537815126,False
2018,PTC,eleitos,25,2.0,1.5,1.3333333333333333,True
2018,PTB,eleitos,26,9.0,6.944444444444444,1.296,False
2018,DC,eleitos,25,0.0,0.22727272727272727,0.0,True
2018,PCB,eleitos,13,0.0,0.0,,True
2018,PCO,eleitos,4,0.0,0.0,,True
2018,PMB,eleitos,18,0.0,0.0,,True
2018,PRTB,eleitos,24,0.0,0.0,,True
2018,PSTU,eleitos,16,0.0,0.0,,True
2022,PROS,competitivos,22,11.0,3.4037086887102874,3.231768933835537,True
2022,CIDADANIA,competitivos,23,15.0,5.249242424242424,2.8575552027709628,False
2022,PTB,competitivos,26,25.0,8.75479291423314,2.8555786807196943,False
2022,PMN,competitivos,15,2.0,0.7089522280208751,2.821064552661382,True
2022,PSC,competitivos,23,26.0,9.566579522140607,2.7177947917357894,False
2022,PDT,competitivos,27,43.83333333333333,17.416839885260934,2.5167213812666125,False
2022,PSDB,competitivos,25,44.5,19.991236417867597,2.225975375901571,False
2022,SOLIDARIEDADE,competitivos,24,27.0,12.208557400046761,2.211563505438946,False
2022,PL,competitivos,25,95.72307692307692,46.43830559649387,2.0612956414650947,False
2022,MDB,competitivos,25,73.0,36.404517786135436,2.0052456244263688,False
2022,REPUBLICANOS,competitivos,27,96.0,49.461937040270236,1.940886381417696,False
2022,REDE,competitivos,25,11.5,5.933333333333334,1.9382022471910112,False
2022,AVANTE,competitivos,21,27.333333333333332,14.191446448170412,1.9260428056547538,False
2022,PSOL,competitivos,27,15.0,7.885162252035316,1.902307082663797,False
2022,NOVO,competitivos,17,10.058823529411764,5.328205128205129,1.8878446470022077,False
2022,PV,competitivos,27,12.0,6.613636363636363,1.8144329896907216,False
2022,PRTB,competitivos,19,1.0,0.5555555555555556,1.7999999999999998,True
2022,PP,competitivos,25,97.16666666666667,54.24774458127742,1.7911650966628738,False
2022,PSB,competitivos,25,57.0,31.870770374875107,1.7884726139200948,False
2022,PATRIOTA,competitivos,26,26.0,14.763347905927443,1.7611181532585216,False
2022,PT,competitivos,27,96.0,54.74162699746224,1.753692852506018,False
2022,PSD,competitivos,26,98.66666666666666,57.95589453476144,1.702444030218311,False
2022,PODE,competitivos,26,45.5,27.937228411393697,1.628651179350477,False
2022,PMB,competitivos,16,1.0,0.6666666666666666,1.5,True
2022,PC DO B,competitivos,24,15.0,10.3,1.4563106796116503,False
2022,UNIAO,competitivos,26,122.0,86.4470337230634,1.4112687821172902,False
2022,AGIR,competitivos,22,1.0,0.8571428571428571,1.1666666666666667,True
2022,DC,competitivos,21,0.0,0.48,0.0,True
2022,PCB,competitivos,10,0.0,0.0,,True
2022,PCO,competitivos,13,0.0,0.0,,True
2022,PSTU,competitivos,13,0.0,0.0,,True
2022,UP,competitivos,13,0.0,0.0,,True
2022,PROS,eleitos,22,3.0,0.4890386343216532,6.134484659195297,True
2022,REDE,eleitos,25,2.0,0.36507936507936506,5.478260869565218,True
2022,SOLIDARIEDADE,eleitos,24,4.0,0.8714311693035097,4.590150250417362,True
2022,PSC,eleitos,23,6.0,1.5005002087753834,3.998666554599705,True
2022,AVANTE,eleitos,21,7.0,1.9273504273504274,3.631929046563193,True
2022,PATRIOTA,eleitos,26,4.0,1.1857585139318885,3.3733681462140996,True
2022,PSOL,eleitos,27,12.0,3.805241364280266,3.153545032029713,True
2022,NOVO,eleitos,17,2.0,0.7069597069597069,2.829015544041451,True
2022,PSDB,eleitos,25,12.0,4.927498325321438,2.435312852027646,True
2022,PODE,eleitos,26,10.5,4.486642106918432,2.340280269694106,True
2022,PDT,eleitos,27,17.0,7.360298619509146,2.309688896988492,False
2022,PSB,eleitos,25,13.0,5.733982536318681,2.2671851401114016,False
2022,PL,eleitos,25,79.6923076923077,35.3777479240601,2.2526111007227128,False
2022,CIDADANIA,eleitos,23,4.0,1.8138888888888889,2.2052067381316998,True
2022,PT,eleitos,27,68.0,31.377859541932768,2.1671331630867336,False
2022,MDB,eleitos,25,35.5,16.587088973118384,2.1402188206461386,False
2022,REPUBLICANOS,eleitos,27,40.0,18.784044685516296,2.1294668251530817,False
2022,PP,eleitos,25,47.0,22.400825801843293,2.0981369354755,False
2022,PSD,eleitos,26,40.0,21.49915249336185,1.8605384566833754,False
2022,PC DO B,eleitos,24,6.0,3.2333333333333334,1.8556701030927836,True
2022,UNIAO,eleitos,26,58.5,36.753758777916026,1.5916739388067835,False
2022,PV,eleitos,27,4.0,3.125,1.28,True
2022,PTB,eleitos,26,0.0,0.10638297872340426,0.0,True
2022,AGIR,eleitos,22,0.0,0.0,,True
2022,DC,eleitos,21,0.0,0.0,,True
2022,PCB,eleitos,10,0.0,0.0,,True
2022,PCO,eleitos,13,0.0,0.0,,True
2022,PMB,eleitos,16,0.0,0.0,,True
2022,PMN,eleitos,15,0.0,0.0,,True
2022,PRTB,eleitos,19,0.0,0.0,,True
2022,PSTU,eleitos,13,0.0,0.0,,True
2022,UP,eleitos,13,0.0,0.0,,True
2018+2022,PATRI,competitivos,26,11.0,3.3254622005046457,3.3078108656086145,True
2018+2022,PMN,competitivos,41,9.0,2.90855350393794,3.0943216233824637,True
2018+2022,CIDADANIA,competitivos,23,15.0,5.249242424242424,2.8575552027709628,False
2018+2022,PDT,competitivos,54,77.83333333333333,31.720228922035066,2.453744376329671,False
2018+2022,PSC,competitivos,50,46.0,19.874624962538988,2.3145090831501904,False
2018+2022,PROS,competitivos,49,32.0,14.007703680876741,2.284457233606838,False
2018+2022,PSOL,competitivos,54,29.0,12.73555853160154,2.2770889810635695,False
2018+2022,PTB,competitivos,52,47.0,22.004768494208722,2.1359006804534024,False
2018+2022,MDB,competitivos,52,136.0,65.4876707442884,2.076726786192215,False
2018+2022,PSDB,competitivos,52,100.5,48.43059362928363,2.075134588877567,False
2018+2022,PL,competitivos,25,95.72307692307692,46.43830559649387,2.0612956414650947,False
2018+2022,DEM,competitivos,27,44.0,21.78504171267329,2.0197344848049257,False
2018+2022,REDE,competitivos,52,15.5,7.774908424908426,1.993592612659301,False
2018+2022,PHS,competitivos,27,13.0,6.537497307074772,1.9885285437795308,False
2018+2022,AVANTE,competitivos,46,38.33333333333333,19.294530863754826,1.986746068303909,False
2018+2022,PPS,competitivos,26,18.0,9.197402597402597,1.9570742728042927,False
2018+2022,REPUBLICANOS,competitivos,27,96.0,49.461937040270236,1.940886381417696,False
2018+2022,PSB,competitivos,52,104.0,54.152025900958215,1.9205190991415841,False
2018+2022,PV,competitivos,54,30.0,15.645779220779222,1.9174500404656663,False
2018+2022,PRB,competitivos,26,38.0,19.863090737383068,1.9130960283276863,False
2018+2022,PRP,competitivos,25,6.0,3.138567572778099,1.9117001182450593,True
2018+2022,PT,competitivos,53,181.5,96.375380743716,1.8832610423885088,False
2018+2022,NOVO,competitivos,36,11.058823529411764,6.105982905982907,1.811145510835913,False
2018+2022,SOLIDARIEDADE,competitivos,51,57.0,32.18517704476986,1.77100159867732,False
2018+2022,PATRIOTA,competitivos,26,26.0,14.763347905927443,1.7611181532585216,False
2018+2022,PTC,competitivos,25,5.0,2.8405433646812956,1.7602266038846381,True
2018+2022,PODE,competitivos,53,65.5,37.445573607013586,1.7492054117641236,False
2018+2022,PP,competitivos,51,155.16666666666669,91.29145642498928,1.69968442549891,False
2018+2022,PSD,competitivos,53,150.66666666666666,88.7029278935595,1.698553477822756,False
2018+2022,PRTB,competitivos,43,4.0,2.4431623931623934,1.6372223193982858,True
2018+2022,PPL,competitivos,24,4.0,2.5656565656565657,1.5590551181102361,True
2018+2022,PR,competitivos,27,54.0,34.6972027972028,1.5563214220932342,False
2018+2022,PC DO B,competitivos,51,32.0,21.731623931623933,1.4725084559112718,False
2018+2022,PSL,competitivos,27,7.0,4.911564811693037,1.425207702305993,True
2018+2022,UNIAO,competitivos,26,122.0,86.4470337230634,1.4112687821172902,False
2018+2022,PMB,competitivos,34,3.0,2.1666666666666665,1.3846153846153848,True
2018+2022,AGIR,competitivos,22,1.0,0.8571428571428571,1.1666666666666667,True
2018+2022,DC,competitivos,46,1.25,1.8830303030303028,0.6638236240746702,True
2018+2022,PCB,competitivos,23,0.0,0.0,,True
2018+2022,PCO,competitivos,17,0.0,0.0,,True
2018+2022,PSTU,competitivos,29,0.0,0.0,,True
2018+2022,UP,competitivos,13,0.0,0.0,,True
2018+2022,PPL,eleitos,24,1.0,0.1111111111111111,9.0,True
2018+2022,PMN,eleitos,41,3.0,0.5833333333333334,5.142857142857142,True
2018+2022,REDE,eleitos,52,3.0,0.6150793650793651,4.877419354838709,True
2018+2022,PSOL,eleitos,54,22.0,5.445499480148138,4.0400334404956215,False
2018+2022,PATRI,eleitos,26,3.0,0.8187058555479607,3.6643197061197235,True
2018+2022,AVANTE,eleitos,46,13.0,3.631354756354756,3.5799311475284563,True
2018+2022,PATRIOTA,eleitos,26,4.0,1.1857585139318885,3.3733681462140996,True
2018+2022,PRP,eleitos,25,2.0,0.5982190324295588,3.3432570539880024,True
2018+2022,PROS,eleitos,49,10.0,3.0132810585640772,3.318641641999805,True
2018+2022,PSC,eleitos,50,12.0,3.787459436911082,3.1683507638531374,True
2018+2022,PHS,eleitos,27,3.0,1.0080840599150458,2.9759423041098563,True
2018+2022,PDT,eleitos,54,39.0,15.334333668311276,2.54331233711148,False
2018+2022,PODE,eleitos,53,20.5,8.218189935041602,2.4944665628364096,False
2018+2022,PPS,eleitos,26,8.0,3.255844155844156,2.4571200638213004,True
2018+2022,NOVO,eleitos,36,9.0,3.966462630936315,2.2690242761408492,True
2018+2022,PL,eleitos,25,79.6923076923077,35.3777479240601,2.2526111007227128,False
2018+2022,PSB,eleitos,52,42.0,18.815459105726283,2.2322070252974986,False
2018+2022,CIDADANIA,eleitos,23,4.0,1.8138888888888889,2.2052067381316998,True
2018+2022,PT,eleitos,53,124.0,57.67543280200602,2.149962193186821,False
2018+2022,REPUBLICANOS,eleitos,27,40.0,18.784044685516296,2.1294668251530817,False
2018+2022,MDB,eleitos,52,65.5,31.498993735023145,2.079431506637997,False
2018+2022,PSDB,eleitos,52,38.0,18.80024665542271,2.0212500770057367,False
2018+2022,DEM,eleitos,27,26.0,13.062676358728991,1.9904037492765243,False
2018+2022,PRB,eleitos,26,29.0,14.855416815114527,1.9521498697023552,False
2018+2022,PP,eleitos,51,84.0,44.14954375056124,1.902624418376513,False
2018+2022,SOLIDARIEDADE,eleitos,51,17.0,9.26539668654489,1.8347838279484805,False
2018+2022,PSL,eleitos,27,21.5,11.887059733974434,1.8086894893403116,False
2018+2022,PSD,eleitos,53,72.0,40.86988715086121,1.7616882506729117,False
2018+2022,PR,eleitos,27,33.0,20.41140526140526,1.6167431677228898,False
2018+2022,UNIAO,eleitos,26,58.5,36.753758777916026,1.5916739388067835,False
2018+2022,PV,eleitos,54,7.5,4.7749999999999995,1.5706806282722514,True
2018+2022,PC DO B,eleitos,51,15.0,9.844444444444445,1.5237020316027088,False
2018+2022,PTC,eleitos,25,2.0,1.5,1.3333333333333333,True
2018+2022,PTB,eleitos,52,9.0,7.050827423167847,1.2764459346186088,False
2018+2022,DC,eleitos,46,0.0,0.22727272727272727,0.0,True
2018+2022,AGIR,eleitos,22,0.0,0.0,,True
2018+2022,PCB,eleitos,23,0.0,0.0,,True
2018+2022,PCO,eleitos,17,0.0,0.0,,True
2018+2022,PMB,eleitos,34,0.0,0.0,,True
2018+2022,PRTB,eleitos,43,0.0,0.0,,True
2018+2022,PSTU,eleitos,29,0.0,0.0,,True
2018+2022,UP,eleitos,13,0.0,0.0,,True
