Ano,Partido,Indicador,N válido,Indefinidos,Média,Desvio-padrão,Mínimo,P25,Mediana,P75,Máximo
2018,AVANTE,Candidatos (C),25,0,13.24,24.057708397379276,1.0,2.0,6.0,9.0,96.0
2018,AVANTE,Competitivos (F),25,0,0.76,1.011599393699568,0.0,0.0,0.0,1.0,4.0
2018,AVANTE,Competitivos na lista (%),25,0,13.048160173160172,23.51256284188895,0.0,0.0,0.0,16.666666666666668,100.0
2018,AVANTE,Bancada pré-eleitoral (Mp),25,0,0.2,0.5,0.0,0.0,0.0,0.0,2.0
2018,AVANTE,Eleitos (E),25,0,0.28,0.7371114795831993,0.0,0.0,0.0,0.0,3.0
2018,AVANTE,NECr,22,3,2.698558569202192,2.3952703381192997,1.0,1.057361838859577,1.8050915892662303,2.766176129258343,9.936327314285148
2018,AVANTE,D = C − NECr,22,3,11.983259612615988,23.627853746524682,0.0,0.9570068063894291,3.305681313150537,6.407645765868223,86.06367268571485
2018,AVANTE,Q = C / NECr,22,3,4.462665212882476,4.596308380228294,1.0,1.4573438741233142,2.5605915956171232,5.845240835318647,19.863840330332227
2018,AVANTE,NECr / Mp (Mp > 0),4,21,2.192054622263279,2.684948246828724,0.508271609539987,0.8770679023849968,1.0287372904980119,2.3437240103762944,6.202472298517105
2018,AVANTE,NECr / E (E > 0),4,21,1.9813232807890069,0.4035891303904903,1.4413755595750861,1.8603256182630594,2.0337332019990426,2.15473086452499,2.4164511595828553
2018,AVANTE,NECr − E,22,3,2.380376751020374,2.3243798479143236,0.8827511191501722,1.0041358047699935,1.5071651144186506,2.112552532834945,9.936327314285148
2018,AVANTE,Cobertura Top-NECr por lista (%),4,21,91.66666666666667,16.666666666666664,66.66666666666667,91.66666666666667,100.0,100.0,100.0
2018,AVANTE,Precisão Top-NECr por lista (%),22,3,9.090909090909092,20.397681634573473,0.0,0.0,0.0,0.0,66.66666666666667
2018,DC,Candidatos (C),25,0,7.84,9.711161962745068,1.0,2.0,3.0,11.0,44.0
2018,DC,Competitivos (F),25,0,0.2,0.5,0.0,0.0,0.0,0.0,2.0
2018,DC,Competitivos na lista (%),25,0,1.1454545454545455,2.7718301799855833,0.0,0.0,0.0,0.0,9.090909090909092
2018,DC,Bancada pré-eleitoral (Mp),25,0,0.0,0.0,0.0,0.0,0.0,0.0,0.0
2018,DC,Eleitos (E),25,0,0.04,0.2,0.0,0.0,0.0,0.0,1.0
2018,DC,NECr,24,1,4.022380486126823,4.311574980988755,1.0,1.0,1.9021803234135441,4.920631173521783,18.522776061384633
2018,DC,D = C − NECr,24,1,4.06095284720651,7.167366552930228,0.0,0.052969521316161394,1.7354567382927963,6.1333786120083875,33.75607493971434
2018,DC,Q = C / NECr,24,1,2.0354754450484456,1.4504967585566428,1.0,1.0053346284939795,1.3348545997131072,2.498691710208221,6.7938469550151614
2018,DC,NECr / Mp (Mp > 0),0,25,,,,,,,
2018,DC,NECr / E (E > 0),1,24,10.243925060285664,,10.243925060285664,10.243925060285664,10.243925060285664,10.243925060285664,10.243925060285664
2018,DC,NECr − E,24,1,3.980713819460157,4.253274221977821,1.0,1.0,1.9021803234135441,4.920631173521783,18.522776061384633
2018,DC,Cobertura Top-NECr por lista (%),1,24,0.0,,0.0,0.0,0.0,0.0,0.0
2018,DC,Precisão Top-NECr por lista (%),24,1,0.0,0.0,0.0,0.0,0.0,0.0,0.0
2018,DEM,Candidatos (C),27,0,6.222222222222222,7.904883268409439,1.0,2.0,4.0,6.0,38.0
2018,DEM,Competitivos (F),27,0,1.6296296296296295,2.186464447601831,0.0,0.5,1.0,2.0,9.0
2018,DEM,Competitivos na lista (%),27,0,33.6976749696048,31.001659570279752,0.0,6.25,28.571428571428573,50.0,100.0
2018,DEM,Bancada pré-eleitoral (Mp),27,0,1.5555555555555556,1.6251232694862385,0.0,1.0,1.0,1.5,7.0
2018,DEM,Eleitos (E),27,0,1.0740740740740742,1.356634011240998,0.0,0.0,1.0,1.0,5.0
2018,DEM,NECr,25,2,2.458766874434509,2.1854688397344946,1.0,1.1512894306190395,1.4013782896949674,2.96465485761948,8.389786520975568
2018,DEM,D = C − NECr,25,2,3.9812331255654914,6.308040334410472,0.0,0.5986217103050326,2.0,4.035345142380519,29.61021347902443
2018,DEM,Q = C / NECr,25,2,2.445918754609122,1.464833465197366,1.0,1.4271663937617673,2.0,3.0,6.677685950413222
2018,DEM,NECr / Mp (Mp > 0),23,4,1.3187143419844052,0.5129846135832012,0.6449664429530202,1.0,1.1699531045814147,1.3824068500597164,2.96465485761948
2018,DEM,NECr / E (E > 0),16,11,1.5689032967286556,0.7785856964002703,0.8417972759973468,1.0,1.3266841481652527,1.974131500736021,3.8383070023142576
2018,DEM,NECr − E,25,2,1.298766874434509,1.3333928471562642,-0.31640544800530646,0.1980198019801982,1.1512894306190395,1.817177052122326,4.3897865209755675
2018,DEM,Cobertura Top-NECr por lista (%),16,11,90.9375,25.44397440128671,0.0,100.0,100.0,100.0,100.0
2018,DEM,Precisão Top-NECr por lista (%),25,2,45.452380952380956,43.58565666730492,0.0,0.0,50.0,100.0,100.0
2018,MDB,Candidatos (C),27,0,11.25925925925926,13.224663999200052,1.0,3.0,7.0,14.5,63.0
2018,MDB,Competitivos (F),27,0,2.6666666666666665,2.1483446221182985,0.0,1.0,2.0,3.5,8.0
2018,MDB,Competitivos na lista (%),27,0,35.24645930201486,22.7066331569547,0.0,20.833333333333336,33.333333333333336,41.42857142857143,100.0
2018,MDB,Bancada pré-eleitoral (Mp),27,0,1.8888888888888888,1.5021352323976216,0.0,1.0,1.0,3.0,5.0
2018,MDB,Eleitos (E),27,0,1.2592592592592593,1.2276491791723345,0.0,0.0,1.0,2.0,4.0
2018,MDB,NECr,27,0,3.267706541951364,2.6850007876942077,1.0,1.3697164770782182,2.1246654525298916,3.4439195818019246,10.106729122706541
2018,MDB,D = C − NECr,27,0,7.991552717307896,11.412253917827794,0.0,1.6757729462312243,3.820156991432844,9.250876465146616,53.7939692877314
2018,MDB,Q = C / NECr,27,0,3.2969810970556575,2.166338441103885,1.0,2.046668784997064,2.3351800554016617,3.9175326806558814,9.881701213554804
2018,MDB,NECr / Mp (Mp > 0),24,3,1.6310599995561308,0.7688085021742143,0.905611720672996,1.094469802888657,1.2659742235554312,2.047175731538454,3.6430974001337475
2018,MDB,NECr / E (E > 0),18,9,2.017088072357787,0.8969353475976327,1.0,1.5313681319831576,1.9286968479947282,2.121106371242431,4.603015356134298
2018,MDB,NECr − E,27,0,2.008447282692104,1.8521191023238084,0.0,1.0656277825271179,1.3637565986407543,2.4727047243446636,7.206030712268596
2018,MDB,Cobertura Top-NECr por lista (%),18,9,88.42592592592592,26.373834715281006,0.0,100.0,100.0,100.0,100.0
2018,MDB,Precisão Top-NECr por lista (%),27,0,36.61522633744856,35.815359985676416,0.0,0.0,33.333333333333336,58.333333333333336,100.0
2018,NOVO,Candidatos (C),19,0,11.789473684210526,11.57381598152783,2.0,5.0,6.0,16.0,45.0
2018,NOVO,Competitivos (F),19,0,0.10526315789473684,0.3153017676423058,0.0,0.0,0.0,0.0,1.0
2018,NOVO,Competitivos na lista (%),19,0,0.4093567251461988,1.3461588047266704,0.0,0.0,0.0,0.0,5.555555555555555
2018,NOVO,Bancada pré-eleitoral (Mp),19,0,0.0,0.0,0.0,0.0,0.0,0.0,0.0
2018,NOVO,Eleitos (E),19,0,0.42105263157894735,0.837707816583391,0.0,0.0,0.0,0.5,3.0
2018,NOVO,NECr,19,0,6.731949624834705,4.05965275580802,1.9746101538070058,3.644654664048674,4.591900645271427,10.26161446178807,14.888526341174165
2018,NOVO,D = C − NECr,19,0,5.05752405937582,8.861096614482667,0.0,0.3209669060707223,1.4080993547285727,5.7866546777122885,35.02267841674206
2018,NOVO,Q = C / NECr,19,0,1.5932678274376357,0.8855824100129204,1.0,1.0537264767247703,1.3412027516034957,1.6215375477450564,4.51022848411647
2018,NOVO,NECr / Mp (Mp > 0),0,19,,,,,,,
2018,NOVO,NECr / E (E > 0),5,14,8.468941187667252,3.190306857752396,3.3257738610859797,7.4442631705870825,10.023453555310468,10.499775368265674,11.051439983087063
2018,NOVO,NECr − E,19,0,6.31089699325576,3.6088583084348533,1.9746101538070058,3.644654664048674,4.591900645271427,9.26161446178807,12.888526341174165
2018,NOVO,Cobertura Top-NECr por lista (%),5,14,93.33333333333334,14.907119849998596,66.66666666666667,100.0,100.0,100.0,100.0
2018,NOVO,Precisão Top-NECr por lista (%),19,0,3.2854864433811803,6.033832408703455,0.0,0.0,0.0,4.545454545454546,20.0
2018,PATRI,Candidatos (C),26,0,13.692307692307692,19.579109746399055,1.0,2.25,5.5,16.0,91.0
2018,PATRI,Competitivos (F),26,0,0.5384615384615384,0.9891721480417544,0.0,0.0,0.0,1.0,4.0
2018,PATRI,Competitivos na lista (%),26,0,5.601369956208666,19.527526694621038,0.0,0.0,0.0,4.1031549096065225,100.0
2018,PATRI,Bancada pré-eleitoral (Mp),26,0,0.19230769230769232,0.4914656259988704,0.0,0.0,0.0,0.0,2.0
2018,PATRI,Eleitos (E),26,0,0.19230769230769232,0.49146562599887034,0.0,0.0,0.0,0.0,2.0
2018,PATRI,NECr,18,8,2.7371510601858904,2.3822202805393418,1.0,1.0,2.0403854220847033,3.0871899686870257,8.856005948272141
2018,PATRI,D = C − NECr,18,8,14.540626717591888,21.901573356302855,0.0,1.0000003823797377,5.441873354208649,24.155909232033515,85.9211854623003
2018,PATRI,Q = C / NECr,18,8,6.8937768462812965,7.245885765641056,1.0,1.4366660166291219,2.6410480457300602,13.19726683337801,22.272832937587246
2018,PATRI,NECr / Mp (Mp > 0),4,22,1.5091945052417142,0.6318095709550307,1.0,1.065044640449225,1.3290736518289097,1.7732235166213985,2.378630717309037
2018,PATRI,NECr / E (E > 0),4,22,3.1058851447463236,3.8429310725392978,0.9961135143209675,0.9990283785802418,1.2857105581960928,3.392567324362175,8.856005948272141
2018,PATRI,NECr − E,18,8,2.4593732824081127,2.4087268833323257,-0.007772971358064984,1.0,1.544271907763736,3.0871899686870257,8.013371782908537
2018,PATRI,Cobertura Top-NECr por lista (%),4,22,62.5,47.871355387816905,0.0,37.5,75.0,100.0,100.0
2018,PATRI,Precisão Top-NECr por lista (%),18,8,11.11111111111111,27.41594402766581,0.0,0.0,0.0,0.0,100.0
2018,PC DO B,Candidatos (C),27,0,4.407407407407407,5.387016151817536,1.0,1.5,2.0,4.0,26.0
2018,PC DO B,Competitivos (F),27,0,0.6666666666666666,0.6793662204867575,0.0,0.0,1.0,1.0,2.0
2018,PC DO B,Competitivos na lista (%),27,0,34.81323203545426,42.673111186499504,0.0,0.0,11.11111111111111,83.33333333333334,100.0
2018,PC DO B,Bancada pré-eleitoral (Mp),27,0,0.37037037037037035,0.5648790304908823,0.0,0.0,0.0,1.0,2.0
2018,PC DO B,Eleitos (E),27,0,0.3333333333333333,0.6201736729460423,0.0,0.0,0.0,0.5,2.0
2018,PC DO B,NECr,27,0,1.469379508982241,0.7776235989978769,1.0,1.0,1.001158056594264,1.910690613665424,3.8478426648946997
2018,PC DO B,D = C − NECr,27,0,2.9380278984251667,4.962609358590326,0.0,0.0009473525430980789,1.0,3.0,22.1521573351053
2018,PC DO B,Q = C / NECr,27,0,2.975049961987232,3.1589079347751436,1.0,1.000474125435486,1.9893075491512093,3.007835915238921,15.0
2018,PC DO B,NECr / Mp (Mp > 0),9,18,1.2331770398500577,0.43516905624961694,0.9990526474569019,1.0,1.0,1.1015322249192256,2.010749922357006
2018,PC DO B,NECr / E (E > 0),7,20,1.0153025557355562,0.038080493677551876,0.9990526474569019,1.0,1.0,1.0032665088863835,1.1015322249192256
2018,PC DO B,NECr − E,27,0,1.1360461756489075,0.998656592517568,-0.0018947050861961579,0.5507661124596128,1.0,1.48379015029222,3.8478426648946997
2018,PC DO B,Cobertura Top-NECr por lista (%),7,20,100.0,0.0,100.0,100.0,100.0,100.0,100.0
2018,PC DO B,Precisão Top-NECr por lista (%),27,0,25.925925925925927,44.65760847047225,0.0,0.0,0.0,50.0,100.0
2018,PCB,Candidatos (C),13,0,2.3846153846153846,3.0424349222966556,1.0,1.0,1.0,2.0,12.0
2018,PCB,Competitivos (F),13,0,0.0,0.0,0.0,0.0,0.0,0.0,0.0
2018,PCB,Competitivos na lista (%),13,0,0.0,0.0,0.0,0.0,0.0,0.0,0.0
2018,PCB,Bancada pré-eleitoral (Mp),13,0,0.0,0.0,0.0,0.0,0.0,0.0,0.0
2018,PCB,Eleitos (E),13,0,0.0,0.0,0.0,0.0,0.0,0.0,0.0
2018,PCB,NECr,12,1,1.5046360418429525,0.7018913886823009,1.0,1.0,1.0,2.0,3.13026549147838
2018,PCB,D = C − NECr,12,1,0.9953639581570476,2.544180674181129,0.0,0.0,0.0,0.4312399440485368,8.86973450852162
2018,PCB,Q = C / NECr,12,1,1.3597354444557805,0.8235395736411099,1.0,1.0,1.0,1.2280740637183853,3.833540647803829
2018,PCB,NECr / Mp (Mp > 0),0,13,,,,,,,
2018,PCB,NECr / E (E > 0),0,13,,,,,,,
2018,PCB,NECr − E,12,1,1.5046360418429525,0.7018913886823009,1.0,1.0,1.0,2.0,3.13026549147838
2018,PCB,Cobertura Top-NECr por lista (%),0,13,,,,,,,
2018,PCB,Precisão Top-NECr por lista (%),12,1,0.0,0.0,0.0,0.0,0.0,0.0,0.0
2018,PCO,Candidatos (C),4,0,1.25,0.5,1.0,1.0,1.0,1.25,2.0
2018,PCO,Competitivos (F),4,0,0.0,0.0,0.0,0.0,0.0,0.0,0.0
2018,PCO,Competitivos na lista (%),4,0,0.0,0.0,0.0,0.0,0.0,0.0,0.0
2018,PCO,Bancada pré-eleitoral (Mp),4,0,0.0,0.0,0.0,0.0,0.0,0.0,0.0
2018,PCO,Eleitos (E),4,0,0.0,0.0,0.0,0.0,0.0,0.0,0.0
2018,PCO,NECr,4,0,1.2159632402995235,0.43192648059904704,1.0,1.0,1.0,1.2159632402995235,1.863852961198094
2018,PCO,D = C − NECr,4,0,0.03403675970047648,0.06807351940095296,0.0,0.0,0.0,0.03403675970047648,0.13614703880190593
2018,PCO,Q = C / NECr,4,0,1.0182615047479913,0.03652300949598242,1.0,1.0,1.0,1.0182615047479913,1.0730460189919648
2018,PCO,NECr / Mp (Mp > 0),0,4,,,,,,,
2018,PCO,NECr / E (E > 0),0,4,,,,,,,
2018,PCO,NECr − E,4,0,1.2159632402995235,0.43192648059904704,1.0,1.0,1.0,1.2159632402995235,1.863852961198094
2018,PCO,Cobertura Top-NECr por lista (%),0,4,,,,,,,
2018,PCO,Precisão Top-NECr por lista (%),4,0,0.0,0.0,0.0,0.0,0.0,0.0,0.0
2018,PDT,Candidatos (C),27,0,9.962962962962964,11.888848949529528,1.0,3.0,4.0,11.5,49.0
2018,PDT,Competitivos (F),27,0,1.8148148148148149,1.9618875729773224,0.0,0.5,1.0,2.5,7.0
2018,PDT,Competitivos na lista (%),27,0,27.672985565670178,31.019530586859656,0.0,4.0,14.285714285714286,41.42857142857143,100.0
2018,PDT,Bancada pré-eleitoral (Mp),27,0,0.7037037037037037,0.8234456132997966,0.0,0.0,1.0,1.0,3.0
2018,PDT,Eleitos (E),27,0,1.037037037037037,1.285465539180904,0.0,0.0,1.0,1.0,6.0
2018,PDT,NECr,27,0,2.3208419921145182,1.4751770053431286,1.0,1.1708994372752444,1.939733648399493,2.940472544800582,6.764354286202949
2018,PDT,D = C − NECr,27,0,7.6421209708484445,10.968197970660226,0.0,1.0,2.7617881997161784,8.424144523309117,44.3614787636577
2018,PDT,Q = C / NECr,27,0,3.706887413072207,3.2232045201981805,1.0,1.605395236869597,2.6316337148803326,5.018181175282741,15.046815076208206
2018,PDT,NECr / Mp (Mp > 0),14,13,1.7946187200791341,0.983249734582391,1.0,1.1682083393272773,1.489100186840462,1.947620910066833,4.638521236342301
2018,PDT,NECr / E (E > 0),17,10,2.039933581728004,1.662022884385289,0.522981751705677,1.0,1.3299494555406461,2.3192606181711506,6.764354286202949
2018,PDT,NECr − E,27,0,1.2838049550774815,1.595363318017461,-2.8621094897659383,0.284407262928864,1.2382118002838216,1.9154241147630402,5.764354286202949
2018,PDT,Cobertura Top-NECr por lista (%),17,10,90.19607843137256,22.094198215170465,33.333333333333336,100.0,100.0,100.0,100.0
2018,PDT,Precisão Top-NECr por lista (%),27,0,40.09700176366843,39.75210223640706,0.0,0.0,33.333333333333336,70.83333333333334,100.0
2018,PHS,Candidatos (C),27,0,10.962962962962964,17.093591875053153,2.0,3.0,5.0,10.5,71.0
2018,PHS,Competitivos (F),27,0,0.7777777777777778,1.2506408613597124,0.0,0.0,0.0,1.0,5.0
2018,PHS,Competitivos na lista (%),27,0,9.429973029347051,14.98284984911986,0.0,0.0,0.0,16.233766233766236,50.0
2018,PHS,Bancada pré-eleitoral (Mp),27,0,0.14814814814814814,0.36201399289824565,0.0,0.0,0.0,0.0,1.0
2018,PHS,Eleitos (E),27,0,0.2222222222222222,0.5773502691896258,0.0,0.0,0.0,0.0,2.0
2018,PHS,NECr,26,1,3.071087328418782,1.6229854989001526,1.0,2.043879971957609,2.5038118073738502,3.9809507866693687,7.996844343058318
2018,PHS,D = C − NECr,26,1,8.236604979273526,17.32100749743585,0.005924337623174125,0.7134608017847727,1.8737132418232796,5.8662590617590515,68.82448011216957
2018,PHS,Q = C / NECr,26,1,4.343963099940745,7.787052760647989,1.0014832812705527,1.2767946642964145,1.525408642616413,3.3522262086456314,32.635877243487585
2018,PHS,NECr / Mp (Mp > 0),4,23,2.885580858196258,1.3186119770231663,1.3817776916774414,1.9770843387921875,3.0832350393653822,3.9917315587694526,3.994075662376826
2018,PHS,NECr / E (E > 0),4,23,2.8691558307134724,2.172065904875894,1.0877599439152181,1.8427105080555104,2.177880000301806,3.204325322959768,6.033103378335058
2018,PHS,NECr − E,26,1,2.8403180976495506,1.6646262080311207,0.17551988783043626,1.9179164777205708,2.446557673405805,3.719545727719942,7.996844343058318
2018,PHS,Cobertura Top-NECr por lista (%),4,23,50.0,40.824829046386306,0.0,37.5,50.0,62.5,100.0
2018,PHS,Precisão Top-NECr por lista (%),26,1,3.525641025641026,11.09881798588303,0.0,0.0,0.0,0.0,50.0
2018,PMB,Candidatos (C),18,0,5.333333333333333,8.622815153792327,1.0,1.0,2.0,5.0,37.0
2018,PMB,Competitivos (F),18,0,0.16666666666666666,0.38348249442368526,0.0,0.0,0.0,0.0,1.0
2018,PMB,Competitivos na lista (%),18,0,8.88888888888889,25.642081426227495,0.0,0.0,0.0,0.0,100.0
2018,PMB,Bancada pré-eleitoral (Mp),18,0,0.0,0.0,0.0,0.0,0.0,0.0,0.0
2018,PMB,Eleitos (E),18,0,0.0,0.0,0.0,0.0,0.0,0.0,0.0
2018,PMB,NECr,10,8,1.3958850296413194,0.8322671926917019,1.0,1.0,1.0425981373124107,1.281629849703945,3.6584590283211242
2018,PMB,D = C − NECr,10,8,5.804114970358681,11.122115122413211,0.0,0.0,1.1435533234442066,5.893989260712106,35.65616774187287
2018,PMB,Q = C / NECr,10,8,5.424478550688418,8.44592120529884,1.0,1.0,1.6317236230623315,4.484865326235584,27.533198266550095
2018,PMB,NECr / Mp (Mp > 0),0,18,,,,,,,
2018,PMB,NECr / E (E > 0),0,18,,,,,,,
2018,PMB,NECr − E,10,8,1.3958850296413194,0.8322671926917019,1.0,1.0,1.0425981373124107,1.281629849703945,3.6584590283211242
2018,PMB,Cobertura Top-NECr por lista (%),0,18,,,,,,,
2018,PMB,Precisão Top-NECr por lista (%),10,8,0.0,0.0,0.0,0.0,0.0,0.0,0.0
2018,PMN,Candidatos (C),26,0,6.3076923076923075,8.84881565304298,1.0,2.0,3.5,6.5,44.0
2018,PMN,Competitivos (F),26,0,0.34615384615384615,0.6287961636211018,0.0,0.0,0.0,0.75,2.0
2018,PMN,Competitivos na lista (%),26,0,6.828303275671697,14.97930057503587,0.0,0.0,0.0,1.7045454545454546,50.0
2018,PMN,Bancada pré-eleitoral (Mp),26,0,0.0,0.0,0.0,0.0,0.0,0.0,0.0
2018,PMN,Eleitos (E),26,0,0.11538461538461539,0.43145549730400484,0.0,0.0,0.0,0.0,2.0
2018,PMN,NECr,26,0,1.5765688753178524,0.9976685794088135,1.0,1.0,1.0,2.1204013286494017,5.2742683245762105
2018,PMN,D = C − NECr,26,0,4.7311234323744555,8.128779250807542,0.0,0.3510999676480101,2.0,4.25,38.72573167542379
2018,PMN,Q = C / NECr,26,0,3.733733379555067,3.762573528261586,1.0,1.241067796006957,2.5900754422476586,4.0,17.399504377223174
2018,PMN,NECr / Mp (Mp > 0),0,26,,,,,,,
2018,PMN,NECr / E (E > 0),2,24,1.4284383189793797,0.045875221969279865,1.3959996384364637,1.4122189787079216,1.4284383189793797,1.4446576592508376,1.4608769995222954
2018,PMN,NECr − E,26,0,1.461184259933237,0.998139732857218,0.46087699952229544,1.0,1.0,1.7181615621478419,5.2742683245762105
2018,PMN,Cobertura Top-NECr por lista (%),2,24,100.0,0.0,100.0,100.0,100.0,100.0,100.0
2018,PMN,Precisão Top-NECr por lista (%),26,0,6.410256410256411,23.130990792500327,0.0,0.0,0.0,0.0,100.0
2018,PODE,Candidatos (C),27,0,7.888888888888889,15.335562825650944,1.0,1.5,3.0,5.0,73.0
2018,PODE,Competitivos (F),27,0,0.7777777777777778,1.0127393670836666,0.0,0.0,1.0,1.0,5.0
2018,PODE,Competitivos na lista (%),27,0,26.191600063265533,35.37159939435677,0.0,0.0,7.6923076923076925,41.66666666666667,100.0
2018,PODE,Bancada pré-eleitoral (Mp),27,0,0.5925925925925926,0.8883545402449347,0.0,0.0,0.0,1.0,4.0
2018,PODE,Eleitos (E),27,0,0.4074074074074074,0.693888666488711,0.0,0.0,0.0,1.0,3.0
2018,PODE,NECr,23,4,2.051037342906257,1.576074002824626,1.0,1.0,1.061074074082154,2.2737329651736653,5.999999999999999
2018,PODE,D = C − NECr,23,4,6.862006135354613,15.700841794830186,0.0,0.469462962958923,1.0,2.9922723007809546,67.83324947305852
2018,PODE,Q = C / NECr,23,4,3.602194336065142,4.405541910781176,1.0,1.0959715657500664,2.0,3.387734304520699,18.63739397274617
2018,PODE,NECr / Mp (Mp > 0),12,15,1.3473223164359227,0.4071337849824082,1.0,1.0,1.1755793817284244,1.5929148351022646,2.0389116662752396
2018,PODE,NECr / E (E > 0),9,18,1.6308341297944642,0.8504451542518858,1.0,1.0594711317214769,1.5102172374604046,1.7222501756471627,3.68201525605569
2018,PODE,NECr − E,23,4,1.5727764733410399,1.5753663153290784,0.0,0.8212396465916446,1.0,2.102831096608364,5.999999999999999
2018,PODE,Cobertura Top-NECr por lista (%),9,18,88.88888888888889,33.333333333333336,0.0,100.0,100.0,100.0,100.0
2018,PODE,Precisão Top-NECr por lista (%),23,4,26.52173913043478,39.841583536000755,0.0,0.0,0.0,50.0,100.0
2018,PP,Candidatos (C),26,0,5.346153846153846,4.117691661038331,1.0,2.25,4.5,7.75,18.0
2018,PP,Competitivos (F),26,0,2.1153846153846154,1.5576115838532552,0.0,1.0,2.0,3.0,5.0
2018,PP,Competitivos na lista (%),26,0,51.0493566262797,33.50533752839909,0.0,25.694444444444443,50.0,66.66666666666667,100.0
2018,PP,Bancada pré-eleitoral (Mp),26,0,1.8846153846153846,1.608152308133109,0.0,1.0,1.0,2.0,6.0
2018,PP,Eleitos (E),26,0,1.4230769230769231,1.1374735838014673,0.0,1.0,1.0,2.0,4.0
2018,PP,NECr,26,0,2.8511788464914307,1.751715460777469,1.0,1.0790799822347636,2.1515719288051223,4.034045693513459,6.564267901109525
2018,PP,D = C − NECr,26,0,2.4949749996624155,2.7018282273232153,0.0,0.9500825412943277,2.0497696053941894,3.033739539949347,11.435732098890476
2018,PP,Q = C / NECr,26,0,1.786560677868192,0.6679528015429826,1.0,1.2794007215047278,1.6102339005329633,2.098891584079294,3.128114185361822
2018,PP,NECr / Mp (Mp > 0),24,2,1.6729390370625545,0.9035569909655811,0.5,1.0,1.4003091091015567,1.9079571602273888,4.0667005895863015
2018,PP,NECr / E (E > 0),22,4,1.9739170446435645,0.8830732232567425,1.0,1.279619419331761,1.8630931816418101,2.1988325090737244,4.0667005895863015
2018,PP,NECr − E,26,0,1.4281019234145076,1.087299259650735,0.0,0.8678493377656313,1.0646011572564071,2.1449916003321694,4.245626436889376
2018,PP,Cobertura Top-NECr por lista (%),22,4,100.0,0.0,100.0,100.0,100.0,100.0,100.0
2018,PP,Precisão Top-NECr por lista (%),26,0,51.556776556776555,32.54003156547679,0.0,33.333333333333336,50.0,76.66666666666667,100.0
2018,PPL,Candidatos (C),24,0,10.25,13.607063383149336,1.0,2.0,3.0,14.0,51.0
2018,PPL,Competitivos (F),24,0,0.16666666666666666,0.38069349381344053,0.0,0.0,0.0,0.0,1.0
2018,PPL,Competitivos na lista (%),24,0,12.689393939393938,33.72275964250755,0.0,0.0,0.0,0.0,100.0
2018,PPL,Bancada pré-eleitoral (Mp),24,0,0.041666666666666664,0.20412414523193154,0.0,0.0,0.0,0.0,1.0
2018,PPL,Eleitos (E),24,0,0.041666666666666664,0.20412414523193154,0.0,0.0,0.0,0.0,1.0
2018,PPL,NECr,17,7,5.8918121860928805,7.440609047773591,1.0,1.0,2.4237115598855556,7.5796407386066145,26.91578513746165
2018,PPL,D = C − NECr,17,7,7.519952519789473,10.083070106833407,0.0,0.0017402956762353483,3.4662576687116564,9.420359261393386,30.071992600441888
2018,PPL,Q = C / NECr,17,7,3.5469492661193236,6.467646975224121,1.0,1.0005804352684078,1.8947988973584764,2.1910799265715646,28.0
2018,PPL,NECr / Mp (Mp > 0),1,23,1.3180527383367138,,1.3180527383367138,1.3180527383367138,1.3180527383367138,1.3180527383367138,1.3180527383367138
2018,PPL,NECr / E (E > 0),1,23,1.3180527383367138,,1.3180527383367138,1.3180527383367138,1.3180527383367138,1.3180527383367138,1.3180527383367138
2018,PPL,NECr − E,17,7,5.832988656681116,7.482860847442742,0.31805273833671377,1.0,2.4237115598855556,7.5796407386066145,26.91578513746165
2018,PPL,Cobertura Top-NECr por lista (%),1,23,100.0,,100.0,100.0,100.0,100.0,100.0
2018,PPL,Precisão Top-NECr por lista (%),17,7,5.882352941176471,24.2535625036333,0.0,0.0,0.0,0.0,100.0
2018,PPS,Candidatos (C),26,0,4.846153846153846,6.341560108946742,1.0,1.0,2.5,4.75,30.0
2018,PPS,Competitivos (F),26,0,0.6538461538461539,0.8918433805240781,0.0,0.0,0.5,1.0,4.0
2018,PPS,Competitivos na lista (%),26,0,24.768564768564772,35.963836924869476,0.0,0.0,3.5714285714285716,35.60606060606061,100.0
2018,PPS,Bancada pré-eleitoral (Mp),26,0,0.3076923076923077,0.5491251783869152,0.0,0.0,0.0,0.75,2.0
2018,PPS,Eleitos (E),26,0,0.3076923076923077,0.5491251783869152,0.0,0.0,0.0,0.75,2.0
2018,PPS,NECr,25,1,2.1159266220535757,2.2118519837480415,1.0,1.0,1.1642292302617177,2.3503799515595722,10.932621249765607
2018,PPS,D = C − NECr,25,1,2.8840733779464243,4.388720973898382,0.0,0.0,1.3827958840201933,2.835770769738282,19.067378750234393
2018,PPS,Q = C / NECr,25,1,2.151006292480875,1.1808012913085608,1.0,1.0,1.9039143380236367,2.7440811599179105,4.948442956073951
2018,PPS,NECr / Mp (Mp > 0),6,20,1.294012612439696,0.4513256720292309,1.0,1.012616857289402,1.1073483297096631,1.3280739882123487,2.1666901076896243
2018,PPS,NECr / E (E > 0),7,19,2.3893931356430618,1.7426948517961414,1.0504674291576086,1.2734590688954717,1.6959479705588199,2.7557737531877384,5.920870905618585
2018,PPS,NECr − E,25,1,1.7959266220535754,2.162734786483309,0.0504674291576086,1.0,1.0,2.3333802153792487,10.932621249765607
2018,PPS,Cobertura Top-NECr por lista (%),7,19,100.0,0.0,100.0,100.0,100.0,100.0,100.0
2018,PPS,Precisão Top-NECr por lista (%),25,1,18.000000000000004,34.33225456773417,0.0,0.0,0.0,16.666666666666668,100.0
2018,PR,Candidatos (C),27,0,5.62962962962963,9.15737680002029,1.0,1.0,3.0,5.5,44.0
2018,PR,Competitivos (F),27,0,1.8888888888888888,1.6486202467362574,0.0,1.0,1.0,2.0,6.0
2018,PR,Competitivos na lista (%),27,0,52.71962605295939,35.98002927682826,0.0,19.615384615384613,50.0,100.0,100.0
2018,PR,Bancada pré-eleitoral (Mp),27,0,1.4814814814814814,1.7180125004105622,0.0,0.5,1.0,1.5,6.0
2018,PR,Eleitos (E),27,0,1.2222222222222223,1.3397282541141673,0.0,1.0,1.0,1.0,7.0
2018,PR,NECr,27,0,2.550423389485706,2.824661917905449,1.0,1.0,1.923076923076923,2.858389769440393,14.631172583326656
2018,PR,D = C − NECr,27,0,3.079206240143924,6.574655531748268,0.0,0.0,0.8799537170957479,2.4377308835340266,29.368827416673344
2018,PR,Q = C / NECr,27,0,1.8575619558022995,1.2138679141130606,1.0,1.0,1.5492490379796549,2.0559339008266417,5.441408
2018,PR,NECr / Mp (Mp > 0),20,7,1.4377366387220718,0.5709172646015496,0.9684315819812489,1.0,1.1731926691506378,1.8351568193529189,2.811484792937039
2018,PR,NECr / E (E > 0),22,5,1.8943516739476463,1.144115717325461,0.989182761668664,1.0117581961543782,1.6459669422719339,2.1130079089986236,5.830287347244083
2018,PR,NECr − E,27,0,1.3282011672634835,1.7940989255258817,-0.03245171499400801,0.08353953376088241,0.9686320127447727,1.1908945893537415,7.631172583326656
2018,PR,Cobertura Top-NECr por lista (%),22,5,100.0,0.0,100.0,100.0,100.0,100.0,100.0
2018,PR,Precisão Top-NECr por lista (%),27,0,55.255731922398596,37.69651260125933,0.0,30.952380952380956,50.0,100.0,100.0
2018,PRB,Candidatos (C),26,0,9.538461538461538,21.31146314870149,1.0,1.25,2.5,5.0,97.0
2018,PRB,Competitivos (F),26,0,1.4615384615384615,1.3922864426767712,0.0,1.0,1.0,2.0,7.0
2018,PRB,Competitivos na lista (%),26,0,43.267829933477316,34.83577581807923,0.0,11.818181818181818,41.66666666666667,62.5,100.0
2018,PRB,Bancada pré-eleitoral (Mp),26,0,0.8076923076923077,1.2006408545183116,0.0,0.0,1.0,1.0,6.0
2018,PRB,Eleitos (E),26,0,1.1153846153846154,1.2434443478313963,0.0,0.0,1.0,1.75,6.0
2018,PRB,NECr,26,0,2.6456238826123792,3.401716671847259,1.0,1.0121430503025872,1.402433722837462,2.4122148324702373,17.367070818903652
2018,PRB,D = C − NECr,26,0,6.892837655849159,18.035090889656054,0.0,0.007957508853985773,0.9439998294225123,2.6755015726403077,79.63292918109634
2018,PRB,Q = C / NECr,26,0,2.194869649105142,1.6342028796442571,1.0,1.0040431004421244,1.746004195792916,2.4510626284405626,7.445866630314268
2018,PRB,NECr / Mp (Mp > 0),15,11,1.8227736394520992,1.76765104386599,1.0,1.0242861006051744,1.1431538621929462,1.7258917097742117,7.923859361084176
2018,PRB,NECr / E (E > 0),18,8,1.7535932900066666,0.9403050915226557,0.9139337842259251,1.0,1.402433722837462,2.2689379206787654,3.961929680542088
2018,PRB,NECr − E,26,0,1.5302392672277638,2.3978506214797077,-0.17213243154814983,0.07155567993127931,1.0,1.7962875296391476,11.367070818903652
2018,PRB,Cobertura Top-NECr por lista (%),18,8,100.0,0.0,100.0,100.0,100.0,100.0,100.0
2018,PRB,Precisão Top-NECr por lista (%),26,0,49.690799396681754,42.11486911921533,0.0,0.0,50.0,100.0,100.0
2018,PROS,Candidatos (C),27,0,9.925925925925926,19.295128771324496,1.0,1.5,4.0,8.0,97.0
2018,PROS,Competitivos (F),27,0,1.037037037037037,1.3722940221362485,0.0,0.0,1.0,1.0,5.0
2018,PROS,Competitivos na lista (%),27,0,18.207209683064267,24.208999894012532,0.0,0.0,5.2631578947368425,30.952380952380956,100.0
2018,PROS,Bancada pré-eleitoral (Mp),27,0,0.37037037037037035,0.7916947813271392,0.0,0.0,0.0,0.0,3.0
2018,PROS,Eleitos (E),27,0,0.2962962962962963,0.668800005452637,0.0,0.0,0.0,0.0,2.0
2018,PROS,NECr,26,1,2.0649944019127466,1.8698059130880575,1.0,1.0,1.0,2.46533005544539,8.793738938426316
2018,PROS,D = C − NECr,26,1,8.204236367318023,18.04226698747447,0.0,0.16483399096321277,1.5497541800494072,7.25,88.20626106157368
2018,PROS,Q = C / NECr,26,1,4.208228737823855,4.470093007726399,1.0,1.0651901088764093,2.0,5.811337303456437,19.0
2018,PROS,NECr / Mp (Mp > 0),6,21,1.635545644788661,0.8512001737198551,1.0,1.016329631508451,1.188351668722117,2.2605169952810957,2.859676141383082
2018,PROS,NECr / E (E > 0),5,22,1.8801599424269178,0.6902501821259579,1.1549621066159304,1.2884471949523253,1.9670772171156454,2.1306370520676072,2.859676141383082
2018,PROS,NECr − E,26,1,1.757302094220439,1.749170352362132,0.15496210661593035,1.0,1.0,1.8369491774587712,8.793738938426316
2018,PROS,Cobertura Top-NECr por lista (%),5,22,90.0,22.360679774997898,50.0,100.0,100.0,100.0,100.0
2018,PROS,Precisão Top-NECr por lista (%),26,1,10.256410256410257,24.07253994673556,0.0,0.0,0.0,0.0,100.0
2018,PRP,Candidatos (C),25,0,10.16,17.87381697716896,1.0,2.0,4.0,9.0,78.0
2018,PRP,Competitivos (F),25,0,0.28,0.45825756949558405,0.0,0.0,0.0,1.0,1.0
2018,PRP,Competitivos na lista (%),25,0,6.073838442259496,13.663632265406905,0.0,0.0,0.0,1.2820512820512822,50.0
2018,PRP,Bancada pré-eleitoral (Mp),25,0,0.0,0.0,0.0,0.0,0.0,0.0,0.0
2018,PRP,Eleitos (E),25,0,0.16,0.3741657386773941,0.0,0.0,0.0,0.0,1.0
2018,PRP,NECr,21,4,2.2673741052848793,1.7949155657296658,1.0,1.0383975711978903,1.802135160778948,2.5350114680334532,8.571108879996931
2018,PRP,D = C − NECr,21,4,9.113578275667502,18.158740133903777,0.0,1.0,3.0,6.073910658165522,69.42889112000307
2018,PRP,Q = C / NECr,21,4,5.123328240825312,7.655917589123785,1.0,1.9437336023753042,2.4862758014365065,4.0,35.42723216170591
2018,PRP,NECr / Mp (Mp > 0),0,25,,,,,,,
2018,PRP,NECr / E (E > 0),4,21,1.4187148757374521,0.3409521985821062,1.109293190649776,1.143197820003162,1.3817155757605422,1.6572326314948325,1.802135160778948
2018,PRP,NECr − E,21,4,2.076897914808688,1.9295311196822866,0.10929319064977605,1.0,1.7608937232804716,2.5350114680334532,8.571108879996931
2018,PRP,Cobertura Top-NECr por lista (%),4,21,50.0,57.735026918962575,0.0,0.0,50.0,100.0,100.0
2018,PRP,Precisão Top-NECr por lista (%),21,4,7.142857142857143,23.904572186687876,0.0,0.0,0.0,0.0,100.0
2018,PRTB,Candidatos (C),24,0,11.916666666666666,15.620267399221705,2.0,3.0,5.0,10.0,52.0
2018,PRTB,Competitivos (F),24,0,0.3333333333333333,0.48154341234307685,0.0,0.0,0.0,1.0,1.0
2018,PRTB,Competitivos na lista (%),24,0,5.214998652498653,11.733821014918501,0.0,0.0,0.0,2.117983367983368,50.0
2018,PRTB,Bancada pré-eleitoral (Mp),24,0,0.0,0.0,0.0,0.0,0.0,0.0,0.0
2018,PRTB,Eleitos (E),24,0,0.0,0.0,0.0,0.0,0.0,0.0,0.0
2018,PRTB,NECr,20,4,3.624909639374971,2.682643898452527,1.0,1.9224137931034484,3.11732067651581,4.242770352466453,11.416014509790749
2018,PRTB,D = C − NECr,20,4,9.87509036062503,15.814380220305972,0.7653586469683806,1.0,2.94117748788855,6.995551724466088,50.97944425484468
2018,PRTB,Q = C / NECr,20,4,5.226053002738636,10.992286973041502,1.2366131398929465,1.4048302110425854,1.955875078527792,3.4307957892135375,50.95263070816963
2018,PRTB,NECr / Mp (Mp > 0),0,24,,,,,,,
2018,PRTB,NECr / E (E > 0),0,24,,,,,,,
2018,PRTB,NECr − E,20,4,3.624909639374971,2.682643898452527,1.0,1.9224137931034484,3.11732067651581,4.242770352466453,11.416014509790749
2018,PRTB,Cobertura Top-NECr por lista (%),0,24,,,,,,,
2018,PRTB,Precisão Top-NECr por lista (%),20,4,0.0,0.0,0.0,0.0,0.0,0.0,0.0
2018,PSB,Candidatos (C),27,0,8.37037037037037,10.78513274462064,1.0,2.0,4.0,9.5,48.0
2018,PSB,Competitivos (F),27,0,1.8148148148148149,2.370281337359263,0.0,1.0,1.0,2.0,12.0
2018,PSB,Competitivos na lista (%),27,0,37.725655216076674,32.511269446741615,0.0,12.916666666666668,33.333333333333336,50.0,100.0
2018,PSB,Bancada pré-eleitoral (Mp),27,0,0.9629629629629629,1.0554430889252693,0.0,0.0,1.0,1.0,4.0
2018,PSB,Eleitos (E),27,0,1.1851851851851851,1.2414952844495792,0.0,0.0,1.0,1.5,5.0
2018,PSB,NECr,27,0,2.6700400257918595,2.337831619938826,1.0,1.1863972127254416,1.7763401109057304,2.5890805564058628,9.31639483722389
2018,PSB,D = C − NECr,27,0,5.700330344578511,8.692931151993033,0.0,0.6080073704350796,2.588235294117647,6.56789356877475,38.68360516277611
2018,PSB,Q = C / NECr,27,0,2.560528075387215,1.4199941686562227,1.0,1.3617134726199045,2.3036961285609934,3.397308396573119,6.671987721186856
2018,PSB,NECr / Mp (Mp > 0),17,10,2.084295369520996,1.4189807325365744,0.8681700573283954,1.0076451482241104,1.7743102674703857,2.2482055763333606,6.616167971159441
2018,PSB,NECr / E (E > 0),19,8,1.7949502864552924,0.9232351692575272,0.8871551337351928,1.0038225741120552,1.6033729468897644,2.0698233248459745,4.471300668443869
2018,PSB,NECr − E,27,0,1.4848548406066737,1.4882410148119223,-0.22568973252961433,0.5740524102695718,1.0,1.8760440050445841,5.316394837223889
2018,PSB,Cobertura Top-NECr por lista (%),19,8,94.73684210526316,15.76508838211529,50.0,100.0,100.0,100.0,100.0
2018,PSB,Precisão Top-NECr por lista (%),27,0,45.59817754262199,39.024381663612814,0.0,0.0,50.0,83.33333333333334,100.0
2018,PSC,Candidatos (C),27,0,6.407407407407407,11.449753975385939,1.0,1.5,3.0,6.0,54.0
2018,PSC,Competitivos (F),27,0,0.7407407407407407,0.5943705521611524,0.0,0.0,1.0,1.0,2.0
2018,PSC,Competitivos na lista (%),27,0,34.569053959032175,37.59977729862553,0.0,0.0,25.0,50.0,100.0
2018,PSC,Bancada pré-eleitoral (Mp),27,0,0.3333333333333333,0.5547001962252291,0.0,0.0,0.0,1.0,2.0
2018,PSC,Eleitos (E),27,0,0.25925925925925924,0.4465760847047224,0.0,0.0,0.0,0.5,1.0
2018,PSC,NECr,26,1,1.6011694471662674,0.9793041212585183,1.0,1.0,1.0723300226930768,1.5492295504335611,4.173651687246089
2018,PSC,D = C − NECr,26,1,4.9757536297568095,10.915591432365883,0.0,0.019230769230769273,1.22476356517075,4.495284282376872,49.920827346111416
2018,PSC,Q = C / NECr,26,1,3.245779749241604,3.08292886085028,1.0,1.01,1.9674467895271095,4.225480286369653,13.237978526974828
2018,PSC,NECr / Mp (Mp > 0),8,19,1.7300124850338547,1.185625843094174,0.7370360533829097,1.0,1.2727497963793728,1.8712145715500232,4.173651687246089
2018,PSC,NECr / E (E > 0),7,20,2.2793538842211034,1.4046664260090185,1.0,1.1975705322113201,1.4740721067658193,3.4563061655565885,4.173651687246089
2018,PSC,NECr − E,26,1,1.3319386779354982,0.8853635760401457,0.0,1.0,1.0,1.5492295504335611,3.4901482125620324
2018,PSC,Cobertura Top-NECr por lista (%),7,20,85.71428571428571,37.79644730092272,0.0,100.0,100.0,100.0,100.0
2018,PSC,Precisão Top-NECr por lista (%),26,1,17.62820512820513,36.69142520754248,0.0,0.0,0.0,0.0,100.0
2018,PSD,Candidatos (C),27,0,7.222222222222222,11.493587956011131,1.0,2.0,2.0,7.0,56.0
2018,PSD,Competitivos (F),27,0,2.074074074074074,2.432566323325824,0.0,1.0,1.0,2.5,9.0
2018,PSD,Competitivos na lista (%),27,0,40.30484584406153,33.067043931861456,0.0,9.191176470588236,40.90909090909091,50.0,100.0
2018,PSD,Bancada pré-eleitoral (Mp),27,0,1.3703703703703705,1.547905486782509,0.0,0.5,1.0,1.0,5.0
2018,PSD,Eleitos (E),27,0,1.2962962962962963,1.2954005859434672,0.0,0.5,1.0,1.5,5.0
2018,PSD,NECr,25,2,2.9581097617311003,2.668386990850814,1.0,1.3074893274413386,1.9974268698245707,2.854497771821265,9.953424919535832
2018,PSD,D = C − NECr,25,2,4.6818902382689,9.972142750594026,0.0,0.0025731301754292613,1.0,3.0243034461527882,47.34433501283362
2018,PSD,Q = C / NECr,25,2,2.0509326833443753,1.5525875352038403,1.0,1.0012882224697695,1.500991538505203,2.210294464252205,6.78592624762959
2018,PSD,NECr / Mp (Mp > 0),19,8,1.977462614342375,1.9983472354150504,1.0,1.0352524799772571,1.4401036475981661,1.8580132264947387,9.953424919535832
2018,PSD,NECr / E (E > 0),20,7,1.8705410585303663,0.9810779067202087,0.683895813424381,1.3018374552766983,1.6905335241415012,2.1250601269004843,4.976712459767916
2018,PSD,NECr − E,25,2,1.5581097617311002,1.898517456063816,-0.9483125597268569,0.31489673700472,1.0,1.998678821992307,7.953424919535832
2018,PSD,Cobertura Top-NECr por lista (%),20,7,92.08333333333334,23.488674638159345,0.0,100.0,100.0,100.0,100.0
2018,PSD,Precisão Top-NECr por lista (%),25,2,49.13650793650794,38.16200828430361,0.0,20.0,50.0,100.0,100.0
2018,PSDB,Candidatos (C),27,0,8.777777777777779,11.06391686566093,1.0,3.0,6.0,9.0,57.0
2018,PSDB,Competitivos (F),27,0,2.2222222222222223,2.1897195699156993,0.0,1.0,2.0,3.0,10.0
2018,PSDB,Competitivos na lista (%),27,0,34.87121925202421,26.857469413300286,0.0,17.10526315789474,33.333333333333336,50.0,100.0
2018,PSDB,Bancada pré-eleitoral (Mp),27,0,1.8148148148148149,2.5575985887763037,0.0,1.0,1.0,2.0,13.0
2018,PSDB,Eleitos (E),27,0,1.1111111111111112,1.5021352323976216,0.0,0.0,1.0,1.0,6.0
2018,PSDB,NECr,27,0,3.301478997922585,3.4233498126752373,1.0,1.5910909657633074,2.6282784077257224,3.6712616718872644,18.6483399523665
2018,PSDB,D = C − NECr,27,0,5.476298779855193,7.9184082163112395,0.0,1.1219611380557237,2.91389288652118,5.585235200250363,38.3516600476335
2018,PSDB,Q = C / NECr,27,0,2.455570403690384,1.3251637328883195,1.0,1.58433577154659,2.0975493707728976,2.9320832348852353,7.143083489310166
2018,PSDB,NECr / Mp (Mp > 0),22,5,1.9304966113556008,1.0679848481457133,0.5,1.1487416674381996,1.6419966601793616,2.524954343747439,4.654616118909267
2018,PSDB,NECr / E (E > 0),16,11,2.111968406148142,1.1204358550756452,1.0,1.1821911013173334,1.7440913552335275,3.1136720780630576,4.0033148347122385
2018,PSDB,NECr − E,27,0,2.190367886811474,2.4369603359431466,0.0,0.8169191485321219,1.973133314222151,2.9420222079514473,12.648339952366499
2018,PSDB,Cobertura Top-NECr por lista (%),16,11,86.45833333333333,28.68652413009751,0.0,95.83333333333333,100.0,100.0,100.0
2018,PSDB,Precisão Top-NECr por lista (%),27,0,31.684535412605587,36.54050903891763,0.0,0.0,25.0,50.0,100.0
2018,PSL,Candidatos (C),27,0,16.074074074074073,19.446031681249213,1.0,4.5,9.0,20.0,76.0
2018,PSL,Competitivos (F),27,0,0.8148148148148148,1.2101187811068235,0.0,0.0,0.0,1.0,4.0
2018,PSL,Competitivos na lista (%),27,0,5.498316141963618,9.233484446066635,0.0,0.0,0.0,8.448275862068964,37.5
2018,PSL,Bancada pré-eleitoral (Mp),27,0,0.2962962962962963,0.5417077564954128,0.0,0.0,0.0,0.5,2.0
2018,PSL,Eleitos (E),27,0,1.9259259259259258,2.986198070687696,0.0,0.0,1.0,2.0,12.0
2018,PSL,NECr,22,5,3.7726578831613184,3.9293958047239825,1.0,1.0454129335491318,2.2055539689176498,4.654394926588528,15.770774874969328
2018,PSL,D = C − NECr,22,5,14.181887571384134,19.35381945876504,0.0,2.1640544592321165,6.236791785605505,19.0,71.99638899274021
2018,PSL,Q = C / NECr,22,5,5.739884022599755,5.779614103401392,1.0,1.5778530025150737,3.8322464124953757,7.431184975981865,21.0
2018,PSL,NECr / Mp (Mp > 0),7,20,3.821819882968769,2.7906713692828093,1.1717220965184063,1.7063093050150733,2.8838248235879473,5.699593106580108,7.885387437484664
2018,PSL,NECr / E (E > 0),16,11,1.5799874557930638,1.0865705708237663,0.5895022447807027,0.9361345100390618,1.0875159878722234,1.7943734543416392,4.481481481481482
2018,PSL,NECr − E,22,5,1.5453851558885916,3.0178819959334793,-4.6044247940995815,0.0,1.0,2.245313097275757,8.354694332270583
2018,PSL,Cobertura Top-NECr por lista (%),18,9,61.25,43.29584539835398,0.0,20.833333333333336,81.25,100.0,100.0
2018,PSL,Precisão Top-NECr por lista (%),22,5,40.28679653679654,41.391782918719606,0.0,0.0,25.0,89.28571428571429,100.0
2018,PSOL,Candidatos (C),27,0,18.555555555555557,18.395930430675595,2.0,6.0,13.0,26.0,82.0
2018,PSOL,Competitivos (F),27,0,0.5555555555555556,1.2506408613597126,0.0,0.0,0.0,1.0,6.0
2018,PSOL,Competitivos na lista (%),27,0,3.2971635814978764,6.6948285294084435,0.0,0.0,0.0,2.8324154209284025,25.0
2018,PSOL,Bancada pré-eleitoral (Mp),27,0,0.2222222222222222,0.6979824404521128,0.0,0.0,0.0,0.0,3.0
2018,PSOL,Eleitos (E),27,0,0.37037037037037035,0.966681402775979,0.0,0.0,0.0,0.0,4.0
2018,PSOL,NECr,27,0,7.4975447383787355,5.733257514803936,1.1217037725373162,3.9491691215583855,5.846991011512567,9.398891910018557,28.999841183986035
2018,PSOL,D = C − NECr,27,0,11.058010817176818,17.557473688054348,0.00015881601396472433,0.2711212729841366,2.0976774630897754,16.022069461807057,76.19111860676408
2018,PSOL,Q = C / NECr,27,0,2.906480806681501,3.058844548941039,1.0000054764442659,1.0569628888672593,1.7830019377361639,3.443358096575674,14.116315078404577
2018,PSOL,NECr / Mp (Mp > 0),3,24,2.8717560465598493,0.25503202297482436,2.601957378188266,2.753199037403113,2.90444069661796,3.006655380745641,3.1088700648733223
2018,PSOL,NECr / E (E > 0),5,22,4.886431553036342,4.891729756836553,1.9362937977453065,1.9514680336411996,3.1088700648733223,3.9281475392789504,13.50737832964293
2018,PSOL,NECr − E,27,0,7.127174368008365,5.852298755347199,1.1217037725373162,3.6404725901378017,5.666633248948553,8.94711711119127,28.999841183986035
2018,PSOL,Cobertura Top-NECr por lista (%),5,22,100.0,0.0,100.0,100.0,100.0,100.0,100.0
2018,PSOL,Precisão Top-NECr por lista (%),27,0,6.128747795414462,14.900915926546055,0.0,0.0,0.0,0.0,50.0
2018,PSTU,Candidatos (C),16,0,2.1875,1.7594980344783944,1.0,1.0,1.5,2.25,7.0
2018,PSTU,Competitivos (F),16,0,0.0,0.0,0.0,0.0,0.0,0.0,0.0
2018,PSTU,Competitivos na lista (%),16,0,0.0,0.0,0.0,0.0,0.0,0.0,0.0
2018,PSTU,Bancada pré-eleitoral (Mp),16,0,0.0,0.0,0.0,0.0,0.0,0.0,0.0
2018,PSTU,Eleitos (E),16,0,0.0,0.0,0.0,0.0,0.0,0.0,0.0
2018,PSTU,NECr,3,13,1.5618466016132058,0.9731468600539824,1.0,1.0,1.0,1.8427699024198088,2.6855398048396175
2018,PSTU,D = C − NECr,3,13,1.4381533983867942,2.4909547550837723,0.0,0.0,0.0,2.1572300975801912,4.3144601951603825
2018,PSTU,Q = C / NECr,3,13,1.535517438913061,0.9275434125365845,1.0,1.0,1.0,1.8032761583695918,2.6065523167391835
2018,PSTU,NECr / Mp (Mp > 0),0,16,,,,,,,
2018,PSTU,NECr / E (E > 0),0,16,,,,,,,
2018,PSTU,NECr − E,3,13,1.5618466016132058,0.9731468600539824,1.0,1.0,1.0,1.8427699024198088,2.6855398048396175
2018,PSTU,Cobertura Top-NECr por lista (%),0,16,,,,,,,
2018,PSTU,Precisão Top-NECr por lista (%),3,13,0.0,0.0,0.0,0.0,0.0,0.0,0.0
2018,PT,Candidatos (C),26,0,13.961538461538462,14.50098139914887,1.0,4.25,11.5,16.0,72.0
2018,PT,Competitivos (F),26,0,3.5,3.6687872655688283,0.0,1.0,2.0,4.0,14.0
2018,PT,Competitivos na lista (%),26,0,30.2265096015096,26.44784054836702,0.0,12.708333333333334,22.22222222222222,48.86363636363636,100.0
2018,PT,Bancada pré-eleitoral (Mp),26,0,2.3076923076923075,2.796701353655492,0.0,1.0,1.0,2.75,10.0
2018,PT,Eleitos (E),26,0,2.1538461538461537,2.2749471676029347,0.0,1.0,1.0,2.0,8.0
2018,PT,NECr,26,0,4.814516776842502,4.886722918840955,1.0,2.204776741015782,3.2445861263041844,4.633284588634059,23.88235737247482
2018,PT,D = C − NECr,26,0,9.14702168469596,10.583255910331337,0.0,1.8995469977559867,5.878685515904369,12.311569656359332,48.11764262752518
2018,PT,Q = C / NECr,26,0,3.1298377092726195,2.2658445425319367,1.0,1.6361836800866694,2.1939481161824115,3.6753762970802133,9.579720152982828
2018,PT,NECr / Mp (Mp > 0),20,6,1.9998882840627004,0.6099298469427479,1.0,1.5212587690105548,2.1214684829658874,2.406469624886319,3.3194971682866967
2018,PT,NECr / E (E > 0),24,2,2.537634050038679,1.503237916347161,1.0,1.7086420052912876,2.1370111707717387,2.775544393838047,7.932708694059975
2018,PT,NECr − E,26,0,2.6606706229963475,3.140148466012599,0.0,1.3374034977601041,1.7902499757455745,2.2895358903756664,15.882357372474821
2018,PT,Cobertura Top-NECr por lista (%),24,2,100.0,0.0,100.0,100.0,100.0,100.0,100.0
2018,PT,Precisão Top-NECr por lista (%),26,0,45.56318681318681,24.381804970291235,0.0,33.333333333333336,50.0,54.16666666666667,100.0
2018,PTB,Candidatos (C),26,0,4.961538461538462,6.340225669363949,1.0,1.0,2.0,6.25,25.0
2018,PTB,Competitivos (F),26,0,0.9615384615384616,1.215920037856741,0.0,0.0,1.0,1.0,5.0
2018,PTB,Competitivos na lista (%),26,0,27.119423311731005,33.90123930740702,0.0,0.0,14.285714285714286,50.0,100.0
2018,PTB,Bancada pré-eleitoral (Mp),26,0,0.6153846153846154,0.6972473349922866,0.0,0.0,0.5,1.0,2.0
2018,PTB,Eleitos (E),26,0,0.38461538461538464,0.6373020054525532,0.0,0.0,0.0,1.0,2.0
2018,PTB,NECr,25,1,1.9880011951873642,1.4155397757868353,1.0,1.0,1.4454798491114031,1.9083090402491785,6.347433994537348
2018,PTB,D = C − NECr,25,1,3.1319988048126364,5.600356249241684,0.0,0.0,0.5545201508885969,2.968574841743323,21.676576491771016
2018,PTB,Q = C / NECr,25,1,2.167821590388304,1.7309201239051786,1.0,1.0,1.3161856080905314,2.460681779637062,7.522363592271221
2018,PTB,NECr / Mp (Mp > 0),13,13,1.556856876840152,0.6976484431421283,0.7352642482145255,1.0,1.3900667423513253,1.7613378910819448,3.3234235082289834
2018,PTB,NECr / E (E > 0),8,18,1.4391493440051648,0.49133554829415893,0.6950333711756627,1.164380729202564,1.4825111861870754,1.6488232247789667,2.33307926304028
2018,PTB,NECr − E,25,1,1.588001195187364,1.5364329245365769,-0.6099332576486747,0.6536817102137771,1.0,1.9083090402491785,6.347433994537348
2018,PTB,Cobertura Top-NECr por lista (%),8,18,93.75,17.67766952966369,50.0,100.0,100.0,100.0,100.0
2018,PTB,Precisão Top-NECr por lista (%),25,1,23.6,38.28402625987328,0.0,0.0,0.0,50.0,100.0
2018,PTC,Candidatos (C),25,0,7.96,9.266786569967678,1.0,2.0,5.0,7.0,29.0
2018,PTC,Competitivos (F),25,0,0.28,0.6137317546507324,0.0,0.0,0.0,0.0,2.0
2018,PTC,Competitivos na lista (%),25,0,4.76823406478579,12.7539399302779,0.0,0.0,0.0,0.0,50.0
2018,PTC,Bancada pré-eleitoral (Mp),25,0,0.0,0.0,0.0,0.0,0.0,0.0,0.0
2018,PTC,Eleitos (E),25,0,0.08,0.27688746209726917,0.0,0.0,0.0,0.0,1.0
2018,PTC,NECr,24,1,1.8923654568426844,1.4526743820065784,1.0,1.0,1.2212630825099424,1.9658153201117532,5.999999999999998
2018,PTC,D = C − NECr,24,1,6.357634543157315,9.14712380202487,0.0,0.0,1.0000000000000009,6.159653197344926,27.59629983230435
2018,PTC,Q = C / NECr,24,1,5.134666739688572,6.337465231457693,1.0,1.0000000000000002,2.0,5.211836734693877,21.0
2018,PTC,NECr / Mp (Mp > 0),0,25,,,,,,,
2018,PTC,NECr / E (E > 0),2,23,1.0553846153846154,0.07832567422374077,1.0,1.0276923076923077,1.0553846153846154,1.0830769230769233,1.110769230769231
2018,PTC,NECr − E,24,1,1.8090321235093512,1.5282456905015958,0.0,1.0,1.2212630825099424,1.9658153201117532,5.999999999999998
2018,PTC,Cobertura Top-NECr por lista (%),2,23,100.0,0.0,100.0,100.0,100.0,100.0,100.0
2018,PTC,Precisão Top-NECr por lista (%),24,1,8.333333333333334,28.232985128663998,0.0,0.0,0.0,0.0,100.0
2018,PV,Candidatos (C),27,0,9.62962962962963,15.969076241642659,1.0,2.0,5.0,8.5,80.0
2018,PV,Competitivos (F),27,0,0.7777777777777778,1.1547005383792517,0.0,0.0,0.0,1.0,5.0
2018,PV,Competitivos na lista (%),27,0,16.161816578483247,24.833044966537685,0.0,0.0,0.0,18.333333333333336,100.0
2018,PV,Bancada pré-eleitoral (Mp),27,0,0.14814814814814814,0.4560451819471487,0.0,0.0,0.0,0.0,2.0
2018,PV,Eleitos (E),27,0,0.14814814814814814,0.36201399289824565,0.0,0.0,0.0,0.0,1.0
2018,PV,NECr,27,0,3.44251194563339,2.388318505404292,1.0,1.4024989032286252,2.572942371631164,5.014423662504834,9.001610366883341
2018,PV,D = C − NECr,27,0,6.187117683996239,15.288313031187954,0.0,0.7758914427222905,1.1072961373390557,3.360488439077597,73.97863857216385
2018,PV,Q = C / NECr,27,0,2.6638592951060476,3.1808302790309164,1.0,1.2024379684474398,1.6112786976825662,2.589295645525591,13.552086026074887
2018,PV,NECr / Mp (Mp > 0),3,24,2.8012740561412244,0.3129146910415994,2.4415663299795245,2.696570727252797,2.95157512452607,2.9811279192220743,3.010680713918079
2018,PV,NECr / E (E > 0),4,23,2.8881715219979602,2.24078380913437,1.031676969497813,1.418973666973303,2.249823845328935,3.719021700353592,6.021361427836158
2018,PV,NECr − E,27,0,3.2943637974852424,2.4506500563128633,0.03167696949781296,1.2642548438741417,2.4415663299795245,4.993181106775646,9.001610366883341
2018,PV,Cobertura Top-NECr por lista (%),4,23,87.5,25.0,50.0,87.5,100.0,100.0,100.0
2018,PV,Precisão Top-NECr por lista (%),27,0,7.098765432098766,21.76797122073606,0.0,0.0,0.0,0.0,100.0
2018,REDE,Candidatos (C),27,0,8.962962962962964,7.807695816315718,1.0,4.5,6.0,11.5,30.0
2018,REDE,Competitivos (F),27,0,0.2222222222222222,0.42365927286816174,0.0,0.0,0.0,0.0,1.0
2018,REDE,Competitivos na lista (%),27,0,6.535748202414869,19.851465712551626,0.0,0.0,0.0,0.0,100.0
2018,REDE,Bancada pré-eleitoral (Mp),27,0,0.07407407407407407,0.2668802563418119,0.0,0.0,0.0,0.0,1.0
2018,REDE,Eleitos (E),27,0,0.037037037037037035,0.19245008972987526,0.0,0.0,0.0,0.0,1.0
2018,REDE,NECr,24,3,2.9779268494826834,3.3380752165943264,1.0,1.0195206215872346,1.6161215784080074,2.759849789928985,13.465453689906678
2018,REDE,D = C − NECr,24,3,6.6054064838506505,8.036199104004693,0.0,1.9317261196744702,3.6518205606414957,5.181505833077699,27.60434007005677
2018,REDE,Q = C / NECr,24,3,4.986119092761633,4.841730043382387,1.0,1.4823619955360183,3.302481092364496,5.889665806639994,22.417265725637236
2018,REDE,NECr / Mp (Mp > 0),2,25,1.2790511870638404,0.3632168406081348,1.0222180960286749,1.1506346415462576,1.2790511870638404,1.407467732581423,1.5358842780990059
2018,REDE,NECr / E (E > 0),1,26,1.2882604560123265,,1.2882604560123265,1.2882604560123265,1.2882604560123265,1.2882604560123265,1.2882604560123265
2018,REDE,NECr − E,24,3,2.936260182816017,3.3662056281195314,0.2882604560123265,1.010676374532517,1.6161215784080074,2.759849789928985,13.465453689906678
2018,REDE,Cobertura Top-NECr por lista (%),1,26,100.0,,100.0,100.0,100.0,100.0,100.0
2018,REDE,Precisão Top-NECr por lista (%),24,3,4.166666666666667,20.412414523193153,0.0,0.0,0.0,0.0,100.0
2018,SOLIDARIEDADE,Candidatos (C),27,0,5.37037037037037,9.70387768705079,1.0,1.0,2.0,4.5,45.0
2018,SOLIDARIEDADE,Competitivos (F),27,0,1.0740740740740742,1.0715167512214394,0.0,0.5,1.0,1.0,4.0
2018,SOLIDARIEDADE,Competitivos na lista (%),27,0,44.767309106389575,41.461705716369714,0.0,3.3333333333333335,50.0,100.0,100.0
2018,SOLIDARIEDADE,Bancada pré-eleitoral (Mp),27,0,0.4074074074074074,0.5723943812052382,0.0,0.0,0.0,1.0,2.0
2018,SOLIDARIEDADE,Eleitos (E),27,0,0.48148148148148145,0.5798123284152694,0.0,0.0,0.0,1.0,2.0
2018,SOLIDARIEDADE,NECr,25,2,1.9181399394093979,2.059984271752129,1.0,1.0,1.0679306985188939,1.7241379310344829,9.326822337349343
2018,SOLIDARIEDADE,D = C − NECr,25,2,3.8018600605906014,8.620809057601624,0.0,0.0,0.9092453747217324,2.0,35.67317766265066
2018,SOLIDARIEDADE,Q = C / NECr,25,2,2.8064384186714055,3.6483032734390672,1.0,1.0,1.4971462927334749,2.9012240893405554,18.284337791757604
2018,SOLIDARIEDADE,NECr / Mp (Mp > 0),10,17,1.9694983512520878,2.594783037193234,1.0,1.0006373321066067,1.0410477229512018,1.4417549174940134,9.326822337349343
2018,SOLIDARIEDADE,NECr / E (E > 0),12,15,2.1422087157522554,2.4288439356091622,0.9888410538658595,1.0,1.0641207231588727,1.706565814178203,9.326822337349343
2018,SOLIDARIEDADE,NECr − E,25,2,1.3981399394093978,2.0677123804680724,-0.02231789226828096,0.09075462527826761,1.0,1.1626794258373205,8.326822337349343
2018,SOLIDARIEDADE,Cobertura Top-NECr por lista (%),12,15,100.0,0.0,100.0,100.0,100.0,100.0,100.0
2018,SOLIDARIEDADE,Precisão Top-NECr por lista (%),25,2,35.44444444444444,44.17802090252796,0.0,0.0,0.0,100.0,100.0
2022,AGIR,Candidatos (C),22,0,14.454545454545455,15.376937811222898,1.0,6.25,8.0,17.0,68.0
2022,AGIR,Competitivos (F),22,0,0.09090909090909091,0.29424494316824984,0.0,0.0,0.0,0.0,1.0
2022,AGIR,Competitivos na lista (%),22,0,0.9167303284950343,3.2381287209598844,0.0,0.0,0.0,0.0,14.285714285714286
2022,AGIR,Bancada pré-eleitoral (Mp),22,0,0.0,0.0,0.0,0.0,0.0,0.0,0.0
2022,AGIR,Eleitos (E),22,0,0.0,0.0,0.0,0.0,0.0,0.0,0.0
2022,AGIR,NECr,15,7,6.253231739467294,3.735545797031126,1.0,3.1065573770491803,5.570380786580528,9.028506592297457,12.448249571934388
2022,AGIR,D = C − NECr,15,7,12.613434927199371,17.106338276171297,0.5999999999999996,3.6983104459216176,6.306930693069306,11.202172515492407,65.98031456520886
2022,AGIR,Q = C / NECr,15,7,4.789117675563256,8.122947384199817,1.09375,1.6171277399857362,2.126489133360604,4.103371336751394,33.66860939264637
2022,AGIR,NECr / Mp (Mp > 0),0,22,,,,,,,
2022,AGIR,NECr / E (E > 0),0,22,,,,,,,
2022,AGIR,NECr − E,15,7,6.253231739467294,3.735545797031126,1.0,3.1065573770491803,5.570380786580528,9.028506592297457,12.448249571934388
2022,AGIR,Cobertura Top-NECr por lista (%),0,22,,,,,,,
2022,AGIR,Precisão Top-NECr por lista (%),15,7,0.0,0.0,0.0,0.0,0.0,0.0,0.0
2022,AVANTE,Candidatos (C),21,0,18.857142857142858,17.624658051394118,5.0,9.0,9.0,26.0,70.0
2022,AVANTE,Competitivos (F),21,0,1.7142857142857142,3.116774889895918,0.0,0.0,1.0,2.0,14.0
2022,AVANTE,Competitivos na lista (%),21,0,8.183774891247566,11.261981911088606,0.0,0.0,4.285714285714286,12.5,44.44444444444444
2022,AVANTE,Bancada pré-eleitoral (Mp),21,0,0.2857142857142857,0.7837638128197257,0.0,0.0,0.0,0.0,3.0
2022,AVANTE,Eleitos (E),21,0,0.3333333333333333,1.1105554165971787,0.0,0.0,0.0,0.0,5.0
2022,AVANTE,NECr,17,4,8.006091983156857,4.3951720105137735,1.0,5.645451358724222,7.072968934138431,10.199058888107484,16.816156670746636
2022,AVANTE,D = C − NECr,17,4,13.817437428607846,15.766687347255239,1.6094890510948892,4.210526315789473,6.183843329253364,20.354548641275777,58.66581363000885
2022,AVANTE,Q = C / NECr,17,4,2.886443768292718,1.7383482361761684,1.2177777777777776,1.4283855759253576,2.1111111111111107,3.558447055255039,7.0
2022,AVANTE,NECr / Mp (Mp > 0),3,18,5.463042612139936,2.8228587112802264,2.822725679362111,3.9753046064559214,5.127883533549732,6.7832010785288475,8.438518623507964
2022,AVANTE,NECr / E (E > 0),3,18,5.720233367454008,2.6816763880755086,3.076730120129839,4.361090739427031,5.645451358724222,7.041984991116093,8.438518623507964
2022,AVANTE,NECr − E,17,4,7.594327277274506,4.056469222767212,1.0,4.645451358724222,7.072968934138431,10.199058888107484,16.816156670746636
2022,AVANTE,Cobertura Top-NECr por lista (%),3,18,100.0,0.0,100.0,100.0,100.0,100.0,100.0
2022,AVANTE,Precisão Top-NECr por lista (%),17,4,3.676470588235294,9.066971231908783,0.0,0.0,0.0,0.0,33.333333333333336
2022,CIDADANIA,Candidatos (C),23,0,6.695652173913044,5.563148083665444,2.0,2.0,5.0,9.0,22.0
2022,CIDADANIA,Competitivos (F),23,0,0.6521739130434783,0.8846517369293827,0.0,0.0,0.0,1.0,3.0
2022,CIDADANIA,Competitivos na lista (%),23,0,13.600131752305666,18.414742378179316,0.0,0.0,0.0,26.666666666666668,50.0
2022,CIDADANIA,Bancada pré-eleitoral (Mp),23,0,0.30434782608695654,0.5587959953568722,0.0,0.0,0.0,0.5,2.0
2022,CIDADANIA,Eleitos (E),23,0,0.21739130434782608,0.518434859512082,0.0,0.0,0.0,0.0,2.0
2022,CIDADANIA,NECr,23,0,3.2937785395163828,3.088779484049305,1.0,1.2734205386659774,1.977805791800572,3.8867818615993732,13.249101020622993
2022,CIDADANIA,D = C − NECr,23,0,3.4018736343966607,4.063495284707065,0.022194208199427967,0.5423500377120213,1.593761835975985,4.266193174531061,13.734286822237154
2022,CIDADANIA,Q = C / NECr,23,0,2.4669774577067907,1.7749966801302537,1.0112216317150242,1.2514988622324867,2.0,2.6273056275069884,7.177844683369774
2022,CIDADANIA,NECr / Mp (Mp > 0),6,17,1.8761190817819005,0.7257174170999786,1.0079521605609199,1.3507160637597875,1.9770960106557833,2.116713540135228,2.9893948440627525
2022,CIDADANIA,NECr / E (E > 0),4,19,1.9671008775780385,1.1014671050659994,1.1145406947206677,1.1356881326110067,1.6525877323780827,2.4840004773451145,3.448687350835322
2022,CIDADANIA,NECr − E,23,0,3.0763872351685566,3.1625053658564295,0.11454069472066775,1.2734205386659774,1.977805791800572,2.9683249785437553,13.249101020622993
2022,CIDADANIA,Cobertura Top-NECr por lista (%),4,19,75.0,50.0,0.0,75.0,100.0,100.0,100.0
2022,CIDADANIA,Precisão Top-NECr por lista (%),23,0,10.869565217391305,29.986821875050513,0.0,0.0,0.0,0.0,100.0
2022,DC,Candidatos (C),21,0,10.380952380952381,9.733838864888767,1.0,5.0,8.0,12.0,44.0
2022,DC,Competitivos (F),21,0,0.047619047619047616,0.21821789023599242,0.0,0.0,0.0,0.0,1.0
2022,DC,Competitivos na lista (%),21,0,0.19047619047619047,0.8728715609439697,0.0,0.0,0.0,0.0,4.0
2022,DC,Bancada pré-eleitoral (Mp),21,0,0.0,0.0,0.0,0.0,0.0,0.0,0.0
2022,DC,Eleitos (E),21,0,0.0,0.0,0.0,0.0,0.0,0.0,0.0
2022,DC,NECr,21,0,7.741674755825049,6.826112994999372,1.0,1.9999504975001234,6.721033727871078,11.048182540561964,30.67208725824835
2022,DC,D = C − NECr,21,0,2.6392776251273324,3.776722821314918,0.0,0.21166965176222963,1.309396182299313,3.142331305302536,13.32791274175165
2022,DC,Q = C / NECr,21,0,1.4168457825207317,0.6542333840496917,1.0,1.0861514964966918,1.1319572913697413,1.3731108578872284,3.642256179506858
2022,DC,NECr / Mp (Mp > 0),0,21,,,,,,,
2022,DC,NECr / E (E > 0),0,21,,,,,,,
2022,DC,NECr − E,21,0,7.741674755825049,6.826112994999372,1.0,1.9999504975001234,6.721033727871078,11.048182540561964,30.67208725824835
2022,DC,Cobertura Top-NECr por lista (%),0,21,,,,,,,
2022,DC,Precisão Top-NECr por lista (%),21,0,0.0,0.0,0.0,0.0,0.0,0.0,0.0
2022,MDB,Candidatos (C),25,0,18.68,15.071275106417948,8.0,9.0,12.0,22.0,66.0
2022,MDB,Competitivos (F),25,0,3.68,2.230844384233617,1.0,2.0,3.0,5.0,10.0
2022,MDB,Competitivos na lista (%),25,0,24.486249698014404,13.655356335361406,5.128205128205129,11.11111111111111,25.0,33.333333333333336,55.55555555555556
2022,MDB,Bancada pré-eleitoral (Mp),25,0,1.48,1.228820572744451,0.0,0.0,1.0,2.0,4.0
2022,MDB,Eleitos (E),25,0,1.68,1.9519221295943137,0.0,0.0,1.0,2.0,9.0
2022,MDB,NECr,24,1,5.898649826469434,3.6045830801439647,1.5486966281477732,4.2479717651737285,5.4632481567163715,6.5130853509781685,21.06255045356453
2022,MDB,D = C − NECr,24,1,13.1846835068639,13.032828790617115,0.7895603694097124,4.553601657184355,7.378465961079765,16.328941815102063,44.937449546435474
2022,MDB,Q = C / NECr,24,1,3.390667957015477,2.139301421625159,1.1095023895713658,2.073785049743494,2.8303739206044107,3.4744683749846965,8.852421928546345
2022,MDB,NECr / Mp (Mp > 0),18,7,3.7786998191401775,2.491942446244812,1.0530679172302182,2.1742458203548796,2.746073750147283,5.301687752453345,10.531275226782265
2022,MDB,NECr / E (E > 0),18,7,3.590952940972927,1.6306638531832116,0.5232870456839885,2.7160816329484425,3.38697783034579,4.093078391270144,7.240061355215733
2022,MDB,NECr − E,24,1,4.148649826469435,3.2956247543322905,-4.290416588844103,2.905332056696183,3.650291480112414,5.2716957599852,16.06255045356453
2022,MDB,Cobertura Top-NECr por lista (%),18,7,93.33333333333333,16.449566416599485,50.0,100.0,100.0,100.0,100.0
2022,MDB,Precisão Top-NECr por lista (%),24,1,24.330357142857142,21.252926693853794,0.0,10.714285714285715,25.0,33.333333333333336,90.0
2022,NOVO,Candidatos (C),17,0,12.352941176470589,14.150711892297982,1.0,6.0,6.0,14.0,56.0
2022,NOVO,Competitivos (F),17,0,0.7647058823529411,1.2514697241996051,0.0,0.0,0.0,1.0,4.0
2022,NOVO,Competitivos na lista (%),17,0,4.665481577246284,8.866849046548225,0.0,0.0,0.0,5.357142857142857,33.333333333333336
2022,NOVO,Bancada pré-eleitoral (Mp),17,0,0.47058823529411764,0.8744746321952062,0.0,0.0,0.0,1.0,3.0
2022,NOVO,Eleitos (E),17,0,0.17647058823529413,0.3929526239966879,0.0,0.0,0.0,0.0,1.0
2022,NOVO,NECr,17,0,5.110070626485769,5.427168627587275,1.0,2.471425836397003,4.437751172240438,5.763409402869641,24.32405045098553
2022,NOVO,D = C − NECr,17,0,7.2428705499848185,12.227559434480332,0.0,0.039474965892485336,2.5348634568260753,8.236590597130359,48.39015574821106
2022,NOVO,Q = C / NECr,17,0,2.6759833174931833,2.3455369338528644,1.0,1.007957820114013,1.3520361478426124,3.5433677105888175,8.146817081406503
2022,NOVO,NECr / Mp (Mp > 0),5,12,4.450174077516864,4.311236479347318,2.471425836397003,2.5031107604269383,2.5366147505963146,2.5776938146712958,12.162025225492766
2022,NOVO,NECr / E (E > 0),3,14,4.194793616204295,2.957563036742925,2.471425836397003,2.487268298411971,2.5031107604269383,5.0564775061079414,7.609844251788944
2022,NOVO,NECr − E,17,0,4.933600038250476,5.472823764367804,1.0,1.4714258363970032,4.437751172240438,5.763409402869641,24.32405045098553
2022,NOVO,Cobertura Top-NECr por lista (%),3,14,66.66666666666667,57.73502691896258,0.0,50.0,100.0,100.0,100.0
2022,NOVO,Precisão Top-NECr por lista (%),17,0,3.676470588235294,12.314804576797226,0.0,0.0,0.0,0.0,50.0
2022,PATRIOTA,Candidatos (C),26,0,17.0,15.884583721331824,1.0,8.25,9.5,19.75,70.0
2022,PATRIOTA,Competitivos (F),26,0,1.4230769230769231,2.1386552208914256,0.0,0.0,0.5,1.75,8.0
2022,PATRIOTA,Competitivos na lista (%),26,0,11.353298331264211,20.668084616865496,0.0,0.0,3.1914893617021276,13.839285714285715,100.0
2022,PATRIOTA,Bancada pré-eleitoral (Mp),26,0,0.19230769230769232,0.49146562599887034,0.0,0.0,0.0,0.0,2.0
2022,PATRIOTA,Eleitos (E),26,0,0.15384615384615385,0.6126863923612269,0.0,0.0,0.0,0.0,3.0
2022,PATRIOTA,NECr,25,1,8.720072420754398,6.496654349773011,2.0723523243621114,4.298054851939683,7.254626202812733,9.831483808693326,31.80544177706546
2022,PATRIOTA,D = C − NECr,25,1,8.919927579245602,11.02432353227094,0.33283641595451563,2.582365003417635,4.513322537906669,10.168516191306674,38.19455822293454
2022,PATRIOTA,Q = C / NECr,25,1,2.202432166561576,1.5138274324261314,1.038402,1.3878,1.7555999999999998,2.3089833582720027,8.64016401168819
2022,PATRIOTA,NECr / Mp (Mp > 0),4,22,9.880726064389908,4.321443365000481,6.702755395742171,7.847236144393063,8.276906757458384,10.310396677455227,16.266335346900686
2022,PATRIOTA,NECr / E (E > 0),2,24,6.3486166622190705,2.6588813953993395,4.4685035971614475,5.408560129690259,6.3486166622190705,7.288673194747882,8.228729727276693
2022,PATRIOTA,NECr − E,25,1,8.560072420754398,6.439417937375906,2.0723523243621114,4.298054851939683,7.2287297272766935,9.831483808693326,31.80544177706546
2022,PATRIOTA,Cobertura Top-NECr por lista (%),2,24,100.0,0.0,100.0,100.0,100.0,100.0,100.0
2022,PATRIOTA,Precisão Top-NECr por lista (%),25,1,1.4230769230769231,5.156572183766125,0.0,0.0,0.0,0.0,23.076923076923077
2022,PC DO B,Candidatos (C),24,0,2.625,0.9696480760071398,2.0,2.0,2.0,3.0,5.0
2022,PC DO B,Competitivos (F),24,0,0.7083333333333334,0.7506036218280919,0.0,0.0,1.0,1.0,2.0
2022,PC DO B,Competitivos na lista (%),24,0,27.152777777777782,29.437066115930907,0.0,0.0,22.5,50.0,100.0
2022,PC DO B,Bancada pré-eleitoral (Mp),24,0,0.3333333333333333,0.5646597025732799,0.0,0.0,0.0,1.0,2.0
2022,PC DO B,Eleitos (E),24,0,0.25,0.531609533071195,0.0,0.0,0.0,0.0,2.0
2022,PC DO B,NECr,24,0,1.7957065535003032,0.8850318734488194,1.0273571560055546,1.0831039582532007,1.6526981132593739,2.0116359496215477,4.698324022346369
2022,PC DO B,D = C − NECr,24,0,0.8292934464996969,0.6450642453578262,0.009491393527154113,0.4244987978274022,0.842875902588025,0.9535293606566699,3.0380102703367706
2022,PC DO B,Q = C / NECr,24,0,1.5808283261845124,0.471842755572798,1.0047683257918552,1.220034772804833,1.5277264062755194,1.8693559094561383,2.8462619364670925
2022,PC DO B,NECr / Mp (Mp > 0),7,17,1.5228729190119736,0.4704107708451871,1.0340811162203973,1.0457615072915112,1.5933954276037254,1.9753011341019127,1.9905086064728459
2022,PC DO B,NECr / E (E > 0),5,19,1.6972983691329433,0.6249346206839147,1.0375089895338263,1.0540140250491963,1.9619897296632292,1.988612538540596,2.4443665628778684
2022,PC DO B,NECr − E,24,0,1.5457065535003032,0.9970808175551611,0.05401402504919628,1.04647063934333,1.2409778238944655,1.825304302817433,4.698324022346369
2022,PC DO B,Cobertura Top-NECr por lista (%),5,19,100.0,0.0,100.0,100.0,100.0,100.0,100.0
2022,PC DO B,Precisão Top-NECr por lista (%),24,0,14.583333333333334,31.204677278542253,0.0,0.0,0.0,0.0,100.0
2022,PCB,Candidatos (C),10,0,3.5,2.9154759474226504,2.0,2.0,2.0,2.75,9.0
2022,PCB,Competitivos (F),10,0,0.1,0.31622776601683794,0.0,0.0,0.0,0.0,1.0
2022,PCB,Competitivos na lista (%),10,0,1.1111111111111112,3.5136418446315325,0.0,0.0,0.0,0.0,11.11111111111111
2022,PCB,Bancada pré-eleitoral (Mp),10,0,0.0,0.0,0.0,0.0,0.0,0.0,0.0
2022,PCB,Eleitos (E),10,0,0.0,0.0,0.0,0.0,0.0,0.0,0.0
2022,PCB,NECr,0,10,,,,,,,
2022,PCB,D = C − NECr,0,10,,,,,,,
2022,PCB,Q = C / NECr,0,10,,,,,,,
2022,PCB,NECr / Mp (Mp > 0),0,10,,,,,,,
2022,PCB,NECr / E (E > 0),0,10,,,,,,,
2022,PCB,NECr − E,0,10,,,,,,,
2022,PCB,Cobertura Top-NECr por lista (%),0,10,,,,,,,
2022,PCB,Precisão Top-NECr por lista (%),0,10,,,,,,,
2022,PCO,Candidatos (C),13,0,2.3076923076923075,2.3588350014578308,1.0,1.0,1.0,3.0,9.0
2022,PCO,Competitivos (F),13,0,0.0,0.0,0.0,0.0,0.0,0.0,0.0
2022,PCO,Competitivos na lista (%),13,0,0.0,0.0,0.0,0.0,0.0,0.0,0.0
2022,PCO,Bancada pré-eleitoral (Mp),13,0,0.0,0.0,0.0,0.0,0.0,0.0,0.0
2022,PCO,Eleitos (E),13,0,0.0,0.0,0.0,0.0,0.0,0.0,0.0
2022,PCO,NECr,12,1,2.4166666666666665,2.4293034292807376,1.0,1.0,1.0,2.9999999999999996,9.0
2022,PCO,D = C − NECr,12,1,0.0,0.0,0.0,0.0,0.0,0.0,0.0
2022,PCO,Q = C / NECr,12,1,1.0,9.468013766583036e-17,0.9999999999999998,1.0,1.0,1.0,1.0000000000000002
2022,PCO,NECr / Mp (Mp > 0),0,13,,,,,,,
2022,PCO,NECr / E (E > 0),0,13,,,,,,,
2022,PCO,NECr − E,12,1,2.4166666666666665,2.4293034292807376,1.0,1.0,1.0,2.9999999999999996,9.0
2022,PCO,Cobertura Top-NECr por lista (%),0,13,,,,,,,
2022,PCO,Precisão Top-NECr por lista (%),12,1,0.0,0.0,0.0,0.0,0.0,0.0,0.0
2022,PDT,Candidatos (C),27,0,16.88888888888889,12.90597158543682,6.0,8.5,9.0,21.5,45.0
2022,PDT,Competitivos (F),27,0,1.8148148148148149,2.3864527431224563,0.0,0.0,1.0,3.0,9.0
2022,PDT,Competitivos na lista (%),27,0,9.456889222971094,11.453924781134715,0.0,0.0,8.333333333333334,15.646853146853147,47.36842105263158
2022,PDT,Bancada pré-eleitoral (Mp),27,0,0.7037037037037037,1.539600717839002,0.0,0.0,0.0,1.0,7.0
2022,PDT,Eleitos (E),27,0,0.6296296296296297,1.213645118201558,0.0,0.0,0.0,1.0,5.0
2022,PDT,NECr,27,0,6.038034105820578,2.5653635315897954,1.6674519355547128,4.03167786887791,6.121074192080108,8.579531307919812,10.141667117433872
2022,PDT,D = C − NECr,27,0,10.85085478306831,12.204585814468976,0.36468259771204536,1.9743034878644647,5.858332882566128,15.904428168897002,38.523739891100256
2022,PDT,Q = C / NECr,27,0,3.001233639013444,1.8260575658069607,1.0422315220996303,1.3626653970303249,2.8367340856255936,4.179606805849856,6.948454701218767
2022,PDT,NECr / Mp (Mp > 0),9,18,4.2572327662608,2.8760316003897777,1.309273664104646,2.1890274014037123,2.8368469064093973,5.726690668069302,9.35630649901071
2022,PDT,NECr / E (E > 0),8,19,4.60314783102989,3.1616148750641053,1.8329831297465045,2.439831241450403,3.4185384904217537,5.697642338532729,10.141667117433872
2022,PDT,NECr − E,27,0,5.408404476190948,2.3413654880270047,0.9891263647417514,3.754854052344979,5.02016222089332,7.198576204810475,9.188368247177543
2022,PDT,Cobertura Top-NECr por lista (%),8,19,100.0,0.0,100.0,100.0,100.0,100.0,100.0
2022,PDT,Precisão Top-NECr por lista (%),27,0,9.063786008230453,16.67328005330451,0.0,0.0,0.0,10.555555555555555,55.55555555555556
2022,PL,Candidatos (C),25,0,19.4,15.668439615992398,7.0,9.0,12.0,26.0,70.0
2022,PL,Competitivos (F),25,0,5.28,5.458326972006471,0.0,2.0,4.0,6.0,25.0
2022,PL,Competitivos na lista (%),25,0,27.540831099555625,14.206518481094031,0.0,22.22222222222222,25.0,39.130434782608695,55.55555555555556
2022,PL,Bancada pré-eleitoral (Mp),25,0,3.08,3.451086785347479,0.0,1.0,2.0,3.0,15.0
2022,PL,Eleitos (E),25,0,3.96,3.845776904605882,0.0,2.0,3.0,4.0,17.0
2022,PL,NECr,25,0,6.5291061706403335,5.065324714634706,1.296524039364301,3.5953136022931003,4.750930791416097,7.307505424427515,23.132084703147232
2022,PL,D = C − NECr,25,0,12.870893829359668,11.966944772226375,0.058338223618349616,3.9344638948932644,8.7034759606357,22.266615676982475,46.86791529685277
2022,PL,Q = C / NECr,25,0,3.5941986980091394,2.5927649283539127,1.005331751685496,2.0377361997188577,2.6241022907253377,3.8166942981191814,11.152439362577136
2022,PL,NECr / Mp (Mp > 0),23,2,2.789505177345636,1.8808123141650448,0.7799082836775066,1.5423516717842987,2.032768052553368,3.5811680803626924,7.307505424427515
2022,PL,NECr / E (E > 0),23,2,2.1392510086746337,2.0934378229872777,0.5379988901919933,1.1483643732429032,1.5559889197543166,2.406865713734488,10.94166177638165
2022,PL,NECr − E,25,0,2.5691061706403326,2.8677742693951793,-1.3860033294240202,0.7333843230175261,2.0655361051067356,3.518446601941747,9.94166177638165
2022,PL,Cobertura Top-NECr por lista (%),23,2,85.75259778584588,16.76044730803981,50.0,72.46503496503496,100.0,100.0,100.0
2022,PL,Precisão Top-NECr por lista (%),25,0,50.52438382873166,26.882784336366615,0.0,33.333333333333336,50.0,66.66666666666667,100.0
2022,PMB,Candidatos (C),16,0,11.5,12.404300329590004,1.0,3.0,7.0,13.25,41.0
2022,PMB,Competitivos (F),16,0,0.0625,0.25,0.0,0.0,0.0,0.0,1.0
2022,PMB,Competitivos na lista (%),16,0,0.23148148148148148,0.9259259259259259,0.0,0.0,0.0,0.0,3.7037037037037037
2022,PMB,Bancada pré-eleitoral (Mp),16,0,0.0,0.0,0.0,0.0,0.0,0.0,0.0
2022,PMB,Eleitos (E),16,0,0.0,0.0,0.0,0.0,0.0,0.0,0.0
2022,PMB,NECr,5,11,14.031983749065844,10.356286279528993,3.981557264639696,7.981900452488689,9.865592601013876,18.3060985103235,30.024769916863466
2022,PMB,D = C − NECr,5,11,8.168016250934155,13.3445170506821,0.018099547511311265,0.018442735360304052,0.9752300831365339,8.693901489676499,31.134407398986124
2022,PMB,Q = C / NECr,5,11,1.73403131721386,1.3685811645131905,1.002267573696145,1.0046320407153488,1.0324808511717785,1.4749183166895818,4.155857803796446
2022,PMB,NECr / Mp (Mp > 0),0,16,,,,,,,
2022,PMB,NECr / E (E > 0),0,16,,,,,,,
2022,PMB,NECr − E,5,11,14.031983749065844,10.356286279528993,3.981557264639696,7.981900452488689,9.865592601013876,18.3060985103235,30.024769916863466
2022,PMB,Cobertura Top-NECr por lista (%),0,16,,,,,,,
2022,PMB,Precisão Top-NECr por lista (%),5,11,0.0,0.0,0.0,0.0,0.0,0.0,0.0
2022,PMN,Candidatos (C),15,0,17.733333333333334,16.938825506032273,3.0,8.0,9.0,19.5,53.0
2022,PMN,Competitivos (F),15,0,0.2,0.5606119105813882,0.0,0.0,0.0,0.0,2.0
2022,PMN,Competitivos na lista (%),15,0,0.409474106784424,1.1696364257279845,0.0,0.0,0.0,0.0,4.25531914893617
2022,PMN,Bancada pré-eleitoral (Mp),15,0,0.0,0.0,0.0,0.0,0.0,0.0,0.0
2022,PMN,Eleitos (E),15,0,0.0,0.0,0.0,0.0,0.0,0.0,0.0
2022,PMN,NECr,14,1,6.434194197718939,4.1705424488995515,1.412425105142643,3.660972236929804,5.297083891565235,7.957198598358967,13.84633821892707
2022,PMN,D = C − NECr,14,1,12.351520087995343,14.95235803561889,0.0,3.1914207604657956,5.837724083981007,13.994890134206845,47.40583221686953
2022,PMN,Q = C / NECr,14,1,3.195037533597905,2.374813444696754,1.0,1.325228017132779,2.83769260089681,3.736815219052212,9.474152734536228
2022,PMN,NECr / Mp (Mp > 0),0,15,,,,,,,
2022,PMN,NECr / E (E > 0),0,15,,,,,,,
2022,PMN,NECr − E,14,1,6.434194197718939,4.1705424488995515,1.412425105142643,3.660972236929804,5.297083891565235,7.957198598358967,13.84633821892707
2022,PMN,Cobertura Top-NECr por lista (%),0,15,,,,,,,
2022,PMN,Precisão Top-NECr por lista (%),14,1,0.0,0.0,0.0,0.0,0.0,0.0,0.0
2022,PODE,Candidatos (C),26,0,18.5,16.84339633209407,1.0,9.0,10.0,21.0,71.0
2022,PODE,Competitivos (F),26,0,2.1923076923076925,2.3327105395951855,0.0,0.25,1.5,3.0,8.0
2022,PODE,Competitivos na lista (%),26,0,12.174933376310689,12.662360392148365,0.0,0.8928571428571429,10.683760683760685,14.579303675048356,42.857142857142854
2022,PODE,Bancada pré-eleitoral (Mp),26,0,0.3076923076923077,0.4706787243316417,0.0,0.0,0.0,1.0,1.0
2022,PODE,Eleitos (E),26,0,0.46153846153846156,0.8114564304148058,0.0,0.0,0.0,1.0,3.0
2022,PODE,NECr,24,2,8.855344083623022,5.313048235140515,1.0451947619351767,6.354020558958703,7.189104484251863,9.004016291795645,24.557810957480005
2022,PODE,D = C − NECr,24,2,11.019655916376982,13.589632605514653,0.25008533469300787,2.1802494913532513,4.758813690986685,17.213939411533126,49.20095021757392
2022,PODE,Q = C / NECr,24,2,2.4484496280200485,1.7982077893351818,1.0285814598494982,1.3171591369088047,1.7059760147050014,2.7822486907038204,7.13310860942654
2022,PODE,NECr / Mp (Mp > 0),8,18,9.245427111348231,5.877960106780399,4.661234135138024,5.8836967306786185,6.907120882443026,9.739374057292178,21.799049782426085
2022,PODE,NECr / E (E > 0),8,18,9.367018733396028,7.063616784430672,3.715070308193505,4.434362518092638,7.160372059555986,10.865046255702865,24.557810957480005
2022,PODE,NECr − E,24,2,8.355344083623022,4.964379759881978,1.0451947619351767,5.917669477205697,6.728815616555497,8.754016291795645,23.557810957480005
2022,PODE,Cobertura Top-NECr por lista (%),8,18,81.25,37.201190457142246,0.0,87.5,100.0,100.0,100.0
2022,PODE,Precisão Top-NECr por lista (%),24,2,4.1931818181818175,8.247245691490974,0.0,0.0,0.0,3.2857142857142856,28.571428571428573
2022,PP,Candidatos (C),25,0,19.24,15.674501586972392,6.0,9.0,11.0,21.0,65.0
2022,PP,Competitivos (F),25,0,4.2,2.70801280154532,1.0,3.0,3.0,5.0,11.0
2022,PP,Competitivos na lista (%),25,0,25.673158988736436,11.343268280279382,6.153846153846154,17.647058823529413,23.80952380952381,33.333333333333336,54.54545454545455
2022,PP,Bancada pré-eleitoral (Mp),25,0,2.24,1.7625738755203046,0.0,1.0,2.0,2.0,7.0
2022,PP,Eleitos (E),25,0,1.88,1.5088627063675035,0.0,0.0,2.0,3.0,4.0
2022,PP,NECr,25,0,7.48511724454206,2.976944743509891,2.5043478260869563,5.856989852816148,7.069032929455043,8.525310700212186,16.97303597275909
2022,PP,D = C − NECr,25,0,11.754882755457938,14.410397932306633,1.4746892997878138,2.252303578466342,5.025876460767947,13.13186714238865,56.572215935120056
2022,PP,Q = C / NECr,25,0,2.5266450315345357,1.6315510449146224,1.1729777777777777,1.3337885165193049,1.8944022161950744,2.862855103681974,7.712584885849937
2022,PP,NECr / Mp (Mp > 0),24,1,4.247339664376258,2.2004897888038992,1.2799349527358053,2.8224581513277944,3.7342914467665986,5.795115367472721,10.009875503051363
2022,PP,NECr / E (E > 0),18,7,3.554884318886405,1.5314590556897412,1.938190404674068,2.577688211597347,3.0720881140614105,4.06607336107421,6.835913459988796
2022,PP,NECr − E,25,0,5.60511724454206,2.3900304829742605,2.5043478260869563,4.0139460994965,4.750839036747217,6.796905544572555,12.973035972759089
2022,PP,Cobertura Top-NECr por lista (%),18,7,100.0,0.0,100.0,100.0,100.0,100.0,100.0
2022,PP,Precisão Top-NECr por lista (%),25,0,23.37194570135747,17.8043490228296,0.0,0.0,28.571428571428573,33.333333333333336,50.0
2022,PROS,Candidatos (C),22,0,15.454545454545455,16.165004154263595,3.0,5.5,9.0,13.75,59.0
2022,PROS,Competitivos (F),22,0,0.6363636363636364,1.2552918289216957,0.0,0.0,0.0,1.0,5.0
2022,PROS,Competitivos na lista (%),22,0,2.812408960474199,5.108648004760533,0.0,0.0,0.0,3.9951573849878934,16.666666666666668
2022,PROS,Bancada pré-eleitoral (Mp),22,0,0.18181818181818182,0.5010810823432182,0.0,0.0,0.0,0.0,2.0
2022,PROS,Eleitos (E),22,0,0.13636363636363635,0.3512500866571044,0.0,0.0,0.0,0.0,1.0
2022,PROS,NECr,14,8,4.6376721240083265,2.5367747749968985,1.0,2.742688536756006,4.419205128077374,7.067633204751519,8.010518387692798
2022,PROS,D = C − NECr,14,8,15.648042161705959,17.203596044964954,8.667689453289995e-06,3.782116760510672,7.809646579426552,20.556137101569213,51.67127667341708
2022,PROS,Q = C / NECr,14,8,4.828225114145866,4.034352908081223,1.0000028892381654,1.9761116116620367,3.5137082189009936,6.21222567331861,15.807771844297347
2022,PROS,NECr / Mp (Mp > 0),3,19,5.178380760122318,2.4590057720763627,3.5863666963885295,3.762311946337078,3.9382571962856265,5.974387791989212,8.010518387692798
2022,PROS,NECr / E (E > 0),3,19,6.181317906167291,3.05295262956043,2.656920938237826,5.266717665404539,7.876514392571253,7.943516390132025,8.010518387692798
2022,PROS,NECr − E,14,8,4.423386409722612,2.4298339533641515,1.0,2.0652152243819843,4.419205128077374,6.865587687172919,7.32872332658292
2022,PROS,Cobertura Top-NECr por lista (%),3,19,100.0,0.0,100.0,100.0,100.0,100.0,100.0
2022,PROS,Precisão Top-NECr por lista (%),14,8,4.166666666666667,9.529531248281094,0.0,0.0,0.0,0.0,33.333333333333336
2022,PRTB,Candidatos (C),19,0,15.526315789473685,15.291131856415745,3.0,7.0,10.0,16.5,59.0
2022,PRTB,Competitivos (F),19,0,0.05263157894736842,0.22941573387056177,0.0,0.0,0.0,0.0,1.0
2022,PRTB,Competitivos na lista (%),19,0,0.29239766081871343,1.2745318548364541,0.0,0.0,0.0,0.0,5.555555555555555
2022,PRTB,Bancada pré-eleitoral (Mp),19,0,0.0,0.0,0.0,0.0,0.0,0.0,0.0
2022,PRTB,Eleitos (E),19,0,0.0,0.0,0.0,0.0,0.0,0.0,0.0
2022,PRTB,NECr,17,2,5.926513540002561,7.118266358283633,1.0,2.0838809600075425,3.0,7.121650807568433,30.09952305116875
2022,PRTB,D = C − NECr,17,2,10.426427636468027,11.694526969694945,0.0,2.928038098679001,7.878349192431567,9.0,39.91611903999246
2022,PRTB,Q = C / NECr,17,2,4.353589148711232,4.7820165887593165,1.0,1.8376280018794693,2.1062532277009374,4.834771902556847,20.15470211880432
2022,PRTB,NECr / Mp (Mp > 0),0,19,,,,,,,
2022,PRTB,NECr / E (E > 0),0,19,,,,,,,
2022,PRTB,NECr − E,17,2,5.926513540002561,7.118266358283633,1.0,2.0838809600075425,3.0,7.121650807568433,30.09952305116875
2022,PRTB,Cobertura Top-NECr por lista (%),0,19,,,,,,,
2022,PRTB,Precisão Top-NECr por lista (%),17,2,0.0,0.0,0.0,0.0,0.0,0.0,0.0
2022,PSB,Candidatos (C),25,0,17.04,14.217008592996395,2.0,9.0,13.0,22.0,67.0
2022,PSB,Competitivos (F),25,0,2.68,2.055885859347903,0.0,2.0,2.0,4.0,7.0
2022,PSB,Competitivos na lista (%),25,0,18.555756793155417,17.701000972019948,0.0,7.317073170731708,13.043478260869565,22.22222222222222,60.0
2022,PSB,Bancada pré-eleitoral (Mp),25,0,0.96,1.019803902718557,0.0,0.0,1.0,1.0,5.0
2022,PSB,Eleitos (E),25,0,0.56,1.083205120618128,0.0,0.0,0.0,1.0,5.0
2022,PSB,NECr,24,1,6.1806572910252475,3.007994903380692,1.0,4.220144315714726,5.772377396178005,7.338142672492638,13.797605225292312
2022,PSB,D = C − NECr,24,1,11.486009375641421,12.861805629830132,1.2694838862099287,4.1121730648494825,6.210989811481481,15.685773696779341,55.62040888468387
2022,PSB,Q = C / NECr,24,1,3.1063558620724105,2.2721103635424225,1.1642172226955665,1.6867025024080178,2.414296103072264,3.25803945980603,9.520036815911265
2022,PSB,NECr / Mp (Mp > 0),18,7,5.55011850021152,2.3197046476513212,1.633900231119013,3.9684376242461012,5.7134118280373,6.791354539046474,11.709789861002553
2022,PSB,NECr / E (E > 0),9,16,6.071002058837581,3.3807807701528616,1.633900231119013,5.0431890715384275,5.689795557658066,6.850435913534023,13.797605225292312
2022,PSB,NECr − E,24,1,5.597323957691914,2.8525540255134585,1.0,3.7638533159830008,5.42083448098021,6.677839635246204,12.797605225292312
2022,PSB,Cobertura Top-NECr por lista (%),9,16,94.44444444444444,16.666666666666668,50.0,100.0,100.0,100.0,100.0
2022,PSB,Precisão Top-NECr por lista (%),24,1,8.082160894660895,14.665892366426212,0.0,0.0,0.0,14.285714285714286,62.5
2022,PSC,Candidatos (C),23,0,17.565217391304348,13.875505189677769,3.0,9.0,13.0,21.0,59.0
2022,PSC,Competitivos (F),23,0,1.3478260869565217,1.4650068461575656,0.0,0.0,1.0,2.5,5.0
2022,PSC,Competitivos na lista (%),23,0,8.932931374530273,12.307480468822437,0.0,0.0,5.084745762711864,12.549019607843139,50.0
2022,PSC,Bancada pré-eleitoral (Mp),23,0,0.34782608695652173,0.5727680517510726,0.0,0.0,0.0,1.0,2.0
2022,PSC,Eleitos (E),23,0,0.2608695652173913,0.540823555863717,0.0,0.0,0.0,0.0,2.0
2022,PSC,NECr,19,4,6.157216376006708,4.219125063252556,1.8910627205203954,3.7112165725840383,5.635187580853818,7.212645890088397,20.547842401500933
2022,PSC,D = C − NECr,19,4,13.737520466098557,13.805678587264305,1.648792363901321,6.5638556709478095,8.580410718414983,15.453353444024547,51.07474882990563
2022,PSC,Q = C / NECr,19,4,4.066706538579087,2.9756749954385278,1.224288640114693,1.5570701972242516,2.75054784514244,6.10189386183335,10.628371048015692
2022,PSC,NECr / Mp (Mp > 0),7,16,4.795770477971947,1.4116781206414795,3.6600468964319797,3.8625059168916414,4.233950790455463,5.300088094517113,7.351207636098679
2022,PSC,NECr / E (E > 0),5,18,4.841926081044706,2.2357042901882807,2.2097946407925084,3.6600468964319797,4.233950790455463,6.180586907449209,7.925251170094371
2022,PSC,NECr − E,19,4,5.841426902322497,4.338023899858341,1.8910627205203954,2.795807345066061,5.180586907449209,6.999667657086243,20.547842401500933
2022,PSC,Cobertura Top-NECr por lista (%),5,18,100.0,0.0,100.0,100.0,100.0,100.0,100.0
2022,PSC,Precisão Top-NECr por lista (%),19,4,6.798245614035089,13.552205750421383,0.0,0.0,0.0,6.25,50.0
2022,PSD,Candidatos (C),26,0,15.5,12.336125809993995,2.0,9.0,9.5,16.0,48.0
2022,PSD,Competitivos (F),26,0,4.076923076923077,4.498204770110644,0.0,1.25,3.0,5.0,22.0
2022,PSD,Competitivos na lista (%),26,0,24.3294116041881,16.14424637958034,0.0,12.5,22.22222222222222,34.19540229885058,55.55555555555556
2022,PSD,Bancada pré-eleitoral (Mp),26,0,1.8076923076923077,1.6252810407860117,0.0,0.25,1.5,3.0,5.0
2022,PSD,Eleitos (E),26,0,1.6153846153846154,1.9611613513818402,0.0,0.0,1.0,2.75,7.0
2022,PSD,NECr,25,1,7.262793765975947,4.442586447494019,1.5377529691525265,4.311710092202146,6.079019073998703,7.762879105995708,19.246232432930704
2022,PSD,D = C − NECr,25,1,8.777206234024053,8.773288939370406,1.2573726541554953,2.920980926001297,4.688289907797854,10.61137457759666,30.32279967401023
2022,PSD,Q = C / NECr,25,1,2.3842193137574537,1.2776492029634154,1.1623961218836565,1.4871624202562448,2.036017148477953,2.715362111353593,5.852695576299231
2022,PSD,NECr / Mp (Mp > 0),18,8,3.313940588530591,1.2307957235818743,1.9082677078984789,2.160700107442715,2.866013113108111,4.284834949372545,5.876090934693003
2022,PSD,NECr / E (E > 0),15,11,3.6712365109204437,1.7539714562487538,1.8126960762230346,2.272240234252207,3.192507491824981,4.657275953461306,7.600934886800204
2022,PSD,NECr − E,25,1,5.582793765975947,3.368216777965819,1.3886254224033405,3.239871708426729,4.876176457338207,6.9633558681179695,15.246232432930704
2022,PSD,Cobertura Top-NECr por lista (%),15,11,90.0,28.030595529069405,0.0,100.0,100.0,100.0,100.0
2022,PSD,Precisão Top-NECr por lista (%),25,1,17.801701222753856,19.574378902850473,0.0,0.0,12.5,33.333333333333336,54.54545454545455
2022,PSDB,Candidatos (C),25,0,11.72,10.41841318691735,1.0,5.0,9.0,14.0,43.0
2022,PSDB,Competitivos (F),25,0,1.72,2.150968773986891,0.0,0.0,1.0,3.0,9.0
2022,PSDB,Competitivos na lista (%),25,0,13.663068153504128,14.442422030686071,0.0,0.0,12.5,20.930232558139537,55.55555555555556
2022,PSDB,Bancada pré-eleitoral (Mp),25,0,0.84,1.518771433319269,0.0,0.0,0.0,1.0,7.0
2022,PSDB,Eleitos (E),25,0,0.52,0.9626352718795768,0.0,0.0,0.0,1.0,3.0
2022,PSDB,NECr,24,1,4.456595408422717,2.837221415986548,1.0,2.2766680536469233,4.011449789593956,5.6444281912423655,13.314037165521773
2022,PSDB,D = C − NECr,24,1,7.710071258243949,8.301627042469248,0.0,2.722159161440633,4.530355704790395,8.853803644714638,29.685962834478225
2022,PSDB,Q = C / NECr,24,1,2.751752199803215,1.3873694286876872,1.0,1.6751454871416764,2.584536043400786,3.250771143672809,5.927374059033378
2022,PSDB,NECr / Mp (Mp > 0),10,15,3.3351447443666102,1.6877514084818728,1.7332358856736134,2.092326771273473,2.9200496705991714,3.8005860688996833,7.401718121427825
2022,PSDB,NECr / E (E > 0),7,18,3.6906138434445066,0.8867239005111849,2.0086813146008304,3.468203853212237,3.8051802736381384,4.216474562013478,4.6510784854211495
2022,PSDB,NECr − E,24,1,3.9149287417560505,2.298105676514045,1.0,2.1671250220855875,3.204550284116627,5.269028546436883,10.314037165521773
2022,PSDB,Cobertura Top-NECr por lista (%),7,18,95.23809523809523,12.598815766974239,66.66666666666667,100.0,100.0,100.0,100.0
2022,PSDB,Precisão Top-NECr por lista (%),24,1,8.071581196581198,14.079259104351337,0.0,0.0,0.0,16.53846153846154,50.0
2022,PSOL,Candidatos (C),27,0,11.296296296296296,9.980037054096522,2.0,4.0,7.0,16.0,38.0
2022,PSOL,Competitivos (F),27,0,0.7037037037037037,1.5643827687920393,0.0,0.0,0.0,1.0,7.0
2022,PSOL,Competitivos na lista (%),27,0,4.455465097019964,8.76755680786554,0.0,0.0,0.0,5.718954248366013,33.333333333333336
2022,PSOL,Bancada pré-eleitoral (Mp),27,0,0.2962962962962963,0.7240279857964913,0.0,0.0,0.0,0.0,3.0
2022,PSOL,Eleitos (E),27,0,0.4444444444444444,1.3397282541141675,0.0,0.0,0.0,0.0,5.0
2022,PSOL,NECr,27,0,5.94373608497819,3.6919489443604894,1.51799917102556,3.1188720007723227,4.381563951663064,7.776135006169847,16.379922668795693
2022,PSOL,D = C − NECr,27,0,5.352560211318106,7.537436053595029,0.040541515699605846,0.47684999139857576,1.527336983471372,6.78550819923071,26.14583214114363
2022,PSOL,Q = C / NECr,27,0,1.8019852702905874,1.131974923279261,1.005093501747584,1.1187494299177352,1.3555562187306542,1.7865806833020315,5.852176019031347
2022,PSOL,NECr / Mp (Mp > 0),5,22,4.966450132257497,1.5431096328543457,3.9301620329265083,3.951389286285457,4.256206417649563,5.101681396386657,7.5928115280393
2022,PSOL,NECr / E (E > 0),4,23,3.9836199228229363,2.5433079551122666,2.040672558554663,2.2882933184671215,3.150497802348891,4.845824406704706,7.5928115280393
2022,PSOL,NECr − E,27,0,5.4992916405337455,3.3973278032424727,1.51799917102556,2.966879544896714,4.381563951663064,6.723489693447835,16.379922668795693
2022,PSOL,Cobertura Top-NECr por lista (%),4,23,100.0,0.0,100.0,100.0,100.0,100.0,100.0
2022,PSOL,Precisão Top-NECr por lista (%),27,0,4.78395061728395,13.008036208996405,0.0,0.0,0.0,0.0,50.0
2022,PSTU,Candidatos (C),13,0,2.769230769230769,2.454718115312026,1.0,1.0,2.0,3.0,9.0
2022,PSTU,Competitivos (F),13,0,0.0,0.0,0.0,0.0,0.0,0.0,0.0
2022,PSTU,Competitivos na lista (%),13,0,0.0,0.0,0.0,0.0,0.0,0.0,0.0
2022,PSTU,Bancada pré-eleitoral (Mp),13,0,0.0,0.0,0.0,0.0,0.0,0.0,0.0
2022,PSTU,Eleitos (E),13,0,0.0,0.0,0.0,0.0,0.0,0.0,0.0
2022,PSTU,NECr,11,2,1.8820872077512625,0.6891630359688847,1.0,1.3287671232876712,2.0,2.105854322668482,3.0880109824361606
2022,PSTU,D = C − NECr,11,2,1.2088218831578283,2.0027910569299765,0.0,0.0,0.0,1.7982304425923161,5.911989017563839
2022,PSTU,Q = C / NECr,11,2,1.4780205729129605,0.7358862662017872,1.0,1.0,1.0,1.8153722129694128,2.9144974066445246
2022,PSTU,NECr / Mp (Mp > 0),0,13,,,,,,,
2022,PSTU,NECr / E (E > 0),0,13,,,,,,,
2022,PSTU,NECr − E,11,2,1.8820872077512625,0.6891630359688847,1.0,1.3287671232876712,2.0,2.105854322668482,3.0880109824361606
2022,PSTU,Cobertura Top-NECr por lista (%),0,13,,,,,,,
2022,PSTU,Precisão Top-NECr por lista (%),11,2,0.0,0.0,0.0,0.0,0.0,0.0,0.0
2022,PT,Candidatos (C),27,0,13.296296296296296,13.569804756871084,2.0,4.5,8.0,15.0,57.0
2022,PT,Competitivos (F),27,0,4.148148148148148,3.879965341872406,0.0,2.0,3.0,5.5,16.0
2022,PT,Competitivos na lista (%),27,0,35.669674366089325,16.18771833128438,0.0,25.543478260869563,33.333333333333336,50.0,77.77777777777777
2022,PT,Bancada pré-eleitoral (Mp),27,0,2.074074074074074,2.182551892517739,0.0,1.0,1.0,2.5,8.0
2022,PT,Eleitos (E),27,0,2.5555555555555554,3.004270464795243,0.0,0.5,2.0,3.5,11.0
2022,PT,NECr,27,0,5.938484989462801,6.0445069665017535,1.2302000548095369,2.7263974252930967,3.486547300340961,6.202733649870247,28.26967840189715
2022,PT,D = C − NECr,27,0,7.357811306833495,8.054883200324998,0.20507400142348242,1.8609648091367568,3.766607037174624,10.160074999842138,28.73032159810285
2022,PT,Q = C / NECr,27,0,2.181009096926653,0.7160617586543112,1.0733736784186516,1.6560773719973367,2.016294603343446,2.5294612311986047,4.1415652633266244
2022,PT,NECr / Mp (Mp > 0),24,3,3.0546971133970153,1.8748379427461839,1.2145547190196213,1.9054511692237925,2.6609908336207875,3.4069101655724787,9.710044257831095
2022,PT,NECr / E (E > 0),20,7,2.4100533460838207,1.4731445453346084,1.1534351180097173,1.553446947418903,1.8742170771272617,2.47608871827312,6.390713176560139
2022,PT,NECr − E,27,0,3.3829294339072464,3.461948449399505,0.23020005480953687,1.4082025968794778,2.7949259985765176,3.5652626465378185,17.26967840189715
2022,PT,Cobertura Top-NECr por lista (%),20,7,98.75,5.5901699437494745,75.0,100.0,100.0,100.0,100.0
2022,PT,Precisão Top-NECr por lista (%),27,0,38.37375073486185,28.521061587416384,0.0,8.333333333333334,43.75,60.0,100.0
2022,PTB,Candidatos (C),26,0,18.153846153846153,16.03918279138263,4.0,9.0,10.0,18.75,70.0
2022,PTB,Competitivos (F),26,0,1.3846153846153846,1.444352396804134,0.0,0.0,1.0,2.75,5.0
2022,PTB,Competitivos na lista (%),26,0,7.8260567005318515,8.880792977172648,0.0,0.0,6.316489361702128,14.874551971326165,27.272727272727273
2022,PTB,Bancada pré-eleitoral (Mp),26,0,0.11538461538461539,0.32581259360842113,0.0,0.0,0.0,0.0,1.0
2022,PTB,Eleitos (E),26,0,0.038461538461538464,0.19611613513818402,0.0,0.0,0.0,0.0,1.0
2022,PTB,NECr,23,3,4.770522304153038,2.237635564979891,1.0761333136306894,3.2598095208154847,4.231007463464461,6.702074256454938,8.214149928427656
2022,PTB,D = C − NECr,23,3,14.88165160889044,16.18598557748199,0.8077622998452405,4.547623101489051,7.92386668636931,19.293075628842885,64.68930157695269
2022,PTB,Q = C / NECr,23,3,4.8791301764243205,4.133194699241085,1.0986009353500548,2.028868309814768,3.3404552131890393,6.303888205758313,17.17961767893676
2022,PTB,NECr / Mp (Mp > 0),3,23,3.9185857055354454,0.6058092298349836,3.292964371014155,3.6266690418464287,3.9603737126787024,4.231396372796091,4.50241903291348
2022,PTB,NECr / E (E > 0),1,25,4.50241903291348,,4.50241903291348,4.50241903291348,4.50241903291348,4.50241903291348,4.50241903291348
2022,PTB,NECr − E,23,3,4.727044043283472,2.2527459260179747,1.0761333136306894,3.2598095208154847,4.070796243963222,6.702074256454938,8.214149928427656
2022,PTB,Cobertura Top-NECr por lista (%),1,25,0.0,,0.0,0.0,0.0,0.0,0.0
2022,PTB,Precisão Top-NECr por lista (%),23,3,0.0,0.0,0.0,0.0,0.0,0.0,0.0
2022,PV,Candidatos (C),27,0,3.2222222222222223,2.4072539946735563,2.0,2.0,2.0,3.0,11.0
2022,PV,Competitivos (F),27,0,0.5555555555555556,0.6405126152203485,0.0,0.0,0.0,1.0,2.0
2022,PV,Competitivos na lista (%),27,0,16.283202394313506,19.48959560316099,0.0,0.0,0.0,33.333333333333336,50.0
2022,PV,Bancada pré-eleitoral (Mp),27,0,0.14814814814814814,0.36201399289824565,0.0,0.0,0.0,0.0,1.0
2022,PV,Eleitos (E),27,0,0.2222222222222222,0.42365927286816174,0.0,0.0,0.0,0.0,1.0
2022,PV,NECr,27,0,2.042550611793209,0.9533268661471843,1.0,1.4229176282551674,1.9129599009011198,1.9991078373735525,5.025736704331889
2022,PV,D = C − NECr,27,0,1.1796716104290133,1.7824781908550216,7.143500613260301e-08,0.1046687117435332,0.5387432036127047,1.4178187494686956,7.3949349104863344
2022,PV,Q = C / NECr,27,0,1.5708579637193887,0.6655902059489669,1.0000000357175043,1.0436066332885234,1.3686848231910052,1.8723989747119358,3.0512625228311574
2022,PV,NECr / Mp (Mp > 0),4,23,2.740416424571274,1.8185577457055102,1.2514026001614889,1.2893039955781544,2.3422631968958587,3.793375625888978,5.025736704331889
2022,PV,NECr / E (E > 0),6,21,1.9922156326386948,1.516590132791333,1.0,1.2640363986337109,1.3815972952188358,1.8000341247726637,5.025736704331889
2022,PV,NECr − E,27,0,1.8203283895709867,1.054301105968184,0.0,1.1105806312032565,1.8690379951495555,1.9991078373735525,4.025736704331889
2022,PV,Cobertura Top-NECr por lista (%),6,21,66.66666666666667,51.63977794943223,0.0,25.0,100.0,100.0,100.0
2022,PV,Precisão Top-NECr por lista (%),27,0,12.962962962962964,32.79479494521311,0.0,0.0,0.0,0.0,100.0
2022,REDE,Candidatos (C),25,0,6.96,6.809796864322264,1.0,3.0,4.0,8.0,27.0
2022,REDE,Competitivos (F),25,0,0.52,0.714142842854285,0.0,0.0,0.0,1.0,2.0
2022,REDE,Competitivos na lista (%),25,0,6.620919820919821,10.583521024915507,0.0,0.0,0.0,9.523809523809524,33.333333333333336
2022,REDE,Bancada pré-eleitoral (Mp),25,0,0.08,0.27688746209726917,0.0,0.0,0.0,0.0,1.0
2022,REDE,Eleitos (E),25,0,0.08,0.27688746209726917,0.0,0.0,0.0,0.0,1.0
2022,REDE,NECr,24,1,3.4905584842408035,2.973230848709861,1.0,1.8223179396962532,2.545561668511783,4.542642242468311,14.222963431454243
2022,REDE,D = C − NECr,24,1,3.6344415157591974,5.828127038127394,0.0,0.6649170728407883,1.5384347521728565,3.9834093658261325,24.124760467445142
2022,REDE,Q = C / NECr,24,1,2.2864061141127134,2.043793849979445,1.0,1.2215644636751999,1.6225,2.193051266815981,9.390521970184704
2022,REDE,NECr / Mp (Mp > 0),2,23,2.8472242967210866,0.8407129017419581,2.2527505028683286,2.549987399794708,2.8472242967210866,3.144461193647466,3.441698090573845
2022,REDE,NECr / E (E > 0),2,23,2.545561668511783,0.41409752166724845,2.2527505028683286,2.399156085690056,2.545561668511783,2.6919672513335104,2.838372834155238
2022,REDE,NECr − E,24,1,3.40722515090747,3.0139938780541997,1.0,1.5745339681703272,2.069677522088329,4.542642242468311,14.222963431454243
2022,REDE,Cobertura Top-NECr por lista (%),2,23,100.0,0.0,100.0,100.0,100.0,100.0,100.0
2022,REDE,Precisão Top-NECr por lista (%),24,1,3.4722222222222228,12.017666812654102,0.0,0.0,0.0,0.0,50.0
2022,REPUBLICANOS,Candidatos (C),27,0,18.85185185185185,15.84954186113836,7.0,9.0,11.0,21.5,68.0
2022,REPUBLICANOS,Competitivos (F),27,0,4.0,2.8956200345721097,1.0,2.5,3.0,5.0,15.0
2022,REPUBLICANOS,Competitivos na lista (%),27,0,25.66606713241089,13.879129214331417,6.25,12.771739130434781,22.22222222222222,33.333333333333336,53.84615384615385
2022,REPUBLICANOS,Bancada pré-eleitoral (Mp),27,0,1.5925925925925926,1.8241807277885949,0.0,1.0,1.0,2.0,9.0
2022,REPUBLICANOS,Eleitos (E),27,0,1.4814814814814814,1.4242506901841503,0.0,0.0,1.0,3.0,5.0
2022,REPUBLICANOS,NECr,27,0,7.768154893885434,3.9084420181724964,1.6331977082199467,5.46772928927395,7.008812396821059,9.66648549640999,19.187239077710334
2022,REPUBLICANOS,D = C − NECr,27,0,11.08369695796642,13.009899794170641,1.5617595537435447,3.522051389380846,5.494892457756578,12.742297611885885,48.81276092228967
2022,REPUBLICANOS,Q = C / NECr,27,0,2.4152614573760007,1.3522759578845822,1.2099635747227764,1.5745073336385618,2.0029180840519354,2.7231384619351715,6.735253144574339
2022,REPUBLICANOS,NECr / Mp (Mp > 0),21,6,4.766894298307065,2.7573443042347634,1.6331977082199467,3.152442317019726,3.5747260727708756,5.644198886175106,13.629380883446684
2022,REPUBLICANOS,NECr / E (E > 0),17,10,4.295731009891887,2.754147820523315,1.738040450194346,2.3831507151805837,3.837447815542067,4.838228506211375,11.882207068008283
2022,REPUBLICANOS,NECr − E,27,0,6.286673412403952,3.442798720291288,1.476080900388692,4.079132271181406,5.644198886175106,8.16648549640999,14.187239077710334
2022,REPUBLICANOS,Cobertura Top-NECr por lista (%),17,10,100.0,0.0,100.0,100.0,100.0,100.0,100.0
2022,REPUBLICANOS,Precisão Top-NECr por lista (%),27,0,20.175129180977134,20.66961568712183,0.0,0.0,20.0,33.333333333333336,66.66666666666667
2022,SOLIDARIEDADE,Candidatos (C),24,0,15.541666666666666,13.80604519976561,4.0,7.0,9.5,19.0,54.0
2022,SOLIDARIEDADE,Competitivos (F),24,0,1.2916666666666667,1.5457984194658723,0.0,0.0,1.0,3.0,5.0
2022,SOLIDARIEDADE,Competitivos na lista (%),24,0,8.79552972638079,10.654083453935012,0.0,0.0,5.969267139479905,14.880952380952381,38.46153846153846
2022,SOLIDARIEDADE,Bancada pré-eleitoral (Mp),24,0,0.3333333333333333,0.48154341234307685,0.0,0.0,0.0,1.0,1.0
2022,SOLIDARIEDADE,Eleitos (E),24,0,0.16666666666666666,0.38069349381344053,0.0,0.0,0.0,0.0,1.0
2022,SOLIDARIEDADE,NECr,22,2,6.200756611728417,4.5305905600879735,1.47585601404741,2.972603344645785,4.667688396637651,7.697752409276423,16.625583194295245
2022,SOLIDARIEDADE,D = C − NECr,22,2,10.071970660998856,11.683947514896133,0.22900763358778775,2.457686196708398,7.592992046363351,10.058247233470624,42.89854554543884
2022,SOLIDARIEDADE,Q = C / NECr,22,2,2.9920441513872684,2.3131944859062203,1.0480000000000003,1.5357170168083072,2.372431043994972,3.614701360458672,11.459349487041633
2022,SOLIDARIEDADE,NECr / Mp (Mp > 0),8,16,7.733092798306679,4.459529913475166,2.8622651131772003,4.535829712031766,6.170707181153679,10.841137155824594,15.303993633062348
2022,SOLIDARIEDADE,NECr / E (E > 0),4,20,8.165622708259548,5.789891665965565,2.8622651131772003,3.7916571192151665,7.248116043399323,11.622081632443704,15.303993633062348
2022,SOLIDARIEDADE,NECr − E,22,2,6.018938429910236,4.464703188485912,1.47585601404741,2.972603344645785,4.667688396637651,7.697752409276423,16.625583194295245
2022,SOLIDARIEDADE,Cobertura Top-NECr por lista (%),4,20,100.0,0.0,100.0,100.0,100.0,100.0,100.0
2022,SOLIDARIEDADE,Precisão Top-NECr por lista (%),22,2,3.4090909090909096,8.796302625247717,0.0,0.0,0.0,0.0,33.333333333333336
2022,UNIAO,Candidatos (C),26,0,19.03846153846154,15.57043549610805,7.0,9.0,10.5,25.25,66.0
2022,UNIAO,Competitivos (F),26,0,5.0,4.46318272088428,0.0,3.0,4.0,4.75,20.0
2022,UNIAO,Competitivos na lista (%),26,0,29.39119745997774,14.57667028719958,0.0,17.803030303030305,30.952380952380956,42.209011264080104,55.55555555555556
2022,UNIAO,Bancada pré-eleitoral (Mp),26,0,2.0384615384615383,2.2712246781112473,0.0,1.0,1.0,2.0,8.0
2022,UNIAO,Eleitos (E),26,0,2.269230769230769,1.8233527866585184,0.0,1.0,2.0,3.0,6.0
2022,UNIAO,NECr,26,0,10.735001830436055,7.657318821075746,3.993508416801347,6.402296154334198,7.790057327066785,10.192764274243336,37.6766117799526
2022,UNIAO,D = C − NECr,26,0,8.303459708025482,8.983117955352762,1.2045919483286767,2.2200093076321643,4.500515410462179,9.73299710465695,32.14186057951649
2022,UNIAO,Q = C / NECr,26,0,1.73474506304612,0.6226628631246847,1.154525836280041,1.2828778858134058,1.6396066762261812,1.9230592544414313,4.014622335736482
2022,UNIAO,NECr / Mp (Mp > 0),20,6,5.477596575399741,2.411199184864722,1.9967542084006735,3.657139494565478,5.083127389249602,7.052700328119532,10.340614356346682
2022,UNIAO,NECr / E (E > 0),22,4,4.818028723833025,2.3191279868754036,1.9488520129178308,3.1557753894372245,3.845706938887986,6.740166002338033,9.780468573922851
2022,UNIAO,NECr − E,26,0,8.465771061205288,6.416607863682314,1.993508416801347,4.457374159860898,6.043869950910191,8.73701377000764,31.6766117799526
2022,UNIAO,Cobertura Top-NECr por lista (%),22,4,98.86363636363636,5.330017908890261,75.0,100.0,100.0,100.0,100.0
2022,UNIAO,Precisão Top-NECr por lista (%),26,0,21.33496742456433,14.242876416662705,0.0,12.946428571428571,20.0,30.576923076923077,50.0
2022,UP,Candidatos (C),13,0,1.3846153846153846,0.6504436355879909,1.0,1.0,1.0,2.0,3.0
2022,UP,Competitivos (F),13,0,0.0,0.0,0.0,0.0,0.0,0.0,0.0
2022,UP,Competitivos na lista (%),13,0,0.0,0.0,0.0,0.0,0.0,0.0,0.0
2022,UP,Bancada pré-eleitoral (Mp),13,0,0.0,0.0,0.0,0.0,0.0,0.0,0.0
2022,UP,Eleitos (E),13,0,0.0,0.0,0.0,0.0,0.0,0.0,0.0
2022,UP,NECr,13,0,1.282640435078177,0.5626221919636201,1.0,1.0,1.0,1.014618290366188,2.7170665743498352
2022,UP,D = C − NECr,13,0,0.1019749495372076,0.2767471375419503,0.0,0.0,0.0,0.0005741285475768798,0.985381709633812
2022,UP,Q = C / NECr,13,0,1.0849866134695063,0.2678621676579017,1.0,1.0,1.0,1.0002871467033483,1.9711846504148627
2022,UP,NECr / Mp (Mp > 0),0,13,,,,,,,
2022,UP,NECr / E (E > 0),0,13,,,,,,,
2022,UP,NECr − E,13,0,1.282640435078177,0.5626221919636201,1.0,1.0,1.0,1.014618290366188,2.7170665743498352
2022,UP,Cobertura Top-NECr por lista (%),0,13,,,,,,,
2022,UP,Precisão Top-NECr por lista (%),13,0,0.0,0.0,0.0,0.0,0.0,0.0,0.0
