ano_eleicao,sg_uf,nr_candidato,gasto_bruto,exclusao_2022,registros
2018,AC,1010,850000.0,0.0,43
2018,AL,2121,2913.2,0.0,5
2018,AL,2888,59883.13,0.0,6
2018,AL,3189,763.9,0.0,4
2018,AL,5400,500.0,0.0,1
2018,AM,1200,10000.0,0.0,16
2018,AM,1224,10000.0,0.0,8
2018,AM,1255,10000.0,0.0,8
2018,AM,1555,100009.7,0.0,2
2018,AM,4300,5000.0,0.0,5
2018,AM,7023,1013.2,0.0,3
2018,AM,7700,30000.0,0.0,19
2018,AP,1125,29937.2,0.0,18
2018,AP,1212,520816.75,0.0,18
2018,AP,1300,364000.0,0.0,21
2018,AP,1310,24312.0,0.0,6
2018,AP,1312,364000.0,0.0,75
2018,AP,1313,475516.85,0.0,81
2018,AP,1333,19000.0,0.0,2
2018,AP,1365,9540.75,0.0,11
2018,AP,1380,13145.12,0.0,4
2018,AP,1399,9990.0,0.0,7
2018,AP,2200,100000.0,0.0,11
2018,AP,2323,69000.0,0.0,9
2018,AP,2580,150000.0,0.0,11
2018,AP,5151,200000.0,0.0,9
2018,BA,1300,919300.41,0.0,488
2018,BA,1332,9973.8,0.0,8
2018,BA,1446,15160.0,0.0,8
2018,BA,1515,99980.27,0.0,11
2018,BA,1530,20000.0,0.0,8
2018,BA,1589,23.1,0.0,1
2018,BA,1707,4470.0,0.0,3
2018,BA,1712,1453.0,0.0,5
2018,BA,1720,6.6,0.0,1
2018,BA,1744,29287.88,0.0,19
2018,BA,1774,800.0,0.0,1
2018,BA,1778,3600.0,0.0,2
2018,BA,1789,27538.0,0.0,3
2018,BA,2233,6649.9,0.0,5
2018,BA,2829,100.0,0.0,4
2018,BA,3626,1295.0,0.0,3
2018,BA,6555,500474.92,0.0,205
2018,BA,7077,6000.0,0.0,2
2018,CE,2121,21070.78,0.0,5
2018,CE,2377,10000.0,0.0,4
2018,CE,3617,2485.0,0.0,3
2018,CE,3690,4986.8,0.0,5
2018,CE,5004,2600.07,0.0,3
2018,CE,5080,10.0,0.0,1
2018,CE,5440,3713.2,0.0,3
2018,DF,1400,200000.0,0.0,106
2018,DF,1414,904364.77,0.0,535
2018,DF,1421,23091.64,0.0,43
2018,DF,1456,79675.05,0.0,73
2018,DF,2717,3500.0,0.0,7
2018,DF,2810,8000.0,0.0,3
2018,DF,3500,507.5,0.0,1
2018,DF,4499,63058.15,0.0,26
2018,DF,9099,750.0,0.0,1
2018,ES,1202,27139.78,0.0,62
2018,ES,1334,10000.0,0.0,7
2018,ES,1823,800.0,0.0,1
2018,ES,2322,22310.0,0.0,27
2018,ES,5505,40028.17,0.0,30
2018,GO,1308,15404.0,0.0,11
2018,GO,1555,2600.0,0.0,5
2018,GO,3170,10000.0,0.0,9
2018,GO,3555,22848.22,0.0,28
2018,GO,4438,4395.85,0.0,3
2018,GO,4567,13.2,0.0,1
2018,GO,5190,7200.0,0.0,4
2018,MA,1165,596000.0,0.0,277
2018,MA,1310,11385.0,0.0,10
2018,MA,1320,14993.2,0.0,4
2018,MA,1345,82015.0,0.0,7
2018,MA,1355,15013.2,0.0,12
2018,MA,1366,32.27,0.0,1
2018,MA,2744,3650.0,0.0,1
2018,MA,3678,9970.0,0.0,3
2018,MA,4433,34989.8,0.0,16
2018,MA,4570,100000.0,0.0,2
2018,MA,5400,10000.06,0.0,4
2018,MG,1107,313.55,0.0,4
2018,MG,1389,17883.4,0.0,15
2018,MG,1714,1061.0,0.0,2
2018,MG,1901,15000.0,0.0,6
2018,MG,1939,20000.0,0.0,10
2018,MG,2829,900.0,0.0,1
2018,MG,3138,24715.5,0.0,35
2018,MG,3310,954.0,0.0,1
2018,MG,3322,37209.72,0.0,36
2018,MG,3330,5120.0,0.0,4
2018,MG,3369,308.3,0.0,3
2018,MG,4399,400.0,0.0,2
2018,MG,5166,9085.0,0.0,6
2018,MG,5401,400.0,0.0,2
2018,MG,7021,86520.68,0.0,183
2018,MS,1111,1417007.03,0.0,745
2018,MS,1522,17496.23,0.0,40
2018,MS,1533,29998.35,0.0,20
2018,MT,1122,2412651.25,0.0,573
2018,MT,2727,22131.46,0.0,9
2018,MT,2777,20897.170000000002,0.0,11
2018,MT,2789,18298.0,0.0,10
2018,MT,2800,13250.0,0.0,10
2018,MT,2810,7243.35,0.0,12
2018,MT,2828,5580.0,0.0,12
2018,MT,2888,2000.0,0.0,11
2018,MT,7007,60016.38,0.0,25
2018,MT,7025,35000.0,0.0,48
2018,MT,7045,2575.0,0.0,1
2018,MT,7070,29054.0,0.0,14
2018,MT,7090,1310.0,0.0,1
2018,PA,3666,30000.0,0.0,15
2018,PA,4333,28500.0,0.0,20
2018,PA,9080,4046.55,0.0,6
2018,PB,1707,30973.35,0.0,36
2018,PB,1818,16115.52,0.0,19
2018,PB,2233,850.0,0.0,5
2018,PB,3117,5000.0,0.0,13
2018,PB,4044,10800.29,0.0,10
2018,PB,5556,3510.58,0.0,7
2018,PB,7033,46.2,0.0,1
2018,PE,1100,11400.0,0.0,3
2018,PE,2828,13.2,0.0,1
2018,PE,3060,58479.21,0.0,29
2018,PE,5140,3000.0,0.0,9
2018,PE,5180,3000.0,0.0,2
2018,PI,4000,3400.0,0.0,3
2018,PI,4344,3920.0,0.0,3
2018,PI,4512,51888.2,0.0,4
2018,PI,5151,12247.92,0.0,11
2018,PR,1211,30012.5,0.0,25
2018,PR,1244,80598.73,0.0,33
2018,PR,1511,9900.0,0.0,20
2018,PR,1780,37843.24,0.0,27
2018,PR,4567,25000.0,0.0,14
2018,PR,5012,5479.6,0.0,10
2018,RJ,1204,14959.17,0.0,9
2018,RJ,1313,1173477.13,0.0,355
2018,RJ,1508,516297.38,0.0,402
2018,RJ,1551,3012.5,0.0,3
2018,RJ,1706,3994.15,0.0,17
2018,RJ,1722,3000.0,0.0,5
2018,RJ,1734,3000.0,0.0,14
2018,RJ,1735,676.75,0.0,2
2018,RJ,1737,2857.1400000000003,0.0,4
2018,RJ,1822,4980.0,0.0,4
2018,RJ,1901,462.05,0.0,3
2018,RJ,2291,10984.45,0.0,14
2018,RJ,2797,3500.0,0.0,4
2018,RJ,2816,721.47,0.0,7
2018,RJ,2898,4018.4,0.0,2
2018,RJ,3114,3000.0,0.0,7
2018,RJ,3504,3600.0,0.0,5
2018,RJ,3542,7854.35,0.0,7
2018,RJ,3568,13992.8,0.0,27
2018,RJ,4020,21170.0,0.0,48
2018,RJ,4099,7653.0,0.0,11
2018,RJ,4311,4500.0,0.0,3
2018,RJ,4313,4550.0,0.0,15
2018,RJ,4367,86632.82,0.0,3
2018,RJ,4369,4473.2,0.0,3
2018,RJ,4370,4500.0,0.0,13
2018,RJ,4452,250.0,0.0,1
2018,RJ,4457,2000.0,0.0,1
2018,RJ,4475,1449.3899999999999,0.0,2
2018,RJ,4478,1000.0,0.0,2
2018,RJ,5090,1448.85,0.0,9
2018,RJ,5402,800.0,0.0,4
2018,RJ,5420,630.0,0.0,3
2018,RJ,5445,300.0,0.0,2
2018,RJ,5455,537.7,0.0,5
2018,RJ,5488,626.75,0.0,6
2018,RJ,5516,170.0,0.0,2
2018,RJ,5555,881277.42,0.0,254
2018,RJ,5591,1069.35,0.0,5
2018,RJ,7018,269.94,0.0,1
2018,RJ,7720,30000.0,0.0,8
2018,RJ,7732,500.0,0.0,1
2018,RJ,9000,651721.27,0.0,135
2018,RO,1230,104669.96,0.0,163
2018,RO,1300,377872.41,0.0,264
2018,RO,1315,14880.0,0.0,12
2018,RO,1520,12676.6,0.0,11
2018,RO,1701,2493.2,0.0,4
2018,RO,2018,2500.0,0.0,3
2018,RO,2323,7885.3,0.0,14
2018,RO,2777,13.2,0.0,1
2018,RO,4310,12119.5,0.0,4
2018,RR,1010,594578.95,0.0,260
2018,RR,1919,19850.5,0.0,6
2018,RR,2201,21420.0,0.0,11
2018,RR,2205,29500.0,0.0,6
2018,RR,2222,49963.2,0.0,16
2018,RS,1510,460735.99,0.0,93
2018,RS,1666,737.95,0.0,4
2018,RS,1780,3000.0,0.0,2
2018,RS,1801,77200.0,0.0,65
2018,RS,1919,2500.14,0.0,2
2018,RS,3131,28757.36,0.0,18
2018,RS,3141,205000.0,0.0,117
2018,RS,4054,832.5,0.0,2
2018,SC,1551,856.0,0.0,3
2018,SC,5150,2713.55,0.0,4
2018,SC,5555,508938.39,0.0,290
2018,SE,1700,2400.0,0.0,3
2018,SE,1711,6259.5,0.0,9
2018,SE,1726,1100.0,0.0,3
2018,SE,2090,320775.3,0.0,135
2018,SE,3636,329891.72,0.0,6
2018,SE,4444,5102.13,0.0,6
2018,SP,1054,1072.5,0.0,5
2018,SP,1057,137876.32,0.0,262
2018,SP,1086,10000.0,0.0,7
2018,SP,1202,4963.2,0.0,10
2018,SP,1209,25258.83,0.0,37
2018,SP,1212,717819.47,0.0,211
2018,SP,1252,2019.8,0.0,5
2018,SP,1253,7619.58,0.0,14
2018,SP,1328,15156.39,0.0,20
2018,SP,1329,2043.37,0.0,5
2018,SP,1330,96412.1,0.0,44
2018,SP,1393,900.0,0.0,2
2018,SP,1566,107371.25,0.0,51
2018,SP,1706,20500.0,0.0,8
2018,SP,1722,42467.0,0.0,28
2018,SP,1747,10000.0,0.0,6
2018,SP,1780,39850.0,0.0,18
2018,SP,1950,53176.1,0.0,76
2018,SP,1998,7200.0,0.0,5
2018,SP,2700,1400.0,0.0,2
2018,SP,2709,600.0,0.0,1
2018,SP,2710,205.0,0.0,1
2018,SP,2711,2338.85,0.0,5
2018,SP,2712,1006.6,0.0,2
2018,SP,2724,2576.23,0.0,5
2018,SP,2734,957.39,0.0,6
2018,SP,2745,600.0,0.0,1
2018,SP,2762,2054.5,0.0,6
2018,SP,2765,3660.9,0.0,7
2018,SP,2772,2667.5,0.0,13
2018,SP,2799,13353.0,0.0,44
2018,SP,2817,33098.2,0.0,20
2018,SP,2819,1500.0,0.0,2
2018,SP,2820,2340.0,0.0,5
2018,SP,2840,3954.0,0.0,1
2018,SP,2844,1499.05,0.0,4
2018,SP,2858,390.0,0.0,1
2018,SP,2865,1500.0,0.0,2
2018,SP,2867,1488.85,0.0,2
2018,SP,2894,1320.0,0.0,5
2018,SP,2898,38.07,0.0,1
2018,SP,3018,1890.0,0.0,3
2018,SP,3122,5000.0,0.0,7
2018,SP,3190,5000.0,0.0,1
2018,SP,3325,1500.0,0.0,1
2018,SP,4331,7835.0,0.0,7
2018,SP,4358,600.0,0.0,2
2018,SP,4363,11653.55,0.0,18
2018,SP,4376,10894.8,0.0,8
2018,SP,4399,17710.8,0.0,23
2018,SP,4507,100003.28,0.0,101
2018,SP,4530,803665.9,0.0,341
2018,SP,4536,20313.47,0.0,20
2018,SP,5065,8651.83,0.0,15
2018,SP,5112,618.85,0.0,2
2018,SP,5115,4292.2,0.0,5
2018,SP,7064,880.0,0.0,3
2018,SP,7700,49972.27,0.0,42
2018,SP,7739,11745.2,0.0,11
2018,SP,9046,41077.22,0.0,50
2018,TO,3111,763.2,0.0,4
2018,TO,4020,1500.0,0.0,1
2022,AC,3647,2416.35,0.0,3
2022,AC,5000,12000.0,0.0,6
2022,AC,5050,9956.0,0.0,7
2022,AC,9010,22484.0,10000.0,10
2022,AC,9022,10000.0,10000.0,2
2022,AL,4411,1350000.0,240000.0,101
2022,AL,7000,30000.0,9000.0,7
2022,AM,3637,2.0,0.0,1
2022,AM,7777,5000.0,5000.0,2
2022,AM,9007,600.0,600.0,2
2022,AP,1001,430186.35,180000.0,18
2022,AP,1478,99559.6,18000.0,34
2022,AP,4000,35000.0,3500.0,3
2022,BA,1167,802011.65,12000.0,20
2022,BA,1419,105.0,0.0,1
2022,BA,2299,199910.89,28940.0,12
2022,BA,3670,10000.0,0.0,2
2022,BA,4407,77.4,0.0,1
2022,BA,5556,1250.0,0.0,1
2022,BA,7701,20049.1,5000.0,6
2022,BA,9009,21.95,0.0,1
2022,BA,9018,10000.01,0.0,5
2022,BA,9099,206.0,0.0,2
2022,CE,1600,8351.3,2500.0,7
2022,CE,4022,100352.7,25000.0,81
2022,CE,5512,1892.7,0.0,2
2022,CE,5557,322554.03,13500.0,10
2022,DF,1310,51230.56,0.0,23
2022,DF,1555,492596.61,50966.66,178
2022,DF,2200,2179867.58,0.0,564
2022,DF,7790,29295.16,3000.0,10
2022,ES,7022,600.0,600.0,1
2022,GO,1177,7234.0,6500.0,8
2022,GO,1260,5000.0,0.0,1
2022,GO,1525,25200.0,3030.0,26
2022,GO,1909,10000.0,0.0,4
2022,GO,1922,48.0,0.0,1
2022,GO,2220,20000.0,0.0,9
2022,MA,1951,299999.69,30000.0,115
2022,MA,2028,1526.0,0.0,2
2022,MA,4080,600.0,600.0,2
2022,MA,9001,299860.3,80000.0,17
2022,MG,1411,300.0,0.0,1
2022,MG,1812,5020.9,0.0,2
2022,MG,1923,800.0,0.0,1
2022,MG,2234,499932.13,25000.0,87
2022,MG,3535,8676.0,0.0,4
2022,MG,4064,16.0,0.0,1
2022,MG,5170,15024.85,15000.0,5
2022,MG,5582,2280.0,0.0,1
2022,MS,1919,325479.03,0.0,188
2022,MS,2202,42000.0,6000.0,6
2022,MS,9009,43.9,0.0,2
2022,PA,4420,35530.0,5000.0,7
2022,PA,5533,113714.0,45000.0,14
2022,PB,1113,200000.0,15000.0,25
2022,PB,1322,24919.44,8000.0,7
2022,PB,2833,1000.0,0.0,1
2022,PB,2877,7000.0,0.0,3
2022,PB,4500,13864.28,0.0,14
2022,PE,1025,72270.0,0.0,72
2022,PE,1312,14766.0,0.0,6
2022,PE,1444,27982.0,2500.0,18
2022,PE,1909,10000.0,0.0,4
2022,PE,4313,2956.0,0.0,3
2022,PE,4550,240000.0,10000.0,13
2022,PE,4582,22.0,0.0,1
2022,PI,1825,1700.0,1700.0,2
2022,PI,4486,199688.43,73000.0,14
2022,PI,5132,49998.0,4000.0,8
2022,PR,1012,30000.0,1050.0,28
2022,PR,1451,21000.0,0.0,18
2022,PR,2009,4500.0,4500.0,2
2022,PR,2056,10000.0,500.0,5
2022,PR,3511,499.48,0.0,2
2022,PR,3553,1700.0,0.0,7
2022,PR,4401,41627.72,0.0,26
2022,RJ,1178,20477.95,1500.0,9
2022,RJ,1250,51918.56,2424.0,36
2022,RJ,1505,50475.0,0.0,39
2022,RJ,2810,300.0,300.0,1
2022,RJ,3677,102989.8,0.0,3
2022,RJ,7015,79971.39,23500.0,20
2022,RJ,7027,159828.61,8000.0,122
2022,RJ,7066,49350.0,2000.0,48
2022,RJ,7085,62775.4,2500.0,68
2022,RO,1122,64483.5,0.0,8
2022,RO,1125,51454.28,35000.0,11
2022,RO,1199,40721.2,9000.0,41
2022,RO,3606,15000.0,5000.0,4
2022,RO,3611,6800.0,0.0,5
2022,RO,5015,6066.0,0.0,3
2022,RR,2233,206933.7,56700.0,26
2022,RR,4040,8000.0,5000.0,3
2022,RR,5122,26900.0,2000.0,10
2022,RR,6513,1003.2,1000.0,2
2022,RR,7788,5000.0,5000.0,2
2022,RS,1300,118155.08,19000.0,33
2022,RS,2225,34341.0,2800.0,24
2022,RS,4434,3000.0,3000.0,2
2022,RS,5108,4000.0,4000.0,1
2022,SC,7011,49998.0,20000.0,7
2022,SC,7707,7345.0,0.0,5
2022,SE,2211,146154.26,39000.0,21
2022,SE,3311,10001.0,0.0,2
2022,SE,5190,63633.15,0.0,13
2022,SE,7788,700.0,0.0,1
2022,SP,1125,980.0,650.0,2
2022,SP,1160,1810.8,0.0,2
2022,SP,1210,16.5,0.0,2
2022,SP,1422,244860.26,8000.0,15
2022,SP,1440,180000.0,0.0,1
2022,SP,2066,10000.0,0.0,1
2022,SP,2713,5000.0,0.0,2
2022,SP,2777,4998.04,0.0,13
2022,SP,2788,5000.0,0.0,3
2022,SP,3013,850.0,0.0,1
2022,SP,3306,4347.0,1212.0,7
2022,SP,3632,5000.0,0.0,4
2022,SP,4093,39013.9,36100.0,5
2022,SP,4550,11000.0,6000.0,2
2022,SP,5161,10000.0,0.0,2
2022,SP,5556,6477.0,2424.0,5
2022,TO,1144,200.0,0.0,2
2022,TO,4422,300000.0,26748.0,19
2022,TO,4490,159678.85,0.0,23
